trip_id,rider_id,driver_id,request_datetime,actual_cancelled,predicted_cancel_probability,predicted_cancelled,risk_tier,model_used
36001,2870,133,2025-08-31 14:59:00,1,0.4597,1,Medium,Random Forest
36002,2962,370,2025-08-31 15:07:00,0,0.1561,0,Low,Random Forest
36003,1478,262,2025-08-31 15:39:00,1,0.1306,0,Low,Random Forest
36004,1560,436,2025-08-31 15:41:00,0,0.2195,0,Low,Random Forest
36005,2725,318,2025-08-31 15:59:00,0,0.2835,0,Low,Random Forest
36006,255,406,2025-08-31 16:09:00,0,0.1295,0,Low,Random Forest
36007,385,130,2025-08-31 16:17:00,0,0.1549,0,Low,Random Forest
36008,1285,370,2025-08-31 16:19:00,0,0.1399,0,Low,Random Forest
36009,2205,124,2025-08-31 16:25:00,0,0.1365,0,Low,Random Forest
36010,1676,159,2025-08-31 16:27:00,0,0.168,0,Low,Random Forest
36012,113,349,2025-08-31 16:32:00,0,0.1571,0,Low,Random Forest
36011,482,106,2025-08-31 16:32:00,0,0.155,0,Low,Random Forest
36013,1951,361,2025-08-31 16:36:00,0,0.1732,0,Low,Random Forest
36014,419,181,2025-08-31 16:36:00,0,0.1981,0,Low,Random Forest
36015,255,42,2025-08-31 16:52:00,0,0.181,0,Low,Random Forest
36016,2928,68,2025-08-31 17:01:00,0,0.1814,0,Low,Random Forest
36017,1658,363,2025-08-31 17:08:00,0,0.1164,0,Low,Random Forest
36018,2039,411,2025-08-31 17:09:00,0,0.3605,1,Medium,Random Forest
36019,434,406,2025-08-31 17:09:00,0,0.125,0,Low,Random Forest
36020,1637,371,2025-08-31 17:14:00,0,0.1444,0,Low,Random Forest
36021,1101,351,2025-08-31 17:23:00,0,0.1442,0,Low,Random Forest
36022,1875,376,2025-08-31 17:25:00,0,0.1205,0,Low,Random Forest
36023,2834,442,2025-08-31 17:29:00,0,0.1526,0,Low,Random Forest
36024,1087,33,2025-08-31 17:34:00,0,0.2069,0,Low,Random Forest
36025,565,337,2025-08-31 17:41:00,1,0.2505,0,Low,Random Forest
36026,2607,435,2025-08-31 17:41:00,0,0.1737,0,Low,Random Forest
36027,48,106,2025-08-31 17:45:00,0,0.1421,0,Low,Random Forest
36028,1101,275,2025-08-31 17:47:00,0,0.1649,0,Low,Random Forest
36029,2708,285,2025-08-31 17:54:00,0,0.4302,1,Medium,Random Forest
36030,1450,296,2025-08-31 17:58:00,0,0.142,0,Low,Random Forest
36031,175,311,2025-08-31 17:59:00,0,0.1392,0,Low,Random Forest
36032,2209,338,2025-08-31 18:07:00,1,0.8112,1,High,Random Forest
36033,2861,241,2025-08-31 18:12:00,0,0.1719,0,Low,Random Forest
36034,1455,376,2025-08-31 18:14:00,0,0.1989,0,Low,Random Forest
36035,1101,262,2025-08-31 18:19:00,0,0.2297,0,Low,Random Forest
36036,689,370,2025-08-31 18:20:00,0,0.2963,0,Low,Random Forest
36037,67,433,2025-08-31 18:21:00,0,0.2338,0,Low,Random Forest
36038,1745,236,2025-08-31 18:24:00,0,0.2623,0,Low,Random Forest
36039,2914,231,2025-08-31 18:29:00,1,0.4076,1,Medium,Random Forest
36040,1875,241,2025-08-31 18:55:00,0,0.228,0,Low,Random Forest
36041,2966,252,2025-08-31 18:57:00,0,0.2203,0,Low,Random Forest
36042,171,236,2025-08-31 18:58:00,1,0.2657,0,Low,Random Forest
36043,929,316,2025-08-31 19:07:00,0,0.2474,0,Low,Random Forest
36044,2434,73,2025-08-31 19:07:00,1,0.2833,0,Low,Random Forest
36045,1816,21,2025-08-31 19:10:00,1,0.7855,1,High,Random Forest
36046,551,99,2025-08-31 19:13:00,0,0.3765,1,Medium,Random Forest
36047,2642,275,2025-08-31 19:14:00,0,0.1742,0,Low,Random Forest
36048,1089,370,2025-08-31 19:16:00,0,0.3199,1,Medium,Random Forest
36049,171,370,2025-08-31 19:20:00,0,0.1781,0,Low,Random Forest
36050,1989,6,2025-08-31 19:23:00,0,0.2739,0,Low,Random Forest
36051,2397,370,2025-08-31 19:30:00,0,0.1887,0,Low,Random Forest
36052,2577,124,2025-08-31 19:39:00,0,0.2603,0,Low,Random Forest
36053,1691,231,2025-08-31 19:55:00,0,0.3631,1,Medium,Random Forest
36054,1854,323,2025-08-31 19:55:00,0,0.2472,0,Low,Random Forest
36055,28,426,2025-08-31 19:59:00,0,0.2451,0,Low,Random Forest
36056,2791,60,2025-08-31 20:02:00,1,0.2896,0,Low,Random Forest
36057,163,241,2025-08-31 20:04:00,0,0.2952,0,Low,Random Forest
36058,1517,77,2025-08-31 20:06:00,0,0.2912,0,Low,Random Forest
36059,1463,363,2025-08-31 20:14:00,1,0.244,0,Low,Random Forest
36060,254,433,2025-08-31 20:22:00,1,0.3037,1,Medium,Random Forest
36061,261,328,2025-08-31 20:36:00,0,0.1926,0,Low,Random Forest
36062,1636,3,2025-08-31 20:58:00,0,0.2303,0,Low,Random Forest
36063,1875,74,2025-08-31 21:00:00,0,0.2924,0,Low,Random Forest
36064,2045,370,2025-08-31 21:06:00,1,0.2551,0,Low,Random Forest
36065,251,370,2025-08-31 21:08:00,0,0.18,0,Low,Random Forest
36066,892,376,2025-08-31 21:50:00,0,0.1643,0,Low,Random Forest
36067,113,281,2025-08-31 22:01:00,0,0.1709,0,Low,Random Forest
36068,131,120,2025-08-31 22:44:00,0,0.241,0,Low,Random Forest
36069,113,64,2025-08-31 22:44:00,0,0.1516,0,Low,Random Forest
36070,628,81,2025-08-31 22:59:00,1,0.3421,1,Medium,Random Forest
36071,1101,376,2025-08-31 23:03:00,0,0.1361,0,Low,Random Forest
36072,1878,181,2025-08-31 23:04:00,1,0.1826,0,Low,Random Forest
36073,608,62,2025-08-31 23:04:00,1,0.2716,0,Low,Random Forest
36074,1387,376,2025-08-31 23:10:00,0,0.1658,0,Low,Random Forest
36075,1875,370,2025-08-31 23:11:00,0,0.1553,0,Low,Random Forest
36076,87,376,2025-08-31 23:20:00,1,0.1686,0,Low,Random Forest
36077,334,376,2025-08-31 23:28:00,0,0.1959,0,Low,Random Forest
36078,2542,64,2025-09-01 00:01:00,1,0.1722,0,Low,Random Forest
36079,2130,307,2025-09-01 00:31:00,0,0.2559,0,Low,Random Forest
36080,1681,51,2025-09-01 00:57:00,1,0.1945,0,Low,Random Forest
36081,196,311,2025-09-01 01:28:00,0,0.2361,0,Low,Random Forest
36082,113,351,2025-09-01 01:37:00,1,0.2374,0,Low,Random Forest
36083,1101,219,2025-09-01 02:40:00,1,0.31,1,Medium,Random Forest
36084,981,401,2025-09-01 03:46:00,1,0.2314,0,Low,Random Forest
36085,1101,260,2025-09-01 04:50:00,0,0.1619,0,Low,Random Forest
36086,189,306,2025-09-01 05:51:00,0,0.1256,0,Low,Random Forest
36087,1120,250,2025-09-01 06:04:00,0,0.1422,0,Low,Random Forest
36088,855,363,2025-09-01 06:08:00,1,0.1415,0,Low,Random Forest
36089,2986,336,2025-09-01 06:53:00,0,0.1237,0,Low,Random Forest
36090,860,426,2025-09-01 07:04:00,0,0.1812,0,Low,Random Forest
36091,385,306,2025-09-01 07:05:00,0,0.1276,0,Low,Random Forest
36092,1774,252,2025-09-01 07:09:00,0,0.1117,0,Low,Random Forest
36093,255,158,2025-09-01 07:19:00,0,0.1424,0,Low,Random Forest
36094,1148,360,2025-09-01 07:21:00,0,0.151,0,Low,Random Forest
36095,464,370,2025-09-01 07:29:00,0,0.1163,0,Low,Random Forest
36096,1969,376,2025-09-01 08:02:00,0,0.1971,0,Low,Random Forest
36098,1239,187,2025-09-01 08:03:00,0,0.2509,0,Low,Random Forest
36097,255,307,2025-09-01 08:03:00,0,0.251,0,Low,Random Forest
36099,1888,412,2025-09-01 08:04:00,0,0.3579,1,Medium,Random Forest
36100,865,231,2025-09-01 08:07:00,1,0.3689,1,Medium,Random Forest
36101,1258,433,2025-09-01 08:15:00,0,0.1743,0,Low,Random Forest
36102,1893,370,2025-09-01 08:28:00,0,0.2098,0,Low,Random Forest
36103,2847,77,2025-09-01 08:36:00,0,0.2283,0,Low,Random Forest
36104,1377,351,2025-09-01 08:40:00,1,0.1748,0,Low,Random Forest
36105,2870,231,2025-09-01 08:41:00,0,0.3254,1,Medium,Random Forest
36106,2131,131,2025-09-01 08:44:00,0,0.2136,0,Low,Random Forest
36107,113,294,2025-09-01 08:46:00,1,0.3261,1,Medium,Random Forest
36108,2596,241,2025-09-01 08:51:00,1,0.1665,0,Low,Random Forest
36109,113,336,2025-09-01 08:52:00,0,0.2454,0,Low,Random Forest
36110,2251,220,2025-09-01 08:53:00,0,0.3345,1,Medium,Random Forest
36111,739,318,2025-09-01 08:53:00,1,0.3942,1,Medium,Random Forest
36112,228,322,2025-09-01 08:55:00,1,0.2472,0,Low,Random Forest
36113,2309,370,2025-09-01 08:58:00,0,0.1522,0,Low,Random Forest
36114,1101,370,2025-09-01 08:59:00,1,0.1651,0,Low,Random Forest
36115,1101,360,2025-09-01 09:02:00,0,0.2364,0,Low,Random Forest
36116,1934,180,2025-09-01 09:10:00,0,0.3438,1,Medium,Random Forest
36117,586,318,2025-09-01 09:21:00,0,0.372,1,Medium,Random Forest
36118,2205,446,2025-09-01 09:27:00,0,0.2103,0,Low,Random Forest
36119,1680,252,2025-09-01 09:28:00,0,0.2202,0,Low,Random Forest
36120,381,402,2025-09-01 09:40:00,0,0.2225,0,Low,Random Forest
36121,975,376,2025-09-01 09:43:00,1,0.2183,0,Low,Random Forest
36122,360,241,2025-09-01 09:45:00,1,0.2053,0,Low,Random Forest
36123,2642,428,2025-09-01 09:51:00,0,0.165,0,Low,Random Forest
36124,1880,370,2025-09-01 09:53:00,0,0.1592,0,Low,Random Forest
36125,2881,406,2025-09-01 09:59:00,1,0.152,0,Low,Random Forest
36126,1494,387,2025-09-01 10:01:00,0,0.1299,0,Low,Random Forest
36127,2264,370,2025-09-01 10:05:00,0,0.126,0,Low,Random Forest
36128,215,181,2025-09-01 10:28:00,0,0.145,0,Low,Random Forest
36129,1406,387,2025-09-01 10:35:00,0,0.139,0,Low,Random Forest
36130,1223,370,2025-09-01 10:38:00,1,0.1421,0,Low,Random Forest
36131,880,387,2025-09-01 10:45:00,0,0.135,0,Low,Random Forest
36132,2589,370,2025-09-01 10:51:00,1,0.1265,0,Low,Random Forest
36133,1715,370,2025-09-01 10:57:00,0,0.1151,0,Low,Random Forest
36134,1331,187,2025-09-01 10:58:00,0,0.1336,0,Low,Random Forest
36135,175,181,2025-09-01 11:41:00,1,0.1339,0,Low,Random Forest
36136,975,370,2025-09-01 11:47:00,0,0.1404,0,Low,Random Forest
36137,1914,376,2025-09-01 11:47:00,0,0.1348,0,Low,Random Forest
36138,983,262,2025-09-01 12:06:00,0,0.1486,0,Low,Random Forest
36139,2924,281,2025-09-01 12:13:00,0,0.1312,0,Low,Random Forest
36140,1780,393,2025-09-01 12:14:00,0,0.1527,0,Low,Random Forest
36141,724,241,2025-09-01 12:15:00,0,0.1172,0,Low,Random Forest
36142,983,370,2025-09-01 12:20:00,0,0.1171,0,Low,Random Forest
36143,2936,376,2025-09-01 12:21:00,0,0.1237,0,Low,Random Forest
36144,829,370,2025-09-01 12:34:00,0,0.1187,0,Low,Random Forest
36145,2397,238,2025-09-01 12:46:00,0,0.1325,0,Low,Random Forest
36146,2994,116,2025-09-01 12:48:00,0,0.1701,0,Low,Random Forest
36147,258,370,2025-09-01 12:51:00,0,0.1026,0,Low,Random Forest
36148,113,376,2025-09-01 13:06:00,0,0.1706,0,Low,Random Forest
36150,2182,252,2025-09-01 13:18:00,0,0.1243,0,Low,Random Forest
36149,1388,275,2025-09-01 13:18:00,0,0.1425,0,Low,Random Forest
36151,580,370,2025-09-01 13:22:00,0,0.1397,0,Low,Random Forest
36152,2551,334,2025-09-01 13:26:00,0,0.156,0,Low,Random Forest
36153,1653,406,2025-09-01 13:37:00,0,0.1213,0,Low,Random Forest
36154,2088,306,2025-09-01 14:06:00,0,0.1243,0,Low,Random Forest
36155,1496,64,2025-09-01 14:20:00,0,0.1292,0,Low,Random Forest
36156,171,241,2025-09-01 14:23:00,0,0.1202,0,Low,Random Forest
36157,1037,293,2025-09-01 14:26:00,0,0.1645,0,Low,Random Forest
36158,1323,180,2025-09-01 14:39:00,0,0.3262,1,Medium,Random Forest
36159,51,95,2025-09-01 15:13:00,0,0.1555,0,Low,Random Forest
36160,1525,399,2025-09-01 15:46:00,0,0.1334,0,Low,Random Forest
36161,233,63,2025-09-01 15:47:00,0,0.126,0,Low,Random Forest
36163,1101,334,2025-09-01 16:06:00,0,0.1139,0,Low,Random Forest
36162,844,370,2025-09-01 16:06:00,0,0.1198,0,Low,Random Forest
36164,1909,181,2025-09-01 16:15:00,0,0.143,0,Low,Random Forest
36165,1457,316,2025-09-01 16:28:00,0,0.1279,0,Low,Random Forest
36166,2589,252,2025-09-01 16:29:00,0,0.1157,0,Low,Random Forest
36167,255,296,2025-09-01 16:49:00,0,0.1168,0,Low,Random Forest
36168,1189,241,2025-09-01 16:55:00,0,0.1301,0,Low,Random Forest
36170,1880,45,2025-09-01 17:01:00,0,0.21,0,Low,Random Forest
36169,2699,260,2025-09-01 17:01:00,0,0.1379,0,Low,Random Forest
36171,1362,55,2025-09-01 17:05:00,0,0.136,0,Low,Random Forest
36172,560,236,2025-09-01 17:16:00,0,0.119,0,Low,Random Forest
36173,1101,335,2025-09-01 17:22:00,0,0.3142,1,Medium,Random Forest
36174,255,375,2025-09-01 17:26:00,0,0.1581,0,Low,Random Forest
36175,1101,446,2025-09-01 17:30:00,0,0.1584,0,Low,Random Forest
36177,441,252,2025-09-01 17:40:00,0,0.1152,0,Low,Random Forest
36176,2691,414,2025-09-01 17:40:00,0,0.1148,0,Low,Random Forest
36178,113,363,2025-09-01 17:47:00,1,0.1321,0,Low,Random Forest
36179,1292,296,2025-09-01 17:49:00,0,0.1397,0,Low,Random Forest
36180,1101,64,2025-09-01 17:52:00,0,0.1727,0,Low,Random Forest
36181,805,241,2025-09-01 17:54:00,0,0.115,0,Low,Random Forest
36182,2551,300,2025-09-01 17:55:00,0,0.1406,0,Low,Random Forest
36184,576,86,2025-09-01 18:03:00,0,0.175,0,Low,Random Forest
36183,2071,46,2025-09-01 18:03:00,0,0.3702,1,Medium,Random Forest
36185,2582,370,2025-09-01 18:08:00,0,0.1614,0,Low,Random Forest
36187,2448,335,2025-09-01 18:09:00,1,0.494,1,Medium,Random Forest
36186,1388,152,2025-09-01 18:09:00,0,0.2708,0,Low,Random Forest
36188,233,296,2025-09-01 18:24:00,0,0.1609,0,Low,Random Forest
36189,2834,275,2025-09-01 18:32:00,1,0.2129,0,Low,Random Forest
36190,113,376,2025-09-01 18:37:00,1,0.25,0,Low,Random Forest
36191,152,183,2025-09-01 18:40:00,0,0.2677,0,Low,Random Forest
36192,1351,370,2025-09-01 18:42:00,1,0.1411,0,Low,Random Forest
36193,2825,323,2025-09-01 18:45:00,0,0.2505,0,Low,Random Forest
36194,2329,376,2025-09-01 18:46:00,0,0.2084,0,Low,Random Forest
36195,1356,181,2025-09-01 18:48:00,0,0.1682,0,Low,Random Forest
36196,113,349,2025-09-01 18:54:00,0,0.2644,0,Low,Random Forest
36197,1416,376,2025-09-01 18:54:00,1,0.1589,0,Low,Random Forest
36198,332,262,2025-09-01 18:56:00,0,0.198,0,Low,Random Forest
36199,583,260,2025-09-01 19:08:00,1,0.1796,0,Low,Random Forest
36200,2988,252,2025-09-01 19:18:00,1,0.1669,0,Low,Random Forest
36201,73,241,2025-09-01 19:19:00,0,0.2505,0,Low,Random Forest
36202,1101,181,2025-09-01 19:20:00,0,0.1835,0,Low,Random Forest
36203,2005,307,2025-09-01 19:46:00,0,0.3094,1,Medium,Random Forest
36204,2891,337,2025-09-01 19:51:00,0,0.2615,0,Low,Random Forest
36205,1101,283,2025-09-01 19:51:00,1,0.1582,0,Low,Random Forest
36206,2397,45,2025-09-01 20:00:00,1,0.2648,0,Low,Random Forest
36207,1616,252,2025-09-01 20:01:00,0,0.2254,0,Low,Random Forest
36208,1816,370,2025-09-01 20:04:00,0,0.2309,0,Low,Random Forest
36209,2864,358,2025-09-01 20:09:00,0,0.2757,0,Low,Random Forest
36210,37,79,2025-09-01 20:09:00,1,0.3193,1,Medium,Random Forest
36211,1852,173,2025-09-01 20:11:00,0,0.4774,1,Medium,Random Forest
36212,1650,242,2025-09-01 20:15:00,0,0.2691,0,Low,Random Forest
36213,2106,28,2025-09-01 20:25:00,0,0.1822,0,Low,Random Forest
36214,2107,281,2025-09-01 20:34:00,0,0.1803,0,Low,Random Forest
36215,113,337,2025-09-01 20:36:00,0,0.2901,0,Low,Random Forest
36216,1195,106,2025-09-01 21:00:00,0,0.1291,0,Low,Random Forest
36217,222,58,2025-09-01 21:15:00,0,0.1689,0,Low,Random Forest
36218,670,11,2025-09-01 21:24:00,0,0.1332,0,Low,Random Forest
36219,255,318,2025-09-01 21:33:00,0,0.3047,1,Medium,Random Forest
36220,255,359,2025-09-01 21:41:00,0,0.1257,0,Low,Random Forest
36221,2301,306,2025-09-01 21:41:00,0,0.1463,0,Low,Random Forest
36222,1406,323,2025-09-01 21:43:00,0,0.1205,0,Low,Random Forest
36223,1875,363,2025-09-01 21:44:00,0,0.1219,0,Low,Random Forest
36224,1507,74,2025-09-01 22:08:00,0,0.1931,0,Low,Random Forest
36225,1101,205,2025-09-01 22:16:00,0,0.1266,0,Low,Random Forest
36226,2180,376,2025-09-01 22:28:00,0,0.1277,0,Low,Random Forest
36227,1455,275,2025-09-01 22:32:00,0,0.1509,0,Low,Random Forest
36228,1193,432,2025-09-01 22:46:00,0,0.2825,0,Low,Random Forest
36229,2251,84,2025-09-01 22:50:00,0,0.2587,0,Low,Random Forest
36230,1105,4,2025-09-01 22:51:00,0,0.2449,0,Low,Random Forest
36231,1387,64,2025-09-01 23:28:00,1,0.1646,0,Low,Random Forest
36232,255,370,2025-09-01 23:34:00,0,0.1404,0,Low,Random Forest
36233,1814,259,2025-09-01 23:52:00,0,0.1798,0,Low,Random Forest
36234,1868,370,2025-09-02 00:02:00,0,0.2097,0,Low,Random Forest
36235,113,252,2025-09-02 02:36:00,1,0.1711,0,Low,Random Forest
36236,1101,442,2025-09-02 02:41:00,0,0.2384,0,Low,Random Forest
36237,1225,77,2025-09-02 02:44:00,0,0.1985,0,Low,Random Forest
36238,1101,350,2025-09-02 03:32:00,0,0.232,0,Low,Random Forest
36239,775,370,2025-09-02 04:11:00,1,0.7876,1,High,Random Forest
36240,2005,398,2025-09-02 05:14:00,0,0.1351,0,Low,Random Forest
36241,1896,363,2025-09-02 05:39:00,0,0.1191,0,Low,Random Forest
36242,255,370,2025-09-02 06:01:00,0,0.1379,0,Low,Random Forest
36243,2800,181,2025-09-02 06:13:00,1,0.1723,0,Low,Random Forest
36244,2787,235,2025-09-02 06:52:00,0,0.1295,0,Low,Random Forest
36245,1883,318,2025-09-02 06:55:00,0,0.2857,0,Low,Random Forest
36246,955,241,2025-09-02 07:12:00,0,0.1205,0,Low,Random Forest
36247,1343,181,2025-09-02 07:24:00,0,0.142,0,Low,Random Forest
36248,385,231,2025-09-02 07:24:00,0,0.226,0,Low,Random Forest
36249,1362,106,2025-09-02 07:36:00,0,0.1231,0,Low,Random Forest
36250,1996,429,2025-09-02 07:37:00,0,0.1514,0,Low,Random Forest
36251,2507,47,2025-09-02 07:38:00,0,0.1668,0,Low,Random Forest
36252,2150,130,2025-09-02 07:40:00,1,0.1462,0,Low,Random Forest
36253,1639,252,2025-09-02 07:46:00,0,0.1144,0,Low,Random Forest
36254,2255,398,2025-09-02 07:55:00,0,0.1378,0,Low,Random Forest
36255,1101,88,2025-09-02 07:59:00,1,0.1323,0,Low,Random Forest
36256,1382,231,2025-09-02 08:03:00,0,0.328,1,Medium,Random Forest
36257,255,363,2025-09-02 08:18:00,0,0.2119,0,Low,Random Forest
36258,2867,180,2025-09-02 08:19:00,1,0.3794,1,Medium,Random Forest
36259,1101,281,2025-09-02 08:22:00,1,0.1811,0,Low,Random Forest
36260,1306,252,2025-09-02 08:24:00,1,0.1669,0,Low,Random Forest
36261,2289,20,2025-09-02 08:26:00,1,0.3398,1,Medium,Random Forest
36262,2478,355,2025-09-02 08:28:00,0,0.3398,1,Medium,Random Forest
36263,1233,251,2025-09-02 08:35:00,1,0.2435,0,Low,Random Forest
36264,2226,363,2025-09-02 08:41:00,0,0.2107,0,Low,Random Forest
36265,1562,337,2025-09-02 08:59:00,1,0.2361,0,Low,Random Forest
36266,255,294,2025-09-02 09:11:00,0,0.4291,1,Medium,Random Forest
36267,483,116,2025-09-02 09:17:00,0,0.2455,0,Low,Random Forest
36268,2170,435,2025-09-02 09:22:00,1,0.2368,0,Low,Random Forest
36269,255,417,2025-09-02 09:31:00,1,0.2571,0,Low,Random Forest
36270,1913,370,2025-09-02 09:41:00,0,0.2104,0,Low,Random Forest
36271,1737,335,2025-09-02 09:58:00,1,0.436,1,Medium,Random Forest
36272,1989,281,2025-09-02 10:07:00,0,0.1344,0,Low,Random Forest
36273,1101,158,2025-09-02 10:08:00,0,0.1436,0,Low,Random Forest
36274,1866,285,2025-09-02 10:22:00,0,0.3664,1,Medium,Random Forest
36275,1521,316,2025-09-02 10:29:00,0,0.1294,0,Low,Random Forest
36276,829,433,2025-09-02 10:36:00,0,0.1304,0,Low,Random Forest
36277,1814,88,2025-09-02 10:43:00,0,0.125,0,Low,Random Forest
36278,2397,421,2025-09-02 10:46:00,0,0.1368,0,Low,Random Forest
36279,1864,77,2025-09-02 10:56:00,0,0.1146,0,Low,Random Forest
36280,1101,31,2025-09-02 10:57:00,0,0.1215,0,Low,Random Forest
36281,2825,18,2025-09-02 11:02:00,1,0.1395,0,Low,Random Forest
36282,1175,172,2025-09-02 11:06:00,0,0.1299,0,Low,Random Forest
36283,39,241,2025-09-02 11:07:00,1,0.1107,0,Low,Random Forest
36284,2898,376,2025-09-02 11:10:00,0,0.1169,0,Low,Random Forest
36285,2731,114,2025-09-02 11:15:00,0,0.1339,0,Low,Random Forest
36286,1603,406,2025-09-02 11:19:00,0,0.1433,0,Low,Random Forest
36287,1166,213,2025-09-02 11:21:00,0,0.1876,0,Low,Random Forest
36288,255,351,2025-09-02 11:23:00,1,0.1287,0,Low,Random Forest
36289,2788,433,2025-09-02 11:36:00,0,0.1265,0,Low,Random Forest
36290,1159,440,2025-09-02 11:39:00,0,0.2507,0,Low,Random Forest
36291,434,309,2025-09-02 11:43:00,0,0.1364,0,Low,Random Forest
36292,1299,102,2025-09-02 12:02:00,0,0.1366,0,Low,Random Forest
36293,2600,376,2025-09-02 12:02:00,0,0.1193,0,Low,Random Forest
36294,2222,181,2025-09-02 12:03:00,0,0.1352,0,Low,Random Forest
36295,2005,351,2025-09-02 12:10:00,0,0.1156,0,Low,Random Forest
36296,255,181,2025-09-02 12:18:00,0,0.1296,0,Low,Random Forest
36297,255,370,2025-09-02 12:39:00,0,0.1333,0,Low,Random Forest
36298,2355,81,2025-09-02 12:48:00,0,0.3076,1,Medium,Random Forest
36299,2504,77,2025-09-02 12:53:00,0,0.1419,0,Low,Random Forest
36300,255,77,2025-09-02 12:57:00,0,0.1068,0,Low,Random Forest
36301,1773,133,2025-09-02 12:59:00,0,0.3515,1,Medium,Random Forest
36302,255,363,2025-09-02 13:09:00,0,0.117,0,Low,Random Forest
36303,1356,370,2025-09-02 13:10:00,0,0.1173,0,Low,Random Forest
36304,950,180,2025-09-02 13:15:00,0,0.2777,0,Low,Random Forest
36305,1101,338,2025-09-02 13:21:00,0,0.124,0,Low,Random Forest
36306,2119,376,2025-09-02 13:33:00,1,0.1086,0,Low,Random Forest
36307,2380,285,2025-09-02 13:39:00,1,0.3205,1,Medium,Random Forest
36308,113,231,2025-09-02 13:52:00,1,0.1902,0,Low,Random Forest
36309,2170,418,2025-09-02 13:53:00,0,0.1236,0,Low,Random Forest
36310,1101,370,2025-09-02 13:58:00,0,0.1188,0,Low,Random Forest
36311,2718,3,2025-09-02 14:01:00,0,0.1133,0,Low,Random Forest
36312,175,433,2025-09-02 14:09:00,0,0.1313,0,Low,Random Forest
36313,255,154,2025-09-02 14:21:00,0,0.1267,0,Low,Random Forest
36314,1101,241,2025-09-02 14:21:00,0,0.1898,0,Low,Random Forest
36315,219,370,2025-09-02 14:29:00,0,0.1056,0,Low,Random Forest
36316,2910,435,2025-09-02 14:30:00,0,0.1507,0,Low,Random Forest
36317,483,262,2025-09-02 14:31:00,0,0.1205,0,Low,Random Forest
36319,1523,260,2025-09-02 14:32:00,0,0.1195,0,Low,Random Forest
36318,114,64,2025-09-02 14:32:00,0,0.1287,0,Low,Random Forest
36320,953,62,2025-09-02 14:42:00,0,0.1936,0,Low,Random Forest
36321,1956,426,2025-09-02 14:47:00,0,0.1694,0,Low,Random Forest
36322,1082,260,2025-09-02 14:53:00,0,0.1095,0,Low,Random Forest
36323,2021,262,2025-09-02 15:20:00,0,0.1301,0,Low,Random Forest
36324,455,370,2025-09-02 15:30:00,0,0.1189,0,Low,Random Forest
36325,1812,370,2025-09-02 15:33:00,0,0.1115,0,Low,Random Forest
36326,1840,306,2025-09-02 15:44:00,0,0.1264,0,Low,Random Forest
36327,1384,376,2025-09-02 15:45:00,0,0.1484,0,Low,Random Forest
36328,518,318,2025-09-02 16:05:00,1,0.2611,0,Low,Random Forest
36329,1258,74,2025-09-02 16:06:00,0,0.1442,0,Low,Random Forest
36330,1126,241,2025-09-02 16:18:00,1,0.1214,0,Low,Random Forest
36331,1008,275,2025-09-02 16:20:00,0,0.1126,0,Low,Random Forest
36332,1812,376,2025-09-02 16:21:00,0,0.1147,0,Low,Random Forest
36333,1101,181,2025-09-02 16:23:00,0,0.1436,0,Low,Random Forest
36334,163,50,2025-09-02 16:37:00,0,0.1951,0,Low,Random Forest
36335,2317,241,2025-09-02 16:38:00,0,0.1091,0,Low,Random Forest
36336,2568,121,2025-09-02 16:43:00,0,0.2274,0,Low,Random Forest
36337,1027,328,2025-09-02 16:48:00,0,0.1207,0,Low,Random Forest
36338,316,330,2025-09-02 16:48:00,0,0.2514,0,Low,Random Forest
36339,237,68,2025-09-02 16:54:00,0,0.1397,0,Low,Random Forest
36340,434,269,2025-09-02 17:00:00,0,0.1609,0,Low,Random Forest
36341,1742,51,2025-09-02 17:11:00,0,0.1218,0,Low,Random Forest
36342,1664,242,2025-09-02 17:14:00,0,0.2363,0,Low,Random Forest
36343,1101,262,2025-09-02 17:22:00,0,0.1117,0,Low,Random Forest
36345,2005,318,2025-09-02 17:24:00,1,0.2929,0,Low,Random Forest
36344,2819,446,2025-09-02 17:24:00,0,0.148,0,Low,Random Forest
36346,1334,316,2025-09-02 17:28:00,0,0.1093,0,Low,Random Forest
36347,1101,252,2025-09-02 17:29:00,0,0.1084,0,Low,Random Forest
36348,255,363,2025-09-02 17:41:00,0,0.1803,0,Low,Random Forest
36349,2589,180,2025-09-02 17:42:00,1,0.2798,0,Low,Random Forest
36350,113,370,2025-09-02 17:47:00,0,0.1106,0,Low,Random Forest
36351,1742,337,2025-09-02 17:51:00,1,0.1923,0,Low,Random Forest
36352,903,241,2025-09-02 17:59:00,0,0.1164,0,Low,Random Forest
36353,884,365,2025-09-02 18:05:00,1,0.7751,1,High,Random Forest
36354,630,251,2025-09-02 18:05:00,0,0.2348,0,Low,Random Forest
36355,440,262,2025-09-02 18:18:00,0,0.2308,0,Low,Random Forest
36356,1993,252,2025-09-02 18:40:00,0,0.2213,0,Low,Random Forest
36357,1455,120,2025-09-02 18:43:00,0,0.3046,1,Medium,Random Forest
36358,2499,241,2025-09-02 18:43:00,0,0.1701,0,Low,Random Forest
36359,787,58,2025-09-02 18:44:00,0,0.2198,0,Low,Random Forest
36360,2997,134,2025-09-02 18:53:00,0,0.2649,0,Low,Random Forest
36361,2685,363,2025-09-02 18:58:00,0,0.2359,0,Low,Random Forest
36362,1101,365,2025-09-02 19:02:00,0,0.4068,1,Medium,Random Forest
36363,113,426,2025-09-02 19:23:00,0,0.2741,0,Low,Random Forest
36364,2102,236,2025-09-02 19:26:00,0,0.2559,0,Low,Random Forest
36365,784,306,2025-09-02 19:31:00,0,0.2257,0,Low,Random Forest
36366,1847,96,2025-09-02 19:32:00,0,0.2303,0,Low,Random Forest
36367,798,148,2025-09-02 19:38:00,0,0.2396,0,Low,Random Forest
36368,1101,260,2025-09-02 19:56:00,1,0.21,0,Low,Random Forest
36369,1101,363,2025-09-02 20:24:00,0,0.1487,0,Low,Random Forest
36370,254,363,2025-09-02 20:40:00,0,0.213,0,Low,Random Forest
36371,2161,337,2025-09-02 20:42:00,1,0.2919,0,Low,Random Forest
36372,1653,192,2025-09-02 20:54:00,0,0.1981,0,Low,Random Forest
36373,255,318,2025-09-02 21:07:00,0,0.2973,0,Low,Random Forest
36374,620,86,2025-09-02 21:17:00,0,0.1383,0,Low,Random Forest
36375,2542,1,2025-09-02 21:42:00,0,0.1433,0,Low,Random Forest
36376,363,328,2025-09-02 21:46:00,1,0.1176,0,Low,Random Forest
36377,1391,45,2025-09-02 21:48:00,0,0.1887,0,Low,Random Forest
36378,1887,64,2025-09-02 21:57:00,1,0.126,0,Low,Random Forest
36379,308,370,2025-09-02 22:04:00,0,0.127,0,Low,Random Forest
36380,1107,181,2025-09-02 22:14:00,1,0.1441,0,Low,Random Forest
36381,2005,370,2025-09-02 22:47:00,0,0.1107,0,Low,Random Forest
36382,1101,326,2025-09-02 23:05:00,0,0.1539,0,Low,Random Forest
36383,1101,370,2025-09-03 02:32:00,0,0.1807,0,Low,Random Forest
36384,2751,106,2025-09-03 03:52:00,0,0.198,0,Low,Random Forest
36385,1174,102,2025-09-03 04:13:00,0,0.1882,0,Low,Random Forest
36386,1875,260,2025-09-03 07:02:00,0,0.1342,0,Low,Random Forest
36387,163,323,2025-09-03 07:08:00,0,0.1137,0,Low,Random Forest
36388,2397,5,2025-09-03 07:08:00,0,0.1493,0,Low,Random Forest
36389,1233,275,2025-09-03 07:18:00,0,0.1497,0,Low,Random Forest
36390,2531,433,2025-09-03 07:18:00,0,0.1392,0,Low,Random Forest
36391,255,180,2025-09-03 07:21:00,0,0.2813,0,Low,Random Forest
36392,482,316,2025-09-03 07:25:00,0,0.1363,0,Low,Random Forest
36393,1848,241,2025-09-03 07:31:00,0,0.1467,0,Low,Random Forest
36395,2070,275,2025-09-03 07:34:00,0,0.1136,0,Low,Random Forest
36394,225,370,2025-09-03 07:34:00,0,0.1209,0,Low,Random Forest
36396,1179,67,2025-09-03 07:42:00,0,0.1512,0,Low,Random Forest
36397,1875,252,2025-09-03 07:44:00,0,0.1295,0,Low,Random Forest
36398,635,131,2025-09-03 07:48:00,0,0.1344,0,Low,Random Forest
36399,2903,242,2025-09-03 07:55:00,0,0.2053,0,Low,Random Forest
36400,989,11,2025-09-03 08:02:00,0,0.2105,0,Low,Random Forest
36401,2204,370,2025-09-03 08:06:00,0,0.1707,0,Low,Random Forest
36402,1087,370,2025-09-03 08:14:00,0,0.246,0,Low,Random Forest
36403,1420,370,2025-09-03 08:17:00,0,0.1473,0,Low,Random Forest
36404,2787,88,2025-09-03 08:24:00,0,0.2648,0,Low,Random Forest
36405,586,124,2025-09-03 08:27:00,1,0.2509,0,Low,Random Forest
36406,2939,201,2025-09-03 08:34:00,0,0.1621,0,Low,Random Forest
36407,482,370,2025-09-03 08:37:00,0,0.1883,0,Low,Random Forest
36408,2399,48,2025-09-03 08:42:00,0,0.1646,0,Low,Random Forest
36409,1995,241,2025-09-03 08:53:00,0,0.2338,0,Low,Random Forest
36410,1875,158,2025-09-03 08:54:00,1,0.2395,0,Low,Random Forest
36411,2834,220,2025-09-03 08:55:00,0,0.3124,1,Medium,Random Forest
36412,2766,235,2025-09-03 09:12:00,0,0.1933,0,Low,Random Forest
36413,2363,180,2025-09-03 09:13:00,1,0.3989,1,Medium,Random Forest
36414,255,231,2025-09-03 09:18:00,1,0.7818,1,High,Random Forest
36415,2265,370,2025-09-03 09:28:00,0,0.2265,0,Low,Random Forest
36416,2255,241,2025-09-03 09:30:00,0,0.2647,0,Low,Random Forest
36417,876,181,2025-09-03 09:46:00,0,0.2384,0,Low,Random Forest
36418,1254,107,2025-09-03 09:51:00,1,0.4552,1,Medium,Random Forest
36419,1101,252,2025-09-03 10:08:00,0,0.1129,0,Low,Random Forest
36420,1812,433,2025-09-03 10:14:00,0,0.146,0,Low,Random Forest
36421,719,158,2025-09-03 10:21:00,1,0.1618,0,Low,Random Forest
36422,425,242,2025-09-03 10:23:00,1,0.2608,0,Low,Random Forest
36423,1193,241,2025-09-03 10:33:00,0,0.1164,0,Low,Random Forest
36424,2130,184,2025-09-03 10:42:00,0,0.1731,0,Low,Random Forest
36425,795,376,2025-09-03 10:49:00,0,0.1147,0,Low,Random Forest
36426,2819,252,2025-09-03 11:18:00,0,0.116,0,Low,Random Forest
36427,1854,370,2025-09-03 11:24:00,0,0.132,0,Low,Random Forest
36428,2881,77,2025-09-03 11:51:00,0,0.1287,0,Low,Random Forest
36429,733,393,2025-09-03 12:00:00,0,0.1722,0,Low,Random Forest
36431,2092,74,2025-09-03 12:01:00,0,0.1377,0,Low,Random Forest
36430,312,241,2025-09-03 12:01:00,1,0.1239,0,Low,Random Forest
36432,255,78,2025-09-03 12:09:00,0,0.1457,0,Low,Random Forest
36433,2732,327,2025-09-03 12:10:00,0,0.1415,0,Low,Random Forest
36434,2854,181,2025-09-03 12:14:00,0,0.1589,0,Low,Random Forest
36435,1876,132,2025-09-03 12:23:00,0,0.1284,0,Low,Random Forest
36436,1101,228,2025-09-03 12:31:00,0,0.1417,0,Low,Random Forest
36437,1101,363,2025-09-03 12:38:00,0,0.1232,0,Low,Random Forest
36438,2644,315,2025-09-03 12:43:00,0,0.1456,0,Low,Random Forest
36439,2699,252,2025-09-03 12:43:00,0,0.137,0,Low,Random Forest
36440,312,336,2025-09-03 12:48:00,0,0.1377,0,Low,Random Forest
36441,2130,376,2025-09-03 12:51:00,1,0.1289,0,Low,Random Forest
36442,1742,370,2025-09-03 12:53:00,0,0.1178,0,Low,Random Forest
36443,2986,376,2025-09-03 13:29:00,0,0.106,0,Low,Random Forest
36444,2255,279,2025-09-03 13:31:00,0,0.2,0,Low,Random Forest
36445,51,97,2025-09-03 13:46:00,0,0.1253,0,Low,Random Forest
36446,1185,238,2025-09-03 14:51:00,0,0.1422,0,Low,Random Forest
36447,1462,412,2025-09-03 14:58:00,1,0.2029,0,Low,Random Forest
36448,1028,406,2025-09-03 15:01:00,0,0.1238,0,Low,Random Forest
36449,2179,384,2025-09-03 15:20:00,0,0.1477,0,Low,Random Forest
36450,2210,307,2025-09-03 15:21:00,0,0.1728,0,Low,Random Forest
36451,1584,442,2025-09-03 15:35:00,0,0.1279,0,Low,Random Forest
36452,1986,281,2025-09-03 15:41:00,0,0.1513,0,Low,Random Forest
36453,1680,376,2025-09-03 15:48:00,0,0.1275,0,Low,Random Forest
36454,1241,51,2025-09-03 16:00:00,0,0.1273,0,Low,Random Forest
36455,1101,275,2025-09-03 16:04:00,0,0.1227,0,Low,Random Forest
36456,2242,323,2025-09-03 16:12:00,0,0.133,0,Low,Random Forest
36457,1350,115,2025-09-03 16:14:00,0,0.1315,0,Low,Random Forest
36458,1848,328,2025-09-03 16:25:00,0,0.1126,0,Low,Random Forest
36459,1101,37,2025-09-03 16:32:00,0,0.2107,0,Low,Random Forest
36460,164,225,2025-09-03 16:39:00,0,0.1283,0,Low,Random Forest
36461,895,370,2025-09-03 16:44:00,1,0.1377,0,Low,Random Forest
36463,113,370,2025-09-03 17:02:00,0,0.124,0,Low,Random Forest
36462,865,318,2025-09-03 17:02:00,1,0.7539,1,High,Random Forest
36464,2005,425,2025-09-03 17:04:00,0,0.2397,0,Low,Random Forest
36465,1880,370,2025-09-03 17:07:00,0,0.106,0,Low,Random Forest
36467,2452,370,2025-09-03 17:10:00,1,0.1316,0,Low,Random Forest
36466,900,64,2025-09-03 17:10:00,0,0.1553,0,Low,Random Forest
36468,2894,426,2025-09-03 17:12:00,0,0.1675,0,Low,Random Forest
36469,247,406,2025-09-03 17:17:00,0,0.1075,0,Low,Random Forest
36470,400,31,2025-09-03 17:18:00,0,0.1263,0,Low,Random Forest
36471,913,82,2025-09-03 17:19:00,0,0.1181,0,Low,Random Forest
36472,2854,406,2025-09-03 17:29:00,1,0.1156,0,Low,Random Forest
36473,968,318,2025-09-03 17:39:00,0,0.3111,1,Medium,Random Forest
36474,486,370,2025-09-03 17:45:00,0,0.1135,0,Low,Random Forest
36475,2194,400,2025-09-03 17:46:00,0,0.1598,0,Low,Random Forest
36476,1193,433,2025-09-03 17:58:00,0,0.1646,0,Low,Random Forest
36477,1101,388,2025-09-03 18:01:00,1,0.3503,1,Medium,Random Forest
36478,312,45,2025-09-03 18:04:00,0,0.2493,0,Low,Random Forest
36479,525,370,2025-09-03 18:08:00,0,0.1449,0,Low,Random Forest
36480,2930,370,2025-09-03 18:09:00,1,0.2222,0,Low,Random Forest
36481,2834,181,2025-09-03 18:10:00,0,0.1841,0,Low,Random Forest
36482,1089,318,2025-09-03 18:13:00,0,0.3626,1,Medium,Random Forest
36483,2872,256,2025-09-03 18:14:00,1,0.2118,0,Low,Random Forest
36484,1880,262,2025-09-03 18:19:00,1,0.2648,0,Low,Random Forest
36485,1540,241,2025-09-03 18:25:00,0,0.2345,0,Low,Random Forest
36486,224,370,2025-09-03 18:29:00,0,0.1384,0,Low,Random Forest
36487,2678,241,2025-09-03 18:40:00,1,0.2732,0,Low,Random Forest
36488,879,433,2025-09-03 19:14:00,0,0.1618,0,Low,Random Forest
36489,165,370,2025-09-03 19:15:00,0,0.2395,0,Low,Random Forest
36490,177,55,2025-09-03 19:21:00,1,0.1943,0,Low,Random Forest
36491,2928,427,2025-09-03 19:28:00,0,0.2007,0,Low,Random Forest
36492,1875,406,2025-09-03 19:52:00,0,0.1624,0,Low,Random Forest
36493,389,433,2025-09-03 19:53:00,1,0.1899,0,Low,Random Forest
36494,1216,370,2025-09-03 20:08:00,1,0.7834,1,High,Random Forest
36495,1101,236,2025-09-03 20:10:00,0,0.2067,0,Low,Random Forest
36497,1101,318,2025-09-03 20:16:00,1,0.3844,1,Medium,Random Forest
36496,255,275,2025-09-03 20:16:00,0,0.2279,0,Low,Random Forest
36498,823,363,2025-09-03 20:17:00,0,0.1953,0,Low,Random Forest
36499,312,31,2025-09-03 20:28:00,1,0.2762,0,Low,Random Forest
36500,2905,241,2025-09-03 20:31:00,0,0.2396,0,Low,Random Forest
36501,1235,311,2025-09-03 20:34:00,1,0.1697,0,Low,Random Forest
36502,1171,342,2025-09-03 20:40:00,0,0.3051,1,Medium,Random Forest
36503,1690,252,2025-09-03 20:50:00,0,0.2444,0,Low,Random Forest
36504,1880,363,2025-09-03 21:26:00,0,0.1118,0,Low,Random Forest
36505,1624,55,2025-09-03 21:33:00,0,0.1422,0,Low,Random Forest
36506,965,437,2025-09-03 21:36:00,0,0.1376,0,Low,Random Forest
36507,2187,318,2025-09-03 21:52:00,0,0.3429,1,Medium,Random Forest
36508,1225,80,2025-09-03 22:03:00,0,0.1889,0,Low,Random Forest
36509,307,216,2025-09-03 22:08:00,0,0.143,0,Low,Random Forest
36510,1742,86,2025-09-03 22:09:00,0,0.121,0,Low,Random Forest
36511,2568,370,2025-09-03 22:28:00,0,0.1131,0,Low,Random Forest
36512,767,433,2025-09-03 22:35:00,0,0.1312,0,Low,Random Forest
36513,1564,328,2025-09-03 22:54:00,0,0.1285,0,Low,Random Forest
36514,2499,371,2025-09-03 22:54:00,0,0.1374,0,Low,Random Forest
36515,1356,262,2025-09-03 22:57:00,0,0.1412,0,Low,Random Forest
36516,717,262,2025-09-03 23:49:00,0,0.1349,0,Low,Random Forest
36517,1101,300,2025-09-04 00:09:00,0,0.2073,0,Low,Random Forest
36518,2317,114,2025-09-04 05:07:00,0,0.1248,0,Low,Random Forest
36519,1966,318,2025-09-04 05:28:00,0,0.2761,0,Low,Random Forest
36520,113,412,2025-09-04 05:50:00,0,0.2917,0,Low,Random Forest
36521,812,77,2025-09-04 06:25:00,0,0.1207,0,Low,Random Forest
36522,1101,363,2025-09-04 06:32:00,0,0.1277,0,Low,Random Forest
36523,1875,223,2025-09-04 06:34:00,0,0.1282,0,Low,Random Forest
36524,2708,305,2025-09-04 06:48:00,0,0.1646,0,Low,Random Forest
36525,1101,241,2025-09-04 07:03:00,0,0.1314,0,Low,Random Forest
36526,453,370,2025-09-04 07:20:00,0,0.1596,0,Low,Random Forest
36527,255,296,2025-09-04 07:21:00,0,0.2041,0,Low,Random Forest
36528,1101,182,2025-09-04 07:23:00,0,0.1217,0,Low,Random Forest
36530,1241,236,2025-09-04 07:24:00,0,0.1311,0,Low,Random Forest
36529,1101,309,2025-09-04 07:24:00,0,0.1163,0,Low,Random Forest
36531,1866,241,2025-09-04 07:27:00,0,0.1227,0,Low,Random Forest
36532,1902,370,2025-09-04 07:38:00,0,0.1381,0,Low,Random Forest
36533,2725,437,2025-09-04 07:39:00,0,0.1517,0,Low,Random Forest
36534,1138,124,2025-09-04 07:41:00,0,0.1257,0,Low,Random Forest
36535,1101,318,2025-09-04 07:47:00,0,0.2622,0,Low,Random Forest
36536,2134,363,2025-09-04 07:47:00,0,0.116,0,Low,Random Forest
36537,255,241,2025-09-04 07:50:00,0,0.1294,0,Low,Random Forest
36538,766,318,2025-09-04 07:51:00,0,0.2755,0,Low,Random Forest
36539,2930,176,2025-09-04 07:53:00,0,0.1301,0,Low,Random Forest
36540,1683,406,2025-09-04 07:58:00,1,0.1813,0,Low,Random Forest
36541,1535,28,2025-09-04 08:08:00,0,0.1767,0,Low,Random Forest
36543,2092,381,2025-09-04 08:12:00,1,0.4359,1,Medium,Random Forest
36542,2600,181,2025-09-04 08:12:00,0,0.1918,0,Low,Random Forest
36544,171,252,2025-09-04 08:16:00,0,0.1592,0,Low,Random Forest
36545,798,417,2025-09-04 08:25:00,0,0.2471,0,Low,Random Forest
36546,1438,116,2025-09-04 08:36:00,0,0.1674,0,Low,Random Forest
36547,2366,335,2025-09-04 08:39:00,0,0.3373,1,Medium,Random Forest
36548,879,252,2025-09-04 08:41:00,0,0.1954,0,Low,Random Forest
36549,1848,370,2025-09-04 08:58:00,0,0.2446,0,Low,Random Forest
36550,255,379,2025-09-04 09:00:00,1,0.1724,0,Low,Random Forest
36551,867,376,2025-09-04 09:35:00,0,0.1514,0,Low,Random Forest
36552,1413,370,2025-09-04 09:42:00,1,0.1474,0,Low,Random Forest
36553,1160,64,2025-09-04 09:50:00,0,0.176,0,Low,Random Forest
36554,1102,275,2025-09-04 09:57:00,0,0.2324,0,Low,Random Forest
36555,255,370,2025-09-04 09:58:00,1,0.2435,0,Low,Random Forest
36556,1101,180,2025-09-04 10:25:00,0,0.2928,0,Low,Random Forest
36557,1285,387,2025-09-04 10:31:00,0,0.1396,0,Low,Random Forest
36558,163,69,2025-09-04 10:39:00,0,0.1257,0,Low,Random Forest
36559,385,55,2025-09-04 10:43:00,0,0.1287,0,Low,Random Forest
36560,113,370,2025-09-04 10:59:00,0,0.1265,0,Low,Random Forest
36561,821,440,2025-09-04 11:04:00,0,0.268,0,Low,Random Forest
36562,2577,241,2025-09-04 11:10:00,0,0.1247,0,Low,Random Forest
36563,1089,201,2025-09-04 11:26:00,0,0.1369,0,Low,Random Forest
36564,2283,181,2025-09-04 11:30:00,0,0.1374,0,Low,Random Forest
36565,171,370,2025-09-04 11:43:00,0,0.1152,0,Low,Random Forest
36566,149,252,2025-09-04 12:01:00,0,0.1308,0,Low,Random Forest
36567,955,376,2025-09-04 12:03:00,0,0.1162,0,Low,Random Forest
36568,1967,370,2025-09-04 12:07:00,0,0.1425,0,Low,Random Forest
36569,487,241,2025-09-04 12:13:00,0,0.1123,0,Low,Random Forest
36570,2818,425,2025-09-04 12:30:00,1,0.746,1,High,Random Forest
36571,2590,262,2025-09-04 12:31:00,0,0.1725,0,Low,Random Forest
36572,1326,77,2025-09-04 12:54:00,0,0.1163,0,Low,Random Forest
36573,163,370,2025-09-04 13:21:00,0,0.1075,0,Low,Random Forest
36574,1035,83,2025-09-04 13:23:00,0,0.139,0,Low,Random Forest
36575,113,332,2025-09-04 13:24:00,0,0.1248,0,Low,Random Forest
36576,1455,363,2025-09-04 13:35:00,0,0.1175,0,Low,Random Forest
36577,1258,51,2025-09-04 13:39:00,0,0.1253,0,Low,Random Forest
36578,1078,370,2025-09-04 13:45:00,0,0.1351,0,Low,Random Forest
36579,513,247,2025-09-04 13:55:00,0,0.1821,0,Low,Random Forest
36580,1101,363,2025-09-04 14:07:00,0,0.1063,0,Low,Random Forest
36581,1618,370,2025-09-04 14:07:00,0,0.1327,0,Low,Random Forest
36582,2445,307,2025-09-04 14:18:00,0,0.1761,0,Low,Random Forest
36583,392,363,2025-09-04 14:24:00,0,0.1131,0,Low,Random Forest
36584,1105,236,2025-09-04 14:30:00,0,0.1177,0,Low,Random Forest
36585,483,252,2025-09-04 14:36:00,0,0.1292,0,Low,Random Forest
36586,815,72,2025-09-04 14:37:00,0,0.1784,0,Low,Random Forest
36587,2079,4,2025-09-04 15:03:00,0,0.3169,1,Medium,Random Forest
36588,665,181,2025-09-04 15:04:00,0,0.1528,0,Low,Random Forest
36589,1101,254,2025-09-04 15:05:00,1,0.1315,0,Low,Random Forest
36590,1875,114,2025-09-04 15:06:00,0,0.1272,0,Low,Random Forest
36591,1009,310,2025-09-04 15:17:00,0,0.2173,0,Low,Random Forest
36592,1234,370,2025-09-04 15:25:00,0,0.1593,0,Low,Random Forest
36593,2620,4,2025-09-04 15:30:00,1,0.2749,0,Low,Random Forest
36594,895,390,2025-09-04 15:35:00,0,0.1653,0,Low,Random Forest
36595,334,55,2025-09-04 15:37:00,0,0.1293,0,Low,Random Forest
36596,1604,322,2025-09-04 15:51:00,0,0.143,0,Low,Random Forest
36597,766,45,2025-09-04 16:01:00,0,0.1809,0,Low,Random Forest
36598,2019,305,2025-09-04 16:09:00,0,0.1365,0,Low,Random Forest
36599,1101,370,2025-09-04 16:10:00,0,0.1395,0,Low,Random Forest
36600,789,370,2025-09-04 16:14:00,0,0.1225,0,Low,Random Forest
36601,2920,376,2025-09-04 16:26:00,0,0.1099,0,Low,Random Forest
36602,231,285,2025-09-04 16:27:00,0,0.3624,1,Medium,Random Forest
36603,1389,283,2025-09-04 16:44:00,0,0.1519,0,Low,Random Forest
36604,2161,47,2025-09-04 16:47:00,0,0.1243,0,Low,Random Forest
36605,1812,370,2025-09-04 16:50:00,0,0.1336,0,Low,Random Forest
36606,48,241,2025-09-04 16:57:00,1,0.1408,0,Low,Random Forest
36607,2641,241,2025-09-04 16:58:00,0,0.1074,0,Low,Random Forest
36608,2294,318,2025-09-04 17:00:00,0,0.2883,0,Low,Random Forest
36609,2438,289,2025-09-04 17:04:00,0,0.1487,0,Low,Random Forest
36610,1089,406,2025-09-04 17:06:00,0,0.1183,0,Low,Random Forest
36611,1126,323,2025-09-04 17:26:00,0,0.1291,0,Low,Random Forest
36612,1455,386,2025-09-04 17:27:00,0,0.1434,0,Low,Random Forest
36613,2635,236,2025-09-04 17:31:00,0,0.1255,0,Low,Random Forest
36614,2452,376,2025-09-04 17:43:00,0,0.1113,0,Low,Random Forest
36615,255,224,2025-09-04 17:44:00,0,0.152,0,Low,Random Forest
36616,1089,296,2025-09-04 17:51:00,0,0.1893,0,Low,Random Forest
36617,1440,370,2025-09-04 17:51:00,0,0.1182,0,Low,Random Forest
36618,2039,180,2025-09-04 17:58:00,0,0.3259,1,Medium,Random Forest
36619,1986,109,2025-09-04 17:59:00,1,0.144,0,Low,Random Forest
36620,1636,370,2025-09-04 18:03:00,1,0.2606,0,Low,Random Forest
36621,1630,72,2025-09-04 18:09:00,0,0.32,1,Medium,Random Forest
36622,1584,376,2025-09-04 18:14:00,0,0.239,0,Low,Random Forest
36623,807,370,2025-09-04 18:15:00,0,0.2596,0,Low,Random Forest
36624,2161,370,2025-09-04 18:18:00,0,0.1658,0,Low,Random Forest
36625,2511,115,2025-09-04 18:26:00,0,0.1629,0,Low,Random Forest
36626,403,241,2025-09-04 18:27:00,0,0.2333,0,Low,Random Forest
36627,809,370,2025-09-04 18:27:00,0,0.1701,0,Low,Random Forest
36629,2952,86,2025-09-04 18:31:00,0,0.2125,0,Low,Random Forest
36628,2678,258,2025-09-04 18:31:00,0,0.2165,0,Low,Random Forest
36630,2965,236,2025-09-04 18:33:00,1,0.241,0,Low,Random Forest
36631,255,45,2025-09-04 18:50:00,0,0.2385,0,Low,Random Forest
36632,2459,359,2025-09-04 18:52:00,1,0.2747,0,Low,Random Forest
36633,1653,370,2025-09-04 18:56:00,0,0.249,0,Low,Random Forest
36634,483,45,2025-09-04 18:58:00,0,0.2655,0,Low,Random Forest
36635,2835,370,2025-09-04 19:01:00,0,0.159,0,Low,Random Forest
36636,652,334,2025-09-04 19:02:00,0,0.2121,0,Low,Random Forest
36637,483,433,2025-09-04 19:06:00,1,0.175,0,Low,Random Forest
36638,1087,198,2025-09-04 19:23:00,0,0.2529,0,Low,Random Forest
36639,113,181,2025-09-04 19:27:00,0,0.206,0,Low,Random Forest
36640,2625,231,2025-09-04 19:34:00,0,0.3037,1,Medium,Random Forest
36641,254,370,2025-09-04 19:53:00,1,0.2269,0,Low,Random Forest
36642,2360,50,2025-09-04 19:55:00,0,0.2849,0,Low,Random Forest
36643,2075,363,2025-09-04 19:56:00,0,0.252,0,Low,Random Forest
36644,1866,381,2025-09-04 20:00:00,1,0.5179,1,Medium,Random Forest
36645,255,351,2025-09-04 20:11:00,0,0.1632,0,Low,Random Forest
36646,755,241,2025-09-04 20:14:00,0,0.1516,0,Low,Random Forest
36647,251,180,2025-09-04 20:15:00,0,0.4808,1,Medium,Random Forest
36648,1621,106,2025-09-04 20:19:00,0,0.2042,0,Low,Random Forest
36649,255,316,2025-09-04 20:20:00,1,0.1576,0,Low,Random Forest
36650,255,46,2025-09-04 20:31:00,1,0.4286,1,Medium,Random Forest
36652,1101,351,2025-09-04 20:36:00,0,0.2399,0,Low,Random Forest
36651,807,429,2025-09-04 20:36:00,0,0.2395,0,Low,Random Forest
36653,2819,324,2025-09-04 20:40:00,0,0.1699,0,Low,Random Forest
36654,255,335,2025-09-04 20:40:00,0,0.4541,1,Medium,Random Forest
36655,2658,231,2025-09-04 20:48:00,1,0.3124,1,Medium,Random Forest
36656,2589,343,2025-09-04 20:51:00,1,0.3286,1,Medium,Random Forest
36657,258,273,2025-09-04 21:06:00,0,0.1225,0,Low,Random Forest
36658,1913,208,2025-09-04 21:08:00,0,0.1623,0,Low,Random Forest
36659,1966,45,2025-09-04 21:31:00,0,0.1747,0,Low,Random Forest
36660,113,387,2025-09-04 21:59:00,0,0.1414,0,Low,Random Forest
36661,2255,406,2025-09-04 22:08:00,0,0.1191,0,Low,Random Forest
36662,270,74,2025-09-04 22:31:00,0,0.1563,0,Low,Random Forest
36663,2255,64,2025-09-04 22:33:00,0,0.1398,0,Low,Random Forest
36664,1580,262,2025-09-04 22:34:00,1,0.1678,0,Low,Random Forest
36665,147,275,2025-09-04 23:23:00,0,0.1648,0,Low,Random Forest
36666,35,441,2025-09-05 00:03:00,0,0.2388,0,Low,Random Forest
36667,360,370,2025-09-05 00:43:00,0,0.2161,0,Low,Random Forest
36668,1848,289,2025-09-05 01:58:00,1,0.2134,0,Low,Random Forest
36669,2725,231,2025-09-05 02:22:00,0,0.2984,0,Low,Random Forest
36670,2499,281,2025-09-05 02:53:00,0,0.2497,0,Low,Random Forest
36671,1101,309,2025-09-05 03:00:00,1,0.2208,0,Low,Random Forest
36672,1147,226,2025-09-05 04:20:00,0,0.1996,0,Low,Random Forest
36673,2499,55,2025-09-05 05:03:00,0,0.1451,0,Low,Random Forest
36674,829,370,2025-09-05 06:27:00,0,0.1224,0,Low,Random Forest
36675,914,370,2025-09-05 06:27:00,0,0.1363,0,Low,Random Forest
36676,1421,241,2025-09-05 06:31:00,0,0.1601,0,Low,Random Forest
36677,1471,370,2025-09-05 06:36:00,0,0.1407,0,Low,Random Forest
36678,588,124,2025-09-05 06:40:00,0,0.1644,0,Low,Random Forest
36679,160,275,2025-09-05 06:42:00,1,0.1274,0,Low,Random Forest
36680,1101,370,2025-09-05 07:00:00,0,0.1196,0,Low,Random Forest
36681,1039,56,2025-09-05 07:09:00,0,0.1538,0,Low,Random Forest
36682,255,389,2025-09-05 07:11:00,0,0.1245,0,Low,Random Forest
36683,55,338,2025-09-05 07:18:00,0,0.1284,0,Low,Random Forest
36684,1673,318,2025-09-05 07:22:00,1,0.2879,0,Low,Random Forest
36685,217,363,2025-09-05 07:24:00,0,0.1231,0,Low,Random Forest
36686,2161,46,2025-09-05 07:25:00,1,0.2999,0,Low,Random Forest
36687,70,370,2025-09-05 07:28:00,0,0.124,0,Low,Random Forest
36688,51,124,2025-09-05 07:31:00,0,0.1421,0,Low,Random Forest
36689,2134,181,2025-09-05 07:46:00,0,0.1346,0,Low,Random Forest
36690,312,370,2025-09-05 07:50:00,0,0.1132,0,Low,Random Forest
36691,1852,252,2025-09-05 08:01:00,0,0.2357,0,Low,Random Forest
36692,2480,241,2025-09-05 08:04:00,0,0.2105,0,Low,Random Forest
36693,491,252,2025-09-05 08:05:00,0,0.2104,0,Low,Random Forest
36694,2881,116,2025-09-05 08:06:00,0,0.1674,0,Low,Random Forest
36695,942,412,2025-09-05 08:09:00,1,0.2785,0,Low,Random Forest
36696,2542,370,2025-09-05 08:10:00,0,0.24,0,Low,Random Forest
36697,2819,251,2025-09-05 08:12:00,1,0.2353,0,Low,Random Forest
36698,2317,363,2025-09-05 08:15:00,1,0.2067,0,Low,Random Forest
36699,1087,55,2025-09-05 08:16:00,1,0.2042,0,Low,Random Forest
36700,1419,370,2025-09-05 08:17:00,0,0.2514,0,Low,Random Forest
36701,507,252,2025-09-05 08:19:00,0,0.2704,0,Low,Random Forest
36702,884,252,2025-09-05 08:29:00,0,0.238,0,Low,Random Forest
36703,2942,158,2025-09-05 08:30:00,1,0.2579,0,Low,Random Forest
36704,1101,370,2025-09-05 08:31:00,0,0.1597,0,Low,Random Forest
36705,255,48,2025-09-05 08:44:00,0,0.1571,0,Low,Random Forest
36706,1996,370,2025-09-05 08:49:00,0,0.1534,0,Low,Random Forest
36707,1312,376,2025-09-05 08:50:00,0,0.1656,0,Low,Random Forest
36708,148,370,2025-09-05 08:52:00,0,0.226,0,Low,Random Forest
36709,1101,16,2025-09-05 09:04:00,0,0.1946,0,Low,Random Forest
36710,2089,260,2025-09-05 09:08:00,0,0.1704,0,Low,Random Forest
36711,113,334,2025-09-05 09:32:00,0,0.176,0,Low,Random Forest
36712,1105,252,2025-09-05 09:37:00,0,0.1982,0,Low,Random Forest
36713,265,390,2025-09-05 09:37:00,0,0.1954,0,Low,Random Forest
36714,864,328,2025-09-05 09:50:00,0,0.2145,0,Low,Random Forest
36715,291,363,2025-09-05 09:54:00,0,0.149,0,Low,Random Forest
36717,1101,318,2025-09-05 10:10:00,1,0.2686,0,Low,Random Forest
36716,2758,285,2025-09-05 10:10:00,0,0.313,1,Medium,Random Forest
36718,1812,220,2025-09-05 10:18:00,0,0.2491,0,Low,Random Forest
36719,580,74,2025-09-05 10:22:00,0,0.1339,0,Low,Random Forest
36720,389,334,2025-09-05 10:58:00,1,0.144,0,Low,Random Forest
36721,1875,434,2025-09-05 11:04:00,1,0.1579,0,Low,Random Forest
36722,51,241,2025-09-05 11:06:00,0,0.1261,0,Low,Random Forest
36723,432,262,2025-09-05 11:27:00,0,0.1295,0,Low,Random Forest
36724,255,389,2025-09-05 11:31:00,0,0.1364,0,Low,Random Forest
36725,255,88,2025-09-05 11:34:00,0,0.1174,0,Low,Random Forest
36726,914,296,2025-09-05 12:12:00,0,0.1253,0,Low,Random Forest
36727,2015,433,2025-09-05 12:17:00,0,0.1496,0,Low,Random Forest
36728,660,45,2025-09-05 12:22:00,0,0.1762,0,Low,Random Forest
36729,1406,376,2025-09-05 12:29:00,0,0.1365,0,Low,Random Forest
36730,500,370,2025-09-05 12:32:00,0,0.1142,0,Low,Random Forest
36731,2226,433,2025-09-05 12:35:00,0,0.1276,0,Low,Random Forest
36732,2317,387,2025-09-05 12:44:00,1,0.1402,0,Low,Random Forest
36733,1101,260,2025-09-05 12:48:00,0,0.1143,0,Low,Random Forest
36734,2222,241,2025-09-05 12:53:00,0,0.147,0,Low,Random Forest
36735,2794,400,2025-09-05 12:56:00,0,0.1294,0,Low,Random Forest
36737,132,216,2025-09-05 13:03:00,1,0.1448,0,Low,Random Forest
36736,2141,241,2025-09-05 13:03:00,0,0.1126,0,Low,Random Forest
36738,1101,252,2025-09-05 13:18:00,0,0.1064,0,Low,Random Forest
36739,1127,336,2025-09-05 13:20:00,0,0.128,0,Low,Random Forest
36740,2699,363,2025-09-05 13:21:00,0,0.1464,0,Low,Random Forest
36741,1101,181,2025-09-05 13:25:00,0,0.1236,0,Low,Random Forest
36742,255,387,2025-09-05 13:27:00,0,0.1448,0,Low,Random Forest
36743,641,208,2025-09-05 14:04:00,0,0.1375,0,Low,Random Forest
36744,1388,312,2025-09-05 14:07:00,0,0.1326,0,Low,Random Forest
36745,1642,241,2025-09-05 14:26:00,0,0.1144,0,Low,Random Forest
36747,255,77,2025-09-05 14:50:00,0,0.1262,0,Low,Random Forest
36746,312,408,2025-09-05 14:50:00,0,0.1622,0,Low,Random Forest
36748,1812,370,2025-09-05 15:04:00,0,0.1421,0,Low,Random Forest
36749,113,114,2025-09-05 15:09:00,0,0.1411,0,Low,Random Forest
36750,2861,252,2025-09-05 15:38:00,0,0.1161,0,Low,Random Forest
36751,1101,363,2025-09-05 15:49:00,0,0.1283,0,Low,Random Forest
36752,1636,307,2025-09-05 15:51:00,0,0.1502,0,Low,Random Forest
36753,639,318,2025-09-05 15:55:00,0,0.2745,0,Low,Random Forest
36754,255,412,2025-09-05 16:07:00,0,0.2033,0,Low,Random Forest
36755,2251,3,2025-09-05 16:15:00,0,0.1217,0,Low,Random Forest
36756,1552,60,2025-09-05 16:15:00,1,0.1566,0,Low,Random Forest
36757,1082,241,2025-09-05 16:17:00,0,0.1346,0,Low,Random Forest
36758,1801,370,2025-09-05 16:19:00,0,0.1339,0,Low,Random Forest
36759,1101,252,2025-09-05 16:20:00,0,0.1119,0,Low,Random Forest
36760,1101,311,2025-09-05 16:47:00,0,0.1195,0,Low,Random Forest
36761,1738,409,2025-09-05 16:51:00,0,0.1263,0,Low,Random Forest
36762,1455,77,2025-09-05 16:55:00,0,0.1311,0,Low,Random Forest
36763,113,318,2025-09-05 17:02:00,0,0.2932,0,Low,Random Forest
36764,1101,202,2025-09-05 17:04:00,0,0.1371,0,Low,Random Forest
36766,2089,240,2025-09-05 17:11:00,1,0.1326,0,Low,Random Forest
36765,343,72,2025-09-05 17:11:00,0,0.1763,0,Low,Random Forest
36767,163,370,2025-09-05 17:16:00,0,0.107,0,Low,Random Forest
36768,479,258,2025-09-05 17:22:00,0,0.1247,0,Low,Random Forest
36769,113,376,2025-09-05 17:24:00,0,0.1155,0,Low,Random Forest
36770,1367,376,2025-09-05 17:44:00,0,0.1261,0,Low,Random Forest
36771,678,252,2025-09-05 17:53:00,0,0.1279,0,Low,Random Forest
36772,1816,241,2025-09-05 18:03:00,0,0.2447,0,Low,Random Forest
36773,2222,370,2025-09-05 18:06:00,0,0.2779,0,Low,Random Forest
36774,113,370,2025-09-05 18:12:00,1,0.2573,0,Low,Random Forest
36775,2769,337,2025-09-05 18:13:00,0,0.3388,1,Medium,Random Forest
36776,255,58,2025-09-05 18:13:00,0,0.2537,0,Low,Random Forest
36777,1406,217,2025-09-05 18:15:00,1,0.2896,0,Low,Random Forest
36778,1986,256,2025-09-05 18:23:00,0,0.2123,0,Low,Random Forest
36779,1099,262,2025-09-05 18:25:00,0,0.1594,0,Low,Random Forest
36780,2639,341,2025-09-05 18:27:00,0,0.1643,0,Low,Random Forest
36781,1644,118,2025-09-05 18:29:00,0,0.2351,0,Low,Random Forest
36782,160,370,2025-09-05 18:37:00,0,0.2318,0,Low,Random Forest
36783,1101,318,2025-09-05 18:39:00,0,0.4468,1,Medium,Random Forest
36784,1216,362,2025-09-05 18:41:00,1,0.8208,1,High,Random Forest
36785,2439,433,2025-09-05 18:48:00,1,0.7856,1,High,Random Forest
36786,2317,328,2025-09-05 18:50:00,0,0.1689,0,Low,Random Forest
36788,73,370,2025-09-05 19:04:00,0,0.2447,0,Low,Random Forest
36787,821,370,2025-09-05 19:04:00,0,0.2731,0,Low,Random Forest
36789,1101,51,2025-09-05 19:12:00,0,0.1411,0,Low,Random Forest
36790,332,241,2025-09-05 19:15:00,1,0.2336,0,Low,Random Forest
36791,255,406,2025-09-05 19:18:00,0,0.1828,0,Low,Random Forest
36792,845,376,2025-09-05 19:39:00,0,0.2181,0,Low,Random Forest
36793,1233,252,2025-09-05 19:45:00,1,0.2284,0,Low,Random Forest
36794,2355,260,2025-09-05 19:50:00,0,0.2331,0,Low,Random Forest
36795,1138,241,2025-09-05 19:58:00,0,0.1647,0,Low,Random Forest
36796,2691,56,2025-09-05 20:14:00,0,0.1885,0,Low,Random Forest
36797,2691,50,2025-09-05 20:42:00,1,0.2939,0,Low,Random Forest
36798,2045,201,2025-09-05 20:50:00,0,0.281,0,Low,Random Forest
36799,2961,252,2025-09-05 20:51:00,0,0.2211,0,Low,Random Forest
36800,1760,412,2025-09-05 20:54:00,0,0.3327,1,Medium,Random Forest
36801,1875,318,2025-09-05 20:59:00,1,0.3744,1,Medium,Random Forest
36802,2774,433,2025-09-05 21:50:00,0,0.1619,0,Low,Random Forest
36803,2624,252,2025-09-05 21:53:00,1,0.1203,0,Low,Random Forest
36804,992,370,2025-09-05 21:59:00,0,0.1171,0,Low,Random Forest
36805,63,64,2025-09-05 22:05:00,1,0.139,0,Low,Random Forest
36806,113,406,2025-09-05 22:56:00,0,0.1213,0,Low,Random Forest
36807,1451,349,2025-09-06 02:59:00,1,0.2754,0,Low,Random Forest
36808,905,363,2025-09-06 03:15:00,0,0.2096,0,Low,Random Forest
36809,1039,439,2025-09-06 03:18:00,0,0.2333,0,Low,Random Forest
36810,1774,236,2025-09-06 03:57:00,1,0.2031,0,Low,Random Forest
36811,1650,323,2025-09-06 04:07:00,0,0.1837,0,Low,Random Forest
36812,1192,370,2025-09-06 04:24:00,0,0.2574,0,Low,Random Forest
36813,855,355,2025-09-06 04:36:00,1,0.7777,1,High,Random Forest
36814,113,275,2025-09-06 04:53:00,0,0.215,0,Low,Random Forest
36815,1373,435,2025-09-06 05:11:00,0,0.1559,0,Low,Random Forest
36816,1812,252,2025-09-06 05:27:00,0,0.1356,0,Low,Random Forest
36817,2238,370,2025-09-06 05:38:00,0,0.1415,0,Low,Random Forest
36818,2499,50,2025-09-06 05:56:00,1,0.2479,0,Low,Random Forest
36819,91,181,2025-09-06 06:02:00,0,0.1944,0,Low,Random Forest
36820,576,252,2025-09-06 06:08:00,0,0.1398,0,Low,Random Forest
36821,255,387,2025-09-06 06:09:00,0,0.1357,0,Low,Random Forest
36822,255,165,2025-09-06 06:17:00,0,0.166,0,Low,Random Forest
36823,135,335,2025-09-06 06:33:00,0,0.4241,1,Medium,Random Forest
36824,483,124,2025-09-06 06:45:00,0,0.1581,0,Low,Random Forest
36825,2226,306,2025-09-06 06:59:00,0,0.1551,0,Low,Random Forest
36826,1935,370,2025-09-06 07:03:00,0,0.2284,0,Low,Random Forest
36827,784,133,2025-09-06 07:13:00,0,0.428,1,Medium,Random Forest
36828,349,231,2025-09-06 07:22:00,0,0.2333,0,Low,Random Forest
36829,225,241,2025-09-06 07:23:00,0,0.1333,0,Low,Random Forest
36830,1450,200,2025-09-06 07:24:00,0,0.1561,0,Low,Random Forest
36831,1653,181,2025-09-06 07:29:00,0,0.1614,0,Low,Random Forest
36832,1487,370,2025-09-06 07:38:00,0,0.152,0,Low,Random Forest
36833,823,242,2025-09-06 07:43:00,0,0.2418,0,Low,Random Forest
36834,255,4,2025-09-06 07:48:00,1,0.4037,1,Medium,Random Forest
36835,1101,241,2025-09-06 07:53:00,1,0.2111,0,Low,Random Forest
36837,1101,21,2025-09-06 07:55:00,0,0.1733,0,Low,Random Forest
36836,175,189,2025-09-06 07:55:00,1,0.1302,0,Low,Random Forest
36838,2018,387,2025-09-06 07:57:00,0,0.1351,0,Low,Random Forest
36840,1106,306,2025-09-06 08:09:00,0,0.2064,0,Low,Random Forest
36839,1633,370,2025-09-06 08:09:00,1,0.7971,1,High,Random Forest
36841,97,116,2025-09-06 08:19:00,1,0.2721,0,Low,Random Forest
36842,1847,241,2025-09-06 08:28:00,0,0.174,0,Low,Random Forest
36843,2619,124,2025-09-06 08:28:00,0,0.3035,1,Medium,Random Forest
36844,113,355,2025-09-06 08:37:00,0,0.3132,1,Medium,Random Forest
36845,113,241,2025-09-06 08:38:00,0,0.1952,0,Low,Random Forest
36846,2255,97,2025-09-06 08:42:00,0,0.3137,1,Medium,Random Forest
36847,706,252,2025-09-06 08:44:00,0,0.2356,0,Low,Random Forest
36848,2653,107,2025-09-06 08:45:00,0,0.4781,1,Medium,Random Forest
36849,1930,365,2025-09-06 09:04:00,1,0.4762,1,Medium,Random Forest
36850,1653,370,2025-09-06 09:07:00,0,0.2602,0,Low,Random Forest
36851,1930,370,2025-09-06 09:09:00,1,0.2256,0,Low,Random Forest
36852,2718,176,2025-09-06 09:27:00,1,0.2345,0,Low,Random Forest
36853,1087,370,2025-09-06 09:32:00,0,0.2517,0,Low,Random Forest
36854,1896,406,2025-09-06 09:35:00,0,0.2485,0,Low,Random Forest
36855,1145,124,2025-09-06 09:41:00,1,0.2749,0,Low,Random Forest
36856,2317,318,2025-09-06 09:44:00,0,0.3249,1,Medium,Random Forest
36857,1914,363,2025-09-06 09:45:00,0,0.2521,0,Low,Random Forest
36858,1721,435,2025-09-06 09:47:00,0,0.2124,0,Low,Random Forest
36859,255,296,2025-09-06 10:01:00,0,0.115,0,Low,Random Forest
36860,255,158,2025-09-06 10:35:00,1,0.1845,0,Low,Random Forest
36861,1781,252,2025-09-06 10:57:00,0,0.194,0,Low,Random Forest
36862,1870,86,2025-09-06 11:16:00,0,0.1591,0,Low,Random Forest
36863,1160,406,2025-09-06 11:32:00,0,0.1418,0,Low,Random Forest
36864,2590,370,2025-09-06 11:39:00,0,0.1911,0,Low,Random Forest
36865,113,241,2025-09-06 11:39:00,0,0.1715,0,Low,Random Forest
36866,2672,275,2025-09-06 11:43:00,0,0.1878,0,Low,Random Forest
36867,2170,426,2025-09-06 11:51:00,0,0.184,0,Low,Random Forest
36868,363,323,2025-09-06 11:54:00,1,0.217,0,Low,Random Forest
36869,1101,28,2025-09-06 12:14:00,0,0.1538,0,Low,Random Forest
36870,483,318,2025-09-06 12:29:00,0,0.3409,1,Medium,Random Forest
36871,1574,3,2025-09-06 12:51:00,0,0.1524,0,Low,Random Forest
36872,2710,376,2025-09-06 12:52:00,0,0.1239,0,Low,Random Forest
36873,113,363,2025-09-06 12:59:00,0,0.1638,0,Low,Random Forest
36874,2092,359,2025-09-06 13:26:00,0,0.1825,0,Low,Random Forest
36875,1866,311,2025-09-06 13:40:00,0,0.147,0,Low,Random Forest
36876,518,252,2025-09-06 13:43:00,0,0.1676,0,Low,Random Forest
36877,1742,120,2025-09-06 13:57:00,0,0.2646,0,Low,Random Forest
36878,1495,132,2025-09-06 14:02:00,0,0.1535,0,Low,Random Forest
36879,2886,184,2025-09-06 14:11:00,0,0.1378,0,Low,Random Forest
36880,434,275,2025-09-06 14:16:00,0,0.152,0,Low,Random Forest
36881,863,262,2025-09-06 14:27:00,0,0.134,0,Low,Random Forest
36882,1101,376,2025-09-06 14:33:00,1,0.1541,0,Low,Random Forest
36883,595,176,2025-09-06 14:38:00,1,0.1546,0,Low,Random Forest
36884,255,363,2025-09-06 14:39:00,0,0.1419,0,Low,Random Forest
36885,374,359,2025-09-06 14:52:00,1,0.17,0,Low,Random Forest
36886,1798,370,2025-09-06 14:58:00,0,0.1335,0,Low,Random Forest
36887,222,50,2025-09-06 15:03:00,1,0.2508,0,Low,Random Forest
36888,1000,275,2025-09-06 15:05:00,0,0.1213,0,Low,Random Forest
36889,2104,370,2025-09-06 15:09:00,0,0.2195,0,Low,Random Forest
36890,20,77,2025-09-06 15:10:00,0,0.1443,0,Low,Random Forest
36891,1944,440,2025-09-06 15:15:00,1,0.307,1,Medium,Random Forest
36892,2748,390,2025-09-06 15:25:00,0,0.149,0,Low,Random Forest
36893,724,389,2025-09-06 15:32:00,0,0.1517,0,Low,Random Forest
36894,1258,158,2025-09-06 15:46:00,0,0.1744,0,Low,Random Forest
36895,113,426,2025-09-06 15:49:00,0,0.187,0,Low,Random Forest
36896,1875,316,2025-09-06 15:51:00,0,0.1411,0,Low,Random Forest
36897,1966,137,2025-09-06 15:53:00,0,0.3252,1,Medium,Random Forest
36899,1812,231,2025-09-06 16:02:00,0,0.2338,0,Low,Random Forest
36898,1623,216,2025-09-06 16:02:00,0,0.1288,0,Low,Random Forest
36900,530,343,2025-09-06 16:04:00,0,0.1908,0,Low,Random Forest
36901,1974,316,2025-09-06 16:15:00,0,0.1491,0,Low,Random Forest
36902,1258,370,2025-09-06 16:18:00,0,0.1305,0,Low,Random Forest
36903,1480,306,2025-09-06 16:18:00,1,0.1544,0,Low,Random Forest
36904,1195,376,2025-09-06 16:20:00,1,0.1323,0,Low,Random Forest
36905,231,363,2025-09-06 16:28:00,0,0.1288,0,Low,Random Forest
36906,163,45,2025-09-06 16:37:00,0,0.2004,0,Low,Random Forest
36907,2425,38,2025-09-06 16:38:00,0,0.1337,0,Low,Random Forest
36908,2120,241,2025-09-06 16:41:00,0,0.1389,0,Low,Random Forest
36909,651,93,2025-09-06 16:47:00,0,0.15,0,Low,Random Forest
36910,844,46,2025-09-06 16:52:00,1,0.3158,1,Medium,Random Forest
36911,2405,370,2025-09-06 16:57:00,0,0.1262,0,Low,Random Forest
36912,670,241,2025-09-06 17:05:00,0,0.1271,0,Low,Random Forest
36913,2173,406,2025-09-06 17:05:00,0,0.1536,0,Low,Random Forest
36914,2049,180,2025-09-06 17:08:00,1,0.3807,1,Medium,Random Forest
36915,557,120,2025-09-06 17:10:00,0,0.2546,0,Low,Random Forest
36916,2719,370,2025-09-06 17:11:00,1,0.2147,0,Low,Random Forest
36917,1812,370,2025-09-06 17:13:00,1,0.1619,0,Low,Random Forest
36918,1457,124,2025-09-06 17:15:00,0,0.1407,0,Low,Random Forest
36919,1455,337,2025-09-06 17:20:00,0,0.2252,0,Low,Random Forest
36920,1848,124,2025-09-06 17:21:00,0,0.1367,0,Low,Random Forest
36922,1229,45,2025-09-06 17:29:00,1,0.2126,0,Low,Random Forest
36921,254,414,2025-09-06 17:29:00,0,0.2324,0,Low,Random Forest
36923,265,363,2025-09-06 17:33:00,0,0.1411,0,Low,Random Forest
36924,1101,116,2025-09-06 17:33:00,0,0.1595,0,Low,Random Forest
36925,255,170,2025-09-06 17:39:00,0,0.3447,1,Medium,Random Forest
36926,2831,241,2025-09-06 17:45:00,0,0.2265,0,Low,Random Forest
36927,1101,181,2025-09-06 17:47:00,0,0.1531,0,Low,Random Forest
36928,2790,81,2025-09-06 17:49:00,1,0.3271,1,Medium,Random Forest
36929,1483,252,2025-09-06 17:53:00,1,0.1591,0,Low,Random Forest
36930,1457,363,2025-09-06 17:54:00,0,0.1466,0,Low,Random Forest
36931,2691,73,2025-09-06 18:04:00,0,0.2701,0,Low,Random Forest
36932,152,132,2025-09-06 18:21:00,1,0.2268,0,Low,Random Forest
36933,1101,262,2025-09-06 18:34:00,1,0.2637,0,Low,Random Forest
36934,1101,306,2025-09-06 18:35:00,0,0.3092,1,Medium,Random Forest
36935,1005,370,2025-09-06 18:38:00,0,0.2056,0,Low,Random Forest
36936,1075,38,2025-09-06 18:45:00,0,0.239,0,Low,Random Forest
36937,560,323,2025-09-06 18:58:00,1,0.2551,0,Low,Random Forest
36938,36,370,2025-09-06 19:00:00,0,0.2755,0,Low,Random Forest
36939,1618,370,2025-09-06 19:01:00,1,0.1922,0,Low,Random Forest
36940,1195,440,2025-09-06 19:17:00,0,0.4226,1,Medium,Random Forest
36941,1331,86,2025-09-06 19:23:00,0,0.2423,0,Low,Random Forest
36942,1587,208,2025-09-06 19:30:00,0,0.3215,1,Medium,Random Forest
36943,1848,376,2025-09-06 19:59:00,0,0.2699,0,Low,Random Forest
36944,939,120,2025-09-06 20:14:00,1,0.3848,1,Medium,Random Forest
36946,1848,389,2025-09-06 20:17:00,1,0.2043,0,Low,Random Forest
36945,1636,363,2025-09-06 20:17:00,0,0.2113,0,Low,Random Forest
36947,847,202,2025-09-06 20:19:00,0,0.2974,0,Low,Random Forest
36948,2444,102,2025-09-06 21:07:00,0,0.1593,0,Low,Random Forest
36949,2577,379,2025-09-06 21:13:00,0,0.1567,0,Low,Random Forest
36950,258,259,2025-09-06 21:17:00,0,0.165,0,Low,Random Forest
36951,1181,370,2025-09-06 21:53:00,0,0.1266,0,Low,Random Forest
36952,372,64,2025-09-06 21:54:00,0,0.1674,0,Low,Random Forest
36953,2132,318,2025-09-06 21:55:00,0,0.3519,1,Medium,Random Forest
36954,2048,262,2025-09-06 22:03:00,0,0.1471,0,Low,Random Forest
36955,1653,258,2025-09-06 22:20:00,0,0.2284,0,Low,Random Forest
36956,2453,45,2025-09-06 22:32:00,0,0.2401,0,Low,Random Forest
36957,17,232,2025-09-06 22:59:00,0,0.2822,0,Low,Random Forest
36958,255,187,2025-09-06 23:03:00,1,0.1689,0,Low,Random Forest
36959,2005,309,2025-09-06 23:10:00,1,0.2224,0,Low,Random Forest
36960,922,376,2025-09-06 23:15:00,0,0.1587,0,Low,Random Forest
36961,89,370,2025-09-06 23:18:00,0,0.1811,0,Low,Random Forest
36962,1852,46,2025-09-06 23:26:00,0,0.3383,1,Medium,Random Forest
36963,255,231,2025-09-07 00:22:00,0,0.3193,1,Medium,Random Forest
36964,160,241,2025-09-07 02:43:00,0,0.2053,0,Low,Random Forest
36965,739,260,2025-09-07 04:19:00,0,0.1694,0,Low,Random Forest
36966,1879,180,2025-09-07 04:20:00,1,0.3998,1,Medium,Random Forest
36967,1195,376,2025-09-07 05:13:00,0,0.1431,0,Low,Random Forest
36968,113,306,2025-09-07 05:16:00,0,0.1447,0,Low,Random Forest
36970,442,318,2025-09-07 06:04:00,1,0.2958,0,Low,Random Forest
36969,2239,310,2025-09-07 06:04:00,0,0.2643,0,Low,Random Forest
36971,1101,38,2025-09-07 06:26:00,0,0.1836,0,Low,Random Forest
36972,160,318,2025-09-07 06:44:00,0,0.3344,1,Medium,Random Forest
36973,219,50,2025-09-07 06:48:00,0,0.1982,0,Low,Random Forest
36974,1629,406,2025-09-07 06:50:00,0,0.123,0,Low,Random Forest
36975,2107,120,2025-09-07 07:13:00,0,0.2489,0,Low,Random Forest
36976,1699,296,2025-09-07 07:19:00,0,0.1436,0,Low,Random Forest
36977,1935,376,2025-09-07 07:20:00,0,0.1323,0,Low,Random Forest
36978,2082,63,2025-09-07 07:21:00,0,0.179,0,Low,Random Forest
36979,2624,241,2025-09-07 07:22:00,0,0.1448,0,Low,Random Forest
36980,255,241,2025-09-07 07:23:00,0,0.1308,0,Low,Random Forest
36981,312,412,2025-09-07 07:26:00,0,0.2241,0,Low,Random Forest
36982,2276,285,2025-09-07 07:41:00,1,0.3581,1,Medium,Random Forest
36983,1160,275,2025-09-07 08:04:00,1,0.2617,0,Low,Random Forest
36984,1303,236,2025-09-07 08:06:00,0,0.2145,0,Low,Random Forest
36986,2251,121,2025-09-07 08:07:00,1,0.4028,1,Medium,Random Forest
36985,2325,260,2025-09-07 08:07:00,0,0.1931,0,Low,Random Forest
36987,1101,11,2025-09-07 08:08:00,0,0.2497,0,Low,Random Forest
36988,1150,154,2025-09-07 08:12:00,0,0.1844,0,Low,Random Forest
36989,1525,376,2025-09-07 08:14:00,0,0.192,0,Low,Random Forest
36990,1101,238,2025-09-07 08:14:00,0,0.2646,0,Low,Random Forest
36991,849,376,2025-09-07 08:23:00,0,0.2332,0,Low,Random Forest
36992,1063,220,2025-09-07 08:27:00,1,0.3705,1,Medium,Random Forest
36993,1139,316,2025-09-07 08:30:00,0,0.1958,0,Low,Random Forest
36994,2685,106,2025-09-07 09:05:00,1,0.3123,1,Medium,Random Forest
36995,1101,262,2025-09-07 09:09:00,1,0.7869,1,High,Random Forest
36996,2542,435,2025-09-07 09:15:00,0,0.1995,0,Low,Random Forest
36997,892,370,2025-09-07 09:15:00,0,0.2121,0,Low,Random Forest
36998,1101,152,2025-09-07 09:23:00,0,0.2175,0,Low,Random Forest
36999,1666,336,2025-09-07 09:24:00,1,0.2603,0,Low,Random Forest
37000,1944,433,2025-09-07 09:26:00,1,0.26,0,Low,Random Forest
37001,1389,421,2025-09-07 09:35:00,0,0.3027,1,Medium,Random Forest
37002,207,45,2025-09-07 09:42:00,1,0.3029,1,Medium,Random Forest
37003,2824,262,2025-09-07 09:49:00,0,0.2546,0,Low,Random Forest
37004,244,262,2025-09-07 10:07:00,0,0.144,0,Low,Random Forest
37005,2019,390,2025-09-07 10:13:00,0,0.1666,0,Low,Random Forest
37006,2512,226,2025-09-07 10:13:00,0,0.1466,0,Low,Random Forest
37007,1880,363,2025-09-07 10:39:00,0,0.126,0,Low,Random Forest
37008,255,370,2025-09-07 10:46:00,0,0.1767,0,Low,Random Forest
37009,98,275,2025-09-07 10:55:00,0,0.1687,0,Low,Random Forest
37010,255,406,2025-09-07 10:56:00,0,0.1179,0,Low,Random Forest
37011,255,316,2025-09-07 11:03:00,0,0.2077,0,Low,Random Forest
37012,171,64,2025-09-07 11:06:00,0,0.1148,0,Low,Random Forest
37013,1812,307,2025-09-07 11:08:00,0,0.2891,0,Low,Random Forest
37014,2718,180,2025-09-07 11:09:00,0,0.3284,1,Medium,Random Forest
37015,1101,48,2025-09-07 11:32:00,1,0.1219,0,Low,Random Forest
37016,255,410,2025-09-07 11:41:00,0,0.1999,0,Low,Random Forest
37017,433,281,2025-09-07 11:50:00,1,0.1735,0,Low,Random Forest
37018,2100,55,2025-09-07 12:19:00,0,0.1534,0,Low,Random Forest
37019,113,312,2025-09-07 12:22:00,0,0.1279,0,Low,Random Forest
37020,1273,370,2025-09-07 12:29:00,0,0.1412,0,Low,Random Forest
37021,1324,435,2025-09-07 12:40:00,0,0.1886,0,Low,Random Forest
37022,2994,370,2025-09-07 12:42:00,0,0.1583,0,Low,Random Forest
37023,1709,82,2025-09-07 12:56:00,0,0.1499,0,Low,Random Forest
37024,2688,335,2025-09-07 12:57:00,1,0.4037,1,Medium,Random Forest
37025,1105,77,2025-09-07 13:08:00,0,0.1471,0,Low,Random Forest
37026,2691,122,2025-09-07 13:12:00,0,0.1804,0,Low,Random Forest
37027,1373,316,2025-09-07 13:28:00,0,0.1453,0,Low,Random Forest
37028,805,370,2025-09-07 13:49:00,0,0.1569,0,Low,Random Forest
37029,1192,136,2025-09-07 14:06:00,0,0.1551,0,Low,Random Forest
37030,2351,262,2025-09-07 14:09:00,0,0.1294,0,Low,Random Forest
37031,252,376,2025-09-07 15:01:00,1,0.1328,0,Low,Random Forest
37032,2577,370,2025-09-07 15:06:00,0,0.2352,0,Low,Random Forest
37033,123,131,2025-09-07 15:13:00,0,0.1267,0,Low,Random Forest
37034,255,435,2025-09-07 15:35:00,0,0.1233,0,Low,Random Forest
37035,821,172,2025-09-07 15:49:00,1,0.1767,0,Low,Random Forest
37036,1422,315,2025-09-07 15:51:00,0,0.139,0,Low,Random Forest
37037,1939,252,2025-09-07 15:55:00,0,0.1678,0,Low,Random Forest
37038,413,158,2025-09-07 15:57:00,0,0.176,0,Low,Random Forest
37039,2025,107,2025-09-07 16:20:00,1,0.3227,1,Medium,Random Forest
37040,255,318,2025-09-07 16:26:00,0,0.2701,0,Low,Random Forest
37041,855,370,2025-09-07 16:35:00,0,0.1954,0,Low,Random Forest
37042,1089,275,2025-09-07 16:38:00,0,0.1301,0,Low,Random Forest
37043,1373,318,2025-09-07 16:39:00,0,0.3117,1,Medium,Random Forest
37044,53,260,2025-09-07 16:39:00,1,0.1576,0,Low,Random Forest
37045,1362,259,2025-09-07 16:41:00,0,0.1348,0,Low,Random Forest
37047,255,370,2025-09-07 16:53:00,0,0.1382,0,Low,Random Forest
37046,274,223,2025-09-07 16:53:00,0,0.1661,0,Low,Random Forest
37048,432,72,2025-09-07 17:08:00,0,0.2011,0,Low,Random Forest
37049,564,191,2025-09-07 17:15:00,0,0.1685,0,Low,Random Forest
37050,1479,370,2025-09-07 17:17:00,0,0.147,0,Low,Random Forest
37051,207,370,2025-09-07 17:18:00,1,0.1326,0,Low,Random Forest
37052,2497,433,2025-09-07 17:18:00,0,0.1408,0,Low,Random Forest
37053,687,442,2025-09-07 17:27:00,0,0.1497,0,Low,Random Forest
37054,1101,296,2025-09-07 17:28:00,0,0.1174,0,Low,Random Forest
37055,434,240,2025-09-07 17:35:00,0,0.1664,0,Low,Random Forest
37056,2818,231,2025-09-07 17:38:00,0,0.238,0,Low,Random Forest
37057,653,103,2025-09-07 17:39:00,1,0.2237,0,Low,Random Forest
37058,1225,370,2025-09-07 17:41:00,0,0.1509,0,Low,Random Forest
37059,807,3,2025-09-07 17:42:00,0,0.1431,0,Low,Random Forest
37060,189,81,2025-09-07 17:43:00,1,0.3395,1,Medium,Random Forest
37061,2725,180,2025-09-07 17:45:00,0,0.3063,1,Medium,Random Forest
37062,2092,231,2025-09-07 17:48:00,0,0.2196,0,Low,Random Forest
37063,2202,187,2025-09-07 17:56:00,1,0.1474,0,Low,Random Forest
37064,2928,264,2025-09-07 18:11:00,0,0.1804,0,Low,Random Forest
37065,1159,296,2025-09-07 18:15:00,0,0.1702,0,Low,Random Forest
37066,572,15,2025-09-07 18:16:00,0,0.297,0,Low,Random Forest
37067,2130,229,2025-09-07 18:24:00,0,0.3305,1,Medium,Random Forest
37068,2063,252,2025-09-07 18:26:00,0,0.2218,0,Low,Random Forest
37069,2317,181,2025-09-07 18:27:00,0,0.2377,0,Low,Random Forest
37070,2317,390,2025-09-07 18:35:00,1,0.2831,0,Low,Random Forest
37071,1030,252,2025-09-07 18:36:00,0,0.1778,0,Low,Random Forest
37072,298,64,2025-09-07 18:43:00,0,0.3026,1,Medium,Random Forest
37073,2731,433,2025-09-07 18:44:00,1,0.3152,1,Medium,Random Forest
37074,1719,307,2025-09-07 18:59:00,0,0.3047,1,Medium,Random Forest
37075,1457,327,2025-09-07 19:01:00,1,0.2649,0,Low,Random Forest
37076,1359,281,2025-09-07 19:04:00,0,0.2208,0,Low,Random Forest
37077,312,376,2025-09-07 19:16:00,0,0.2283,0,Low,Random Forest
37078,113,3,2025-09-07 19:16:00,0,0.2993,0,Low,Random Forest
37079,1751,370,2025-09-07 19:33:00,0,0.2474,0,Low,Random Forest
37080,2872,446,2025-09-07 19:41:00,0,0.3449,1,Medium,Random Forest
37081,2326,370,2025-09-07 19:42:00,0,0.2889,0,Low,Random Forest
37082,2581,133,2025-09-07 19:47:00,0,0.5285,1,Medium,Random Forest
37083,2882,181,2025-09-07 19:56:00,0,0.2646,0,Low,Random Forest
37084,2255,275,2025-09-07 20:00:00,0,0.2654,0,Low,Random Forest
37085,2819,106,2025-09-07 20:01:00,0,0.3298,1,Medium,Random Forest
37086,949,370,2025-09-07 20:16:00,0,0.2774,0,Low,Random Forest
37087,604,314,2025-09-07 20:20:00,0,0.2637,0,Low,Random Forest
37088,236,108,2025-09-07 20:26:00,0,0.2422,0,Low,Random Forest
37089,2589,306,2025-09-07 20:36:00,1,0.3107,1,Medium,Random Forest
37090,2278,376,2025-09-07 20:44:00,0,0.2417,0,Low,Random Forest
37091,2283,45,2025-09-07 20:47:00,0,0.2528,0,Low,Random Forest
37092,1101,387,2025-09-07 20:49:00,0,0.2852,0,Low,Random Forest
37093,1389,86,2025-09-07 20:51:00,0,0.2081,0,Low,Random Forest
37094,2092,181,2025-09-07 20:59:00,0,0.3231,1,Medium,Random Forest
37095,2894,181,2025-09-07 21:35:00,0,0.1532,0,Low,Random Forest
37096,738,158,2025-09-07 22:07:00,1,0.2153,0,Low,Random Forest
37097,2317,390,2025-09-07 22:18:00,0,0.1575,0,Low,Random Forest
37098,2394,376,2025-09-07 22:26:00,0,0.1353,0,Low,Random Forest
37099,162,442,2025-09-07 22:27:00,1,0.1725,0,Low,Random Forest
37100,1650,116,2025-09-07 23:59:00,1,0.1933,0,Low,Random Forest
37101,1225,252,2025-09-08 00:46:00,0,0.1743,0,Low,Random Forest
37102,1089,370,2025-09-08 03:16:00,0,0.1905,0,Low,Random Forest
37103,821,3,2025-09-08 03:46:00,1,0.1971,0,Low,Random Forest
37104,2578,152,2025-09-08 05:06:00,1,0.158,0,Low,Random Forest
37105,1101,289,2025-09-08 05:21:00,0,0.1388,0,Low,Random Forest
37106,2226,370,2025-09-08 05:22:00,0,0.1221,0,Low,Random Forest
37107,2788,180,2025-09-08 05:50:00,0,0.3047,1,Medium,Random Forest
37108,2005,181,2025-09-08 06:04:00,0,0.1481,0,Low,Random Forest
37109,255,241,2025-09-08 06:18:00,0,0.1384,0,Low,Random Forest
37110,491,241,2025-09-08 06:20:00,0,0.1113,0,Low,Random Forest
37111,1180,106,2025-09-08 06:21:00,0,0.17,0,Low,Random Forest
37112,2325,363,2025-09-08 06:29:00,1,0.1416,0,Low,Random Forest
37113,2837,370,2025-09-08 06:42:00,0,0.1152,0,Low,Random Forest
37114,1653,370,2025-09-08 07:17:00,0,0.1184,0,Low,Random Forest
37115,2600,241,2025-09-08 07:27:00,0,0.1276,0,Low,Random Forest
37116,2161,306,2025-09-08 07:29:00,0,0.1953,0,Low,Random Forest
37117,1089,349,2025-09-08 07:37:00,0,0.1321,0,Low,Random Forest
37118,1150,77,2025-09-08 07:39:00,0,0.1132,0,Low,Random Forest
37119,2084,77,2025-09-08 07:41:00,0,0.1232,0,Low,Random Forest
37120,1876,241,2025-09-08 08:03:00,0,0.2314,0,Low,Random Forest
37122,2800,337,2025-09-08 08:16:00,1,0.348,1,Medium,Random Forest
37121,255,231,2025-09-08 08:16:00,0,0.2591,0,Low,Random Forest
37123,2748,296,2025-09-08 08:17:00,0,0.1998,0,Low,Random Forest
37124,1296,241,2025-09-08 08:19:00,0,0.2527,0,Low,Random Forest
37125,255,406,2025-09-08 08:20:00,0,0.2233,0,Low,Random Forest
37126,255,370,2025-09-08 08:22:00,0,0.2622,0,Low,Random Forest
37127,1455,241,2025-09-08 08:25:00,0,0.2135,0,Low,Random Forest
37128,1101,370,2025-09-08 08:27:00,0,0.2668,0,Low,Random Forest
37129,504,275,2025-09-08 08:31:00,1,0.2286,0,Low,Random Forest
37130,1101,252,2025-09-08 08:32:00,0,0.1818,0,Low,Random Forest
37132,597,106,2025-09-08 08:32:00,0,0.1851,0,Low,Random Forest
37131,536,350,2025-09-08 08:32:00,0,0.17,0,Low,Random Forest
37133,781,370,2025-09-08 08:35:00,0,0.1536,0,Low,Random Forest
37134,334,275,2025-09-08 08:44:00,1,0.2157,0,Low,Random Forest
37135,2070,271,2025-09-08 08:47:00,0,0.2616,0,Low,Random Forest
37136,2165,359,2025-09-08 08:56:00,0,0.2094,0,Low,Random Forest
37137,1421,328,2025-09-08 08:57:00,0,0.2552,0,Low,Random Forest
37138,1587,241,2025-09-08 09:03:00,0,0.2069,0,Low,Random Forest
37139,1087,370,2025-09-08 09:09:00,0,0.2614,0,Low,Random Forest
37140,1747,28,2025-09-08 09:09:00,0,0.2842,0,Low,Random Forest
37141,2472,45,2025-09-08 09:12:00,0,0.2649,0,Low,Random Forest
37142,1739,275,2025-09-08 09:20:00,1,0.2031,0,Low,Random Forest
37143,113,86,2025-09-08 09:29:00,1,0.1533,0,Low,Random Forest
37144,2344,363,2025-09-08 09:33:00,0,0.203,0,Low,Random Forest
37146,348,241,2025-09-08 09:35:00,1,0.2429,0,Low,Random Forest
37145,85,370,2025-09-08 09:35:00,0,0.2456,0,Low,Random Forest
37147,1812,241,2025-09-08 09:38:00,0,0.1643,0,Low,Random Forest
37148,434,370,2025-09-08 09:40:00,1,0.7874,1,High,Random Forest
37149,2256,252,2025-09-08 09:42:00,0,0.232,0,Low,Random Forest
37150,2951,318,2025-09-08 09:44:00,1,0.7273,1,High,Random Forest
37151,1285,231,2025-09-08 09:47:00,0,0.289,0,Low,Random Forest
37152,1812,318,2025-09-08 09:52:00,1,0.3321,1,Medium,Random Forest
37153,2261,376,2025-09-08 09:54:00,1,0.1555,0,Low,Random Forest
37154,1002,248,2025-09-08 09:57:00,0,0.1604,0,Low,Random Forest
37155,544,370,2025-09-08 10:05:00,0,0.1321,0,Low,Random Forest
37156,2317,31,2025-09-08 10:10:00,0,0.1257,0,Low,Random Forest
37157,1353,120,2025-09-08 10:16:00,1,0.2226,0,Low,Random Forest
37158,588,114,2025-09-08 10:21:00,0,0.1267,0,Low,Random Forest
37159,1101,392,2025-09-08 10:23:00,0,0.1285,0,Low,Random Forest
37160,709,260,2025-09-08 10:24:00,1,0.1483,0,Low,Random Forest
37161,1875,433,2025-09-08 10:29:00,0,0.1302,0,Low,Random Forest
37162,341,376,2025-09-08 10:47:00,0,0.1307,0,Low,Random Forest
37163,256,337,2025-09-08 10:58:00,1,0.2343,0,Low,Random Forest
37164,1848,55,2025-09-08 11:08:00,0,0.1563,0,Low,Random Forest
37165,1073,363,2025-09-08 11:15:00,0,0.1736,0,Low,Random Forest
37166,482,262,2025-09-08 11:26:00,0,0.1279,0,Low,Random Forest
37167,2590,45,2025-09-08 11:30:00,0,0.1696,0,Low,Random Forest
37168,2946,269,2025-09-08 11:39:00,0,0.1354,0,Low,Random Forest
37169,1234,363,2025-09-08 11:43:00,0,0.1361,0,Low,Random Forest
37170,1147,363,2025-09-08 11:54:00,0,0.1445,0,Low,Random Forest
37171,1101,3,2025-09-08 11:55:00,1,0.7757,1,High,Random Forest
37172,1816,181,2025-09-08 11:56:00,0,0.1405,0,Low,Random Forest
37173,1812,317,2025-09-08 12:02:00,0,0.1284,0,Low,Random Forest
37174,255,337,2025-09-08 12:06:00,0,0.1885,0,Low,Random Forest
37175,2337,77,2025-09-08 12:11:00,0,0.1167,0,Low,Random Forest
37176,255,370,2025-09-08 12:19:00,0,0.1353,0,Low,Random Forest
37177,687,236,2025-09-08 12:28:00,0,0.134,0,Low,Random Forest
37178,7,3,2025-09-08 13:03:00,0,0.1335,0,Low,Random Forest
37179,1768,77,2025-09-08 13:05:00,1,0.7799,1,High,Random Forest
37180,163,74,2025-09-08 13:16:00,0,0.1353,0,Low,Random Forest
37181,721,88,2025-09-08 13:22:00,1,0.1335,0,Low,Random Forest
37182,1101,370,2025-09-08 13:42:00,0,0.1295,0,Low,Random Forest
37183,255,159,2025-09-08 13:44:00,0,0.1256,0,Low,Random Forest
37184,1101,55,2025-09-08 13:53:00,1,0.1289,0,Low,Random Forest
37185,255,402,2025-09-08 13:55:00,0,0.1328,0,Low,Random Forest
37186,1389,4,2025-09-08 14:05:00,0,0.3022,1,Medium,Random Forest
37187,968,370,2025-09-08 14:24:00,0,0.1454,0,Low,Random Forest
37189,2180,370,2025-09-08 15:06:00,0,0.1134,0,Low,Random Forest
37188,789,370,2025-09-08 15:06:00,0,0.1282,0,Low,Random Forest
37190,219,387,2025-09-08 15:13:00,0,0.1272,0,Low,Random Forest
37191,255,363,2025-09-08 15:19:00,0,0.1176,0,Low,Random Forest
37192,1812,76,2025-09-08 15:20:00,0,0.1492,0,Low,Random Forest
37193,892,241,2025-09-08 15:21:00,0,0.1195,0,Low,Random Forest
37194,1974,178,2025-09-08 15:33:00,0,0.195,0,Low,Random Forest
37195,1249,181,2025-09-08 15:44:00,0,0.1388,0,Low,Random Forest
37196,1101,11,2025-09-08 15:57:00,1,0.1191,0,Low,Random Forest
37197,1101,363,2025-09-08 16:08:00,0,0.1056,0,Low,Random Forest
37198,51,370,2025-09-08 16:16:00,0,0.1298,0,Low,Random Forest
37199,1101,363,2025-09-08 16:26:00,0,0.1067,0,Low,Random Forest
37200,1356,323,2025-09-08 16:38:00,0,0.1222,0,Low,Random Forest
37201,1875,45,2025-09-08 16:42:00,0,0.1746,0,Low,Random Forest
37202,258,77,2025-09-08 16:50:00,1,0.1105,0,Low,Random Forest
37203,2889,77,2025-09-08 16:52:00,0,0.1148,0,Low,Random Forest
37204,254,181,2025-09-08 16:53:00,0,0.1431,0,Low,Random Forest
37205,1101,425,2025-09-08 17:00:00,1,0.2448,0,Low,Random Forest
37206,2345,162,2025-09-08 17:07:00,0,0.1197,0,Low,Random Forest
37207,1193,412,2025-09-08 17:14:00,1,0.2366,0,Low,Random Forest
37208,2431,328,2025-09-08 17:15:00,0,0.1356,0,Low,Random Forest
37209,434,376,2025-09-08 17:21:00,0,0.15,0,Low,Random Forest
37210,724,45,2025-09-08 17:24:00,0,0.1686,0,Low,Random Forest
37211,2320,412,2025-09-08 17:28:00,0,0.2087,0,Low,Random Forest
37212,864,307,2025-09-08 17:31:00,1,0.1617,0,Low,Random Forest
37213,2930,48,2025-09-08 17:36:00,1,0.1215,0,Low,Random Forest
37214,1812,376,2025-09-08 17:41:00,0,0.1333,0,Low,Random Forest
37215,560,433,2025-09-08 18:03:00,0,0.1599,0,Low,Random Forest
37216,1054,180,2025-09-08 18:06:00,1,0.3896,1,Medium,Random Forest
37217,1193,252,2025-09-08 18:08:00,1,0.1691,0,Low,Random Forest
37218,1101,324,2025-09-08 18:12:00,0,0.1594,0,Low,Random Forest
37219,1604,370,2025-09-08 18:22:00,0,0.2349,0,Low,Random Forest
37220,255,124,2025-09-08 18:41:00,1,0.1731,0,Low,Random Forest
37221,1768,241,2025-09-08 18:43:00,1,0.181,0,Low,Random Forest
37222,1101,152,2025-09-08 18:45:00,0,0.1798,0,Low,Random Forest
37223,1939,412,2025-09-08 18:47:00,0,0.3695,1,Medium,Random Forest
37224,2092,114,2025-09-08 19:03:00,0,0.1594,0,Low,Random Forest
37225,1101,426,2025-09-08 19:05:00,0,0.2244,0,Low,Random Forest
37226,2336,376,2025-09-08 19:16:00,0,0.1544,0,Low,Random Forest
37227,860,307,2025-09-08 19:28:00,0,0.3029,1,Medium,Random Forest
37228,2503,176,2025-09-08 19:36:00,0,0.1694,0,Low,Random Forest
37229,2830,370,2025-09-08 19:40:00,0,0.2675,0,Low,Random Forest
37230,113,370,2025-09-08 19:45:00,0,0.2309,0,Low,Random Forest
37231,2834,241,2025-09-08 19:47:00,0,0.2451,0,Low,Random Forest
37232,113,184,2025-09-08 19:51:00,0,0.2566,0,Low,Random Forest
37233,2255,323,2025-09-08 19:53:00,0,0.1699,0,Low,Random Forest
37234,2774,281,2025-09-08 19:59:00,0,0.2218,0,Low,Random Forest
37235,1884,247,2025-09-08 20:14:00,0,0.2,0,Low,Random Forest
37236,1459,323,2025-09-08 20:23:00,1,0.8108,1,High,Random Forest
37237,1101,401,2025-09-08 20:32:00,0,0.1937,0,Low,Random Forest
37238,163,208,2025-09-08 20:32:00,1,0.1686,0,Low,Random Forest
37239,158,334,2025-09-08 20:40:00,0,0.1742,0,Low,Random Forest
37240,1101,318,2025-09-08 21:14:00,0,0.2665,0,Low,Random Forest
37241,2276,77,2025-09-08 21:41:00,1,0.7518,1,High,Random Forest
37242,771,433,2025-09-08 21:49:00,1,0.1893,0,Low,Random Forest
37243,2283,180,2025-09-08 21:54:00,0,0.3095,1,Medium,Random Forest
37244,2459,86,2025-09-08 21:55:00,0,0.1209,0,Low,Random Forest
37245,1438,370,2025-09-08 22:20:00,0,0.1235,0,Low,Random Forest
37246,1457,231,2025-09-08 22:21:00,0,0.2007,0,Low,Random Forest
37247,1640,241,2025-09-08 22:58:00,0,0.1296,0,Low,Random Forest
37248,113,390,2025-09-08 23:09:00,0,0.1984,0,Low,Random Forest
37249,2715,77,2025-09-08 23:10:00,0,0.1543,0,Low,Random Forest
37250,1756,241,2025-09-08 23:28:00,0,0.2043,0,Low,Random Forest
37251,2005,262,2025-09-09 00:55:00,0,0.178,0,Low,Random Forest
37252,255,392,2025-09-09 03:21:00,0,0.2209,0,Low,Random Forest
37253,944,318,2025-09-09 04:46:00,0,0.2937,0,Low,Random Forest
37254,1225,45,2025-09-09 05:57:00,0,0.159,0,Low,Random Forest
37255,254,164,2025-09-09 06:05:00,0,0.165,0,Low,Random Forest
37256,1148,370,2025-09-09 06:14:00,0,0.127,0,Low,Random Forest
37258,1050,370,2025-09-09 06:23:00,0,0.1158,0,Low,Random Forest
37257,1101,116,2025-09-09 06:23:00,0,0.146,0,Low,Random Forest
37259,628,241,2025-09-09 06:25:00,0,0.1276,0,Low,Random Forest
37260,651,31,2025-09-09 06:45:00,0,0.1538,0,Low,Random Forest
37261,665,68,2025-09-09 06:52:00,0,0.1439,0,Low,Random Forest
37262,2748,363,2025-09-09 07:01:00,0,0.115,0,Low,Random Forest
37263,2589,323,2025-09-09 07:02:00,0,0.1282,0,Low,Random Forest
37264,1778,241,2025-09-09 07:04:00,0,0.1407,0,Low,Random Forest
37265,2069,376,2025-09-09 07:10:00,0,0.1334,0,Low,Random Forest
37266,1455,160,2025-09-09 07:20:00,1,0.1591,0,Low,Random Forest
37267,821,433,2025-09-09 07:23:00,0,0.1323,0,Low,Random Forest
37268,131,241,2025-09-09 07:24:00,0,0.1225,0,Low,Random Forest
37269,1101,427,2025-09-09 07:33:00,0,0.1117,0,Low,Random Forest
37270,334,370,2025-09-09 07:41:00,0,0.1153,0,Low,Random Forest
37271,1422,259,2025-09-09 07:47:00,0,0.1245,0,Low,Random Forest
37272,2779,181,2025-09-09 07:49:00,1,0.1331,0,Low,Random Forest
37273,1966,337,2025-09-09 07:59:00,0,0.1811,0,Low,Random Forest
37274,21,259,2025-09-09 08:04:00,0,0.2553,0,Low,Random Forest
37275,255,241,2025-09-09 08:05:00,0,0.1705,0,Low,Random Forest
37276,1969,187,2025-09-09 08:06:00,0,0.1567,0,Low,Random Forest
37277,258,97,2025-09-09 08:10:00,1,0.2795,0,Low,Random Forest
37278,1812,370,2025-09-09 08:18:00,1,0.2636,0,Low,Random Forest
37279,47,387,2025-09-09 08:23:00,0,0.2387,0,Low,Random Forest
37280,2182,285,2025-09-09 08:26:00,0,0.4043,1,Medium,Random Forest
37281,2499,335,2025-09-09 08:28:00,0,0.3704,1,Medium,Random Forest
37282,535,433,2025-09-09 08:28:00,0,0.1808,0,Low,Random Forest
37283,1087,77,2025-09-09 08:33:00,1,0.2407,0,Low,Random Forest
37284,385,48,2025-09-09 08:36:00,0,0.2418,0,Low,Random Forest
37285,1164,371,2025-09-09 08:37:00,0,0.1717,0,Low,Random Forest
37286,452,402,2025-09-09 08:41:00,0,0.1695,0,Low,Random Forest
37287,255,436,2025-09-09 08:48:00,0,0.2538,0,Low,Random Forest
37288,1836,370,2025-09-09 08:48:00,0,0.1944,0,Low,Random Forest
37289,580,318,2025-09-09 08:50:00,0,0.2751,0,Low,Random Forest
37290,1461,405,2025-09-09 08:52:00,0,0.2141,0,Low,Random Forest
37291,2179,77,2025-09-09 08:54:00,0,0.2481,0,Low,Random Forest
37292,2281,103,2025-09-09 09:27:00,1,0.3557,1,Medium,Random Forest
37293,334,358,2025-09-09 09:33:00,0,0.1703,0,Low,Random Forest
37294,2397,370,2025-09-09 09:39:00,0,0.1524,0,Low,Random Forest
37295,200,236,2025-09-09 09:45:00,0,0.2095,0,Low,Random Forest
37296,1352,402,2025-09-09 09:58:00,0,0.1689,0,Low,Random Forest
37297,255,195,2025-09-09 10:02:00,0,0.1764,0,Low,Random Forest
37298,1147,316,2025-09-09 10:11:00,0,0.122,0,Low,Random Forest
37299,225,90,2025-09-09 10:17:00,1,0.2204,0,Low,Random Forest
37300,1050,181,2025-09-09 10:20:00,0,0.2119,0,Low,Random Forest
37301,2570,446,2025-09-09 10:33:00,0,0.1741,0,Low,Random Forest
37302,983,252,2025-09-09 10:34:00,0,0.1138,0,Low,Random Forest
37303,1455,11,2025-09-09 10:40:00,0,0.1691,0,Low,Random Forest
37304,1646,241,2025-09-09 10:46:00,0,0.1173,0,Low,Random Forest
37305,1039,50,2025-09-09 10:53:00,0,0.1972,0,Low,Random Forest
37306,1896,262,2025-09-09 11:00:00,0,0.1326,0,Low,Random Forest
37307,1455,68,2025-09-09 11:34:00,0,0.1181,0,Low,Random Forest
37308,255,275,2025-09-09 11:53:00,0,0.1277,0,Low,Random Forest
37309,1212,260,2025-09-09 11:59:00,1,0.7802,1,High,Random Forest
37310,255,68,2025-09-09 12:05:00,0,0.1291,0,Low,Random Forest
37311,1986,158,2025-09-09 12:06:00,0,0.162,0,Low,Random Forest
37312,2678,370,2025-09-09 12:17:00,0,0.1252,0,Low,Random Forest
37313,689,63,2025-09-09 12:24:00,0,0.1324,0,Low,Random Forest
37314,1852,363,2025-09-09 12:26:00,1,0.1396,0,Low,Random Forest
37315,2317,303,2025-09-09 12:39:00,1,0.7482,1,High,Random Forest
37316,1195,112,2025-09-09 12:45:00,0,0.1397,0,Low,Random Forest
37317,581,370,2025-09-09 12:49:00,0,0.115,0,Low,Random Forest
37318,1899,50,2025-09-09 12:52:00,0,0.2113,0,Low,Random Forest
37319,2255,404,2025-09-09 13:06:00,0,0.1264,0,Low,Random Forest
37320,2708,114,2025-09-09 13:27:00,0,0.1257,0,Low,Random Forest
37321,434,260,2025-09-09 13:40:00,0,0.1366,0,Low,Random Forest
37322,1866,1,2025-09-09 13:42:00,1,0.1456,0,Low,Random Forest
37323,1101,376,2025-09-09 13:53:00,0,0.1126,0,Low,Random Forest
37324,694,81,2025-09-09 14:07:00,0,0.3117,1,Medium,Random Forest
37325,927,370,2025-09-09 14:15:00,0,0.1367,0,Low,Random Forest
37326,255,55,2025-09-09 14:19:00,0,0.1638,0,Low,Random Forest
37327,1706,63,2025-09-09 14:21:00,0,0.1183,0,Low,Random Forest
37328,255,341,2025-09-09 14:24:00,0,0.1453,0,Low,Random Forest
37329,2035,219,2025-09-09 14:54:00,0,0.2597,0,Low,Random Forest
37330,255,77,2025-09-09 14:57:00,1,0.1238,0,Low,Random Forest
37331,552,437,2025-09-09 15:06:00,0,0.1454,0,Low,Random Forest
37332,2255,180,2025-09-09 15:26:00,1,0.2648,0,Low,Random Forest
37333,1875,341,2025-09-09 15:26:00,0,0.1488,0,Low,Random Forest
37334,821,433,2025-09-09 15:31:00,0,0.1312,0,Low,Random Forest
37335,1866,241,2025-09-09 15:46:00,0,0.1243,0,Low,Random Forest
37336,1016,370,2025-09-09 15:51:00,0,0.1157,0,Low,Random Forest
37337,2395,406,2025-09-09 15:53:00,0,0.1408,0,Low,Random Forest
37338,255,296,2025-09-09 15:54:00,1,0.7394,1,High,Random Forest
37339,255,318,2025-09-09 16:15:00,0,0.263,0,Low,Random Forest
37340,929,376,2025-09-09 16:16:00,0,0.1185,0,Low,Random Forest
37341,2678,370,2025-09-09 16:33:00,1,0.7793,1,High,Random Forest
37342,1015,370,2025-09-09 16:51:00,0,0.1268,0,Low,Random Forest
37343,2344,370,2025-09-09 16:51:00,0,0.1224,0,Low,Random Forest
37344,2151,181,2025-09-09 16:52:00,1,0.1659,0,Low,Random Forest
37345,54,77,2025-09-09 17:00:00,0,0.1295,0,Low,Random Forest
37346,1995,275,2025-09-09 17:00:00,0,0.1213,0,Low,Random Forest
37347,560,328,2025-09-09 17:06:00,1,0.1159,0,Low,Random Forest
37349,255,346,2025-09-09 17:16:00,0,0.1594,0,Low,Random Forest
37348,1540,37,2025-09-09 17:16:00,0,0.2247,0,Low,Random Forest
37350,255,74,2025-09-09 17:21:00,0,0.1387,0,Low,Random Forest
37351,2039,82,2025-09-09 17:28:00,1,0.1577,0,Low,Random Forest
37352,1260,275,2025-09-09 17:37:00,0,0.1438,0,Low,Random Forest
37353,2325,231,2025-09-09 17:42:00,0,0.2623,0,Low,Random Forest
37354,1112,296,2025-09-09 17:52:00,0,0.1281,0,Low,Random Forest
37355,385,138,2025-09-09 17:57:00,0,0.1623,0,Low,Random Forest
37356,2986,316,2025-09-09 17:58:00,0,0.1487,0,Low,Random Forest
37357,163,370,2025-09-09 18:06:00,1,0.2046,0,Low,Random Forest
37358,2854,262,2025-09-09 18:10:00,1,0.2006,0,Low,Random Forest
37359,2366,64,2025-09-09 18:12:00,0,0.2093,0,Low,Random Forest
37360,1966,370,2025-09-09 18:15:00,0,0.1416,0,Low,Random Forest
37361,1827,45,2025-09-09 18:16:00,0,0.3231,1,Medium,Random Forest
37362,1616,133,2025-09-09 18:19:00,1,0.443,1,Medium,Random Forest
37363,1742,376,2025-09-09 18:34:00,1,0.1739,0,Low,Random Forest
37364,615,241,2025-09-09 18:41:00,1,0.2347,0,Low,Random Forest
37365,1507,363,2025-09-09 18:43:00,0,0.2087,0,Low,Random Forest
37366,2965,433,2025-09-09 18:44:00,0,0.2792,0,Low,Random Forest
37367,258,31,2025-09-09 18:49:00,0,0.2727,0,Low,Random Forest
37368,1597,296,2025-09-09 18:51:00,0,0.1986,0,Low,Random Forest
37370,568,363,2025-09-09 18:56:00,0,0.175,0,Low,Random Forest
37369,348,370,2025-09-09 18:56:00,0,0.1542,0,Low,Random Forest
37371,255,316,2025-09-09 18:58:00,1,0.8313,1,High,Random Forest
37372,2344,4,2025-09-09 19:10:00,1,0.4208,1,Medium,Random Forest
37373,255,55,2025-09-09 19:32:00,1,0.2469,0,Low,Random Forest
37374,525,241,2025-09-09 19:33:00,1,0.1745,0,Low,Random Forest
37375,714,252,2025-09-09 19:38:00,0,0.1557,0,Low,Random Forest
37376,2196,45,2025-09-09 19:46:00,0,0.2264,0,Low,Random Forest
37377,2096,262,2025-09-09 19:48:00,1,0.2154,0,Low,Random Forest
37378,2699,275,2025-09-09 19:49:00,0,0.192,0,Low,Random Forest
37379,255,412,2025-09-09 19:51:00,0,0.3725,1,Medium,Random Forest
37380,981,74,2025-09-09 19:57:00,0,0.2913,0,Low,Random Forest
37381,1660,260,2025-09-09 19:59:00,0,0.1953,0,Low,Random Forest
37382,2452,376,2025-09-09 20:08:00,0,0.1632,0,Low,Random Forest
37383,2216,77,2025-09-09 20:25:00,0,0.1765,0,Low,Random Forest
37384,175,353,2025-09-09 20:33:00,0,0.3406,1,Medium,Random Forest
37385,2397,404,2025-09-09 20:34:00,0,0.2325,0,Low,Random Forest
37386,421,180,2025-09-09 20:44:00,0,0.3314,1,Medium,Random Forest
37387,2187,289,2025-09-09 20:45:00,0,0.2531,0,Low,Random Forest
37388,464,73,2025-09-09 20:48:00,0,0.2297,0,Low,Random Forest
37389,44,318,2025-09-09 21:01:00,0,0.3522,1,Medium,Random Forest
37390,1495,86,2025-09-09 21:10:00,0,0.1287,0,Low,Random Forest
37391,390,433,2025-09-09 21:13:00,0,0.1739,0,Low,Random Forest
37392,255,318,2025-09-09 21:16:00,0,0.3145,1,Medium,Random Forest
37393,1039,370,2025-09-09 21:16:00,1,0.1183,0,Low,Random Forest
37394,2005,116,2025-09-09 21:30:00,0,0.1313,0,Low,Random Forest
37395,2037,50,2025-09-09 22:20:00,0,0.2569,0,Low,Random Forest
37396,1249,371,2025-09-09 22:28:00,1,0.1505,0,Low,Random Forest
37397,1422,236,2025-09-09 23:56:00,0,0.1496,0,Low,Random Forest
37398,163,370,2025-09-10 00:43:00,1,0.1718,0,Low,Random Forest
37399,2431,106,2025-09-10 01:51:00,0,0.2128,0,Low,Random Forest
37400,1459,55,2025-09-10 01:54:00,0,0.1898,0,Low,Random Forest
37401,287,262,2025-09-10 03:21:00,1,0.205,0,Low,Random Forest
37402,1101,88,2025-09-10 03:39:00,0,0.1776,0,Low,Random Forest
37403,2080,370,2025-09-10 03:42:00,1,0.2124,0,Low,Random Forest
37404,1351,37,2025-09-10 04:38:00,0,0.275,0,Low,Random Forest
37405,1653,60,2025-09-10 04:54:00,0,0.2345,0,Low,Random Forest
37406,113,236,2025-09-10 05:03:00,0,0.128,0,Low,Random Forest
37407,1356,82,2025-09-10 05:07:00,0,0.1374,0,Low,Random Forest
37408,2834,363,2025-09-10 05:14:00,0,0.1334,0,Low,Random Forest
37409,2404,370,2025-09-10 05:15:00,0,0.1475,0,Low,Random Forest
37410,1650,370,2025-09-10 05:46:00,0,0.1138,0,Low,Random Forest
37411,2499,370,2025-09-10 06:00:00,0,0.1181,0,Low,Random Forest
37412,1812,74,2025-09-10 06:15:00,0,0.1378,0,Low,Random Forest
37413,1101,122,2025-09-10 06:16:00,0,0.1469,0,Low,Random Forest
37414,804,323,2025-09-10 06:19:00,0,0.1196,0,Low,Random Forest
37415,1334,55,2025-09-10 06:25:00,0,0.1411,0,Low,Random Forest
37416,2886,275,2025-09-10 06:56:00,0,0.2018,0,Low,Random Forest
37417,412,370,2025-09-10 07:07:00,0,0.1265,0,Low,Random Forest
37418,1101,236,2025-09-10 07:31:00,0,0.1238,0,Low,Random Forest
37420,1421,370,2025-09-10 07:32:00,0,0.12,0,Low,Random Forest
37419,1413,88,2025-09-10 07:32:00,0,0.1202,0,Low,Random Forest
37421,1636,241,2025-09-10 07:37:00,1,0.1292,0,Low,Random Forest
37423,1875,374,2025-09-10 07:50:00,0,0.34,1,Medium,Random Forest
37422,1254,370,2025-09-10 07:50:00,0,0.1246,0,Low,Random Forest
37424,57,318,2025-09-10 07:51:00,0,0.2971,0,Low,Random Forest
37425,1262,318,2025-09-10 07:57:00,0,0.3143,1,Medium,Random Forest
37426,2476,1,2025-09-10 08:03:00,0,0.2364,0,Low,Random Forest
37427,2862,408,2025-09-10 08:05:00,0,0.2609,0,Low,Random Forest
37428,1617,241,2025-09-10 08:13:00,0,0.1587,0,Low,Random Forest
37429,2161,259,2025-09-10 08:15:00,0,0.1773,0,Low,Random Forest
37430,1101,252,2025-09-10 08:19:00,0,0.1882,0,Low,Random Forest
37431,265,103,2025-09-10 08:23:00,0,0.2573,0,Low,Random Forest
37432,1084,198,2025-09-10 08:25:00,0,0.2213,0,Low,Random Forest
37433,25,433,2025-09-10 08:27:00,0,0.162,0,Low,Random Forest
37434,2073,259,2025-09-10 08:38:00,0,0.2753,0,Low,Random Forest
37435,2834,180,2025-09-10 08:40:00,1,0.3261,1,Medium,Random Forest
37436,1039,323,2025-09-10 08:53:00,0,0.1673,0,Low,Random Forest
37437,523,315,2025-09-10 08:58:00,0,0.1512,0,Low,Random Forest
37438,1082,306,2025-09-10 09:15:00,1,0.2671,0,Low,Random Forest
37439,113,363,2025-09-10 09:16:00,0,0.1758,0,Low,Random Forest
37440,975,68,2025-09-10 09:34:00,0,0.2009,0,Low,Random Forest
37441,49,376,2025-09-10 09:42:00,0,0.1608,0,Low,Random Forest
37442,641,371,2025-09-10 09:52:00,1,0.2408,0,Low,Random Forest
37443,1406,389,2025-09-10 10:04:00,0,0.1212,0,Low,Random Forest
37444,2542,82,2025-09-10 10:13:00,0,0.1443,0,Low,Random Forest
37445,2953,241,2025-09-10 10:14:00,0,0.1258,0,Low,Random Forest
37446,2170,387,2025-09-10 10:23:00,0,0.1332,0,Low,Random Forest
37447,1848,77,2025-09-10 10:25:00,0,0.1385,0,Low,Random Forest
37448,2256,370,2025-09-10 10:29:00,0,0.1186,0,Low,Random Forest
37449,613,51,2025-09-10 10:29:00,0,0.1163,0,Low,Random Forest
37450,206,306,2025-09-10 10:44:00,0,0.1468,0,Low,Random Forest
37451,1039,241,2025-09-10 10:48:00,0,0.1167,0,Low,Random Forest
37452,2428,241,2025-09-10 10:52:00,0,0.1093,0,Low,Random Forest
37453,255,236,2025-09-10 11:06:00,0,0.1189,0,Low,Random Forest
37454,1373,254,2025-09-10 11:26:00,0,0.1491,0,Low,Random Forest
37455,903,88,2025-09-10 11:50:00,0,0.1181,0,Low,Random Forest
37457,1101,370,2025-09-10 11:51:00,0,0.1155,0,Low,Random Forest
37456,166,305,2025-09-10 11:51:00,0,0.132,0,Low,Random Forest
37458,1705,135,2025-09-10 12:08:00,0,0.1383,0,Low,Random Forest
37459,1399,76,2025-09-10 12:10:00,0,0.1277,0,Low,Random Forest
37460,255,326,2025-09-10 12:24:00,1,0.1358,0,Low,Random Forest
37461,2309,260,2025-09-10 12:41:00,0,0.116,0,Low,Random Forest
37462,168,236,2025-09-10 12:41:00,0,0.1168,0,Low,Random Forest
37463,2251,433,2025-09-10 13:05:00,0,0.1228,0,Low,Random Forest
37464,1258,11,2025-09-10 13:06:00,1,0.1472,0,Low,Random Forest
37465,158,184,2025-09-10 13:06:00,0,0.1465,0,Low,Random Forest
37466,385,26,2025-09-10 13:11:00,0,0.1384,0,Low,Random Forest
37467,1457,259,2025-09-10 13:23:00,0,0.1267,0,Low,Random Forest
37468,2185,241,2025-09-10 13:39:00,0,0.1151,0,Low,Random Forest
37469,381,318,2025-09-10 14:18:00,1,0.2939,0,Low,Random Forest
37470,1340,296,2025-09-10 14:21:00,0,0.1174,0,Low,Random Forest
37471,2187,370,2025-09-10 14:22:00,0,0.1336,0,Low,Random Forest
37472,1812,241,2025-09-10 14:58:00,1,0.1459,0,Low,Random Forest
37473,2928,100,2025-09-10 15:11:00,0,0.1432,0,Low,Random Forest
37474,1481,370,2025-09-10 15:13:00,0,0.1155,0,Low,Random Forest
37475,1208,406,2025-09-10 15:27:00,0,0.1176,0,Low,Random Forest
37476,1438,363,2025-09-10 15:33:00,0,0.1139,0,Low,Random Forest
37477,1418,88,2025-09-10 15:35:00,0,0.1237,0,Low,Random Forest
37478,255,376,2025-09-10 15:43:00,0,0.1211,0,Low,Random Forest
37479,2939,300,2025-09-10 15:47:00,0,0.1262,0,Low,Random Forest
37480,1939,411,2025-09-10 15:49:00,0,0.2817,0,Low,Random Forest
37481,2600,296,2025-09-10 15:55:00,0,0.124,0,Low,Random Forest
37482,171,376,2025-09-10 16:02:00,1,0.1097,0,Low,Random Forest
37483,2761,416,2025-09-10 16:08:00,0,0.3603,1,Medium,Random Forest
37484,334,73,2025-09-10 16:13:00,0,0.1233,0,Low,Random Forest
37485,334,262,2025-09-10 16:14:00,1,0.1111,0,Low,Random Forest
37486,1101,370,2025-09-10 16:25:00,1,0.1351,0,Low,Random Forest
37487,741,370,2025-09-10 16:26:00,0,0.133,0,Low,Random Forest
37488,1389,86,2025-09-10 16:28:00,1,0.143,0,Low,Random Forest
37489,789,320,2025-09-10 16:36:00,0,0.1538,0,Low,Random Forest
37490,440,15,2025-09-10 16:37:00,0,0.1352,0,Low,Random Forest
37491,2170,370,2025-09-10 16:41:00,0,0.1146,0,Low,Random Forest
37492,255,58,2025-09-10 16:42:00,0,0.1485,0,Low,Random Forest
37493,1875,241,2025-09-10 16:46:00,0,0.1125,0,Low,Random Forest
37494,175,370,2025-09-10 17:03:00,0,0.1219,0,Low,Random Forest
37496,1126,241,2025-09-10 17:04:00,0,0.1195,0,Low,Random Forest
37495,1774,334,2025-09-10 17:04:00,0,0.1387,0,Low,Random Forest
37497,1225,154,2025-09-10 17:09:00,0,0.1592,0,Low,Random Forest
37498,1835,236,2025-09-10 17:16:00,1,0.1212,0,Low,Random Forest
37499,2135,433,2025-09-10 17:21:00,0,0.1361,0,Low,Random Forest
37500,724,241,2025-09-10 17:30:00,0,0.1109,0,Low,Random Forest
37501,216,181,2025-09-10 17:40:00,0,0.1492,0,Low,Random Forest
37502,1966,69,2025-09-10 17:43:00,0,0.1261,0,Low,Random Forest
37503,1310,241,2025-09-10 17:45:00,1,0.114,0,Low,Random Forest
37504,25,400,2025-09-10 17:53:00,0,0.1421,0,Low,Random Forest
37505,1193,442,2025-09-10 17:55:00,0,0.1391,0,Low,Random Forest
37506,1540,159,2025-09-10 17:58:00,0,0.1314,0,Low,Random Forest
37508,1847,181,2025-09-10 18:03:00,0,0.1769,0,Low,Random Forest
37507,168,77,2025-09-10 18:03:00,0,0.2447,0,Low,Random Forest
37509,603,256,2025-09-10 18:06:00,0,0.225,0,Low,Random Forest
37510,2082,82,2025-09-10 18:13:00,0,0.2471,0,Low,Random Forest
37511,963,289,2025-09-10 18:20:00,1,0.2317,0,Low,Random Forest
37512,1105,177,2025-09-10 18:23:00,1,0.8077,1,High,Random Forest
37513,1101,77,2025-09-10 18:28:00,0,0.161,0,Low,Random Forest
37514,2790,86,2025-09-10 18:31:00,0,0.2471,0,Low,Random Forest
37515,659,62,2025-09-10 18:49:00,0,0.2285,0,Low,Random Forest
37516,1945,22,2025-09-10 18:53:00,0,0.2711,0,Low,Random Forest
37517,1880,21,2025-09-10 18:58:00,0,0.1769,0,Low,Random Forest
37518,255,406,2025-09-10 18:59:00,0,0.1656,0,Low,Random Forest
37519,914,387,2025-09-10 19:02:00,1,0.2723,0,Low,Random Forest
37521,135,433,2025-09-10 19:03:00,1,0.2036,0,Low,Random Forest
37520,407,162,2025-09-10 19:03:00,1,0.2325,0,Low,Random Forest
37522,2255,376,2025-09-10 19:15:00,0,0.2185,0,Low,Random Forest
37523,2499,336,2025-09-10 19:17:00,0,0.1848,0,Low,Random Forest
37524,482,60,2025-09-10 19:43:00,0,0.2301,0,Low,Random Forest
37525,2317,370,2025-09-10 19:44:00,1,0.8077,1,High,Random Forest
37526,913,376,2025-09-10 19:51:00,0,0.215,0,Low,Random Forest
37527,1166,338,2025-09-10 19:55:00,0,0.2325,0,Low,Random Forest
37528,1225,77,2025-09-10 20:07:00,0,0.1767,0,Low,Random Forest
37529,113,370,2025-09-10 20:12:00,0,0.2517,0,Low,Random Forest
37530,1331,203,2025-09-10 20:22:00,0,0.1772,0,Low,Random Forest
37531,2511,334,2025-09-10 20:30:00,1,0.1759,0,Low,Random Forest
37533,255,406,2025-09-10 20:31:00,1,0.1974,0,Low,Random Forest
37532,1351,334,2025-09-10 20:31:00,0,0.2002,0,Low,Random Forest
37534,1626,34,2025-09-10 20:53:00,0,0.2105,0,Low,Random Forest
37535,1084,275,2025-09-10 21:16:00,0,0.191,0,Low,Random Forest
37536,1203,181,2025-09-10 22:04:00,0,0.1352,0,Low,Random Forest
37537,648,370,2025-09-10 22:20:00,1,0.1837,0,Low,Random Forest
37538,255,154,2025-09-10 22:26:00,0,0.1243,0,Low,Random Forest
37539,1075,34,2025-09-10 22:52:00,0,0.1449,0,Low,Random Forest
37540,254,241,2025-09-10 23:54:00,0,0.155,0,Low,Random Forest
37541,2180,370,2025-09-11 00:02:00,1,0.1916,0,Low,Random Forest
37542,766,370,2025-09-11 01:26:00,0,0.1992,0,Low,Random Forest
37543,2272,64,2025-09-11 01:47:00,1,0.1849,0,Low,Random Forest
37544,113,370,2025-09-11 01:52:00,0,0.176,0,Low,Random Forest
37545,1192,390,2025-09-11 02:17:00,0,0.2377,0,Low,Random Forest
37546,1545,318,2025-09-11 03:34:00,1,0.7552,1,High,Random Forest
37547,113,181,2025-09-11 04:20:00,0,0.2001,0,Low,Random Forest
37548,2395,370,2025-09-11 05:20:00,0,0.1242,0,Low,Random Forest
37549,2161,262,2025-09-11 06:16:00,0,0.1172,0,Low,Random Forest
37550,46,208,2025-09-11 06:47:00,1,0.8119,1,High,Random Forest
37551,1471,421,2025-09-11 07:03:00,0,0.1698,0,Low,Random Forest
37552,210,318,2025-09-11 07:28:00,0,0.2826,0,Low,Random Forest
37553,2652,136,2025-09-11 07:37:00,0,0.127,0,Low,Random Forest
37554,113,51,2025-09-11 07:38:00,0,0.1488,0,Low,Random Forest
37555,706,370,2025-09-11 07:41:00,0,0.1169,0,Low,Random Forest
37556,2256,99,2025-09-11 07:49:00,0,0.2616,0,Low,Random Forest
37557,2579,183,2025-09-11 07:51:00,0,0.1172,0,Low,Random Forest
37558,2314,370,2025-09-11 07:56:00,0,0.1165,0,Low,Random Forest
37559,567,370,2025-09-11 08:02:00,0,0.1492,0,Low,Random Forest
37560,2535,181,2025-09-11 08:06:00,0,0.2624,0,Low,Random Forest
37561,137,180,2025-09-11 08:10:00,0,0.3726,1,Medium,Random Forest
37562,873,192,2025-09-11 08:12:00,0,0.2264,0,Low,Random Forest
37563,1101,402,2025-09-11 08:14:00,0,0.2431,0,Low,Random Forest
37564,2291,387,2025-09-11 08:18:00,1,0.1688,0,Low,Random Forest
37565,2026,442,2025-09-11 08:21:00,1,0.2687,0,Low,Random Forest
37566,1636,370,2025-09-11 08:23:00,0,0.15,0,Low,Random Forest
37567,2781,363,2025-09-11 08:27:00,0,0.1687,0,Low,Random Forest
37568,1780,181,2025-09-11 08:40:00,1,0.2347,0,Low,Random Forest
37569,843,259,2025-09-11 08:45:00,0,0.287,0,Low,Random Forest
37570,255,199,2025-09-11 08:55:00,0,0.4223,1,Medium,Random Forest
37571,2886,50,2025-09-11 09:06:00,0,0.2854,0,Low,Random Forest
37572,2298,370,2025-09-11 09:06:00,0,0.2413,0,Low,Random Forest
37573,263,323,2025-09-11 09:09:00,0,0.161,0,Low,Random Forest
37574,148,318,2025-09-11 09:09:00,0,0.2907,0,Low,Random Forest
37575,163,285,2025-09-11 09:18:00,0,0.4311,1,Medium,Random Forest
37576,434,241,2025-09-11 09:19:00,0,0.1545,0,Low,Random Forest
37577,2100,102,2025-09-11 09:25:00,0,0.238,0,Low,Random Forest
37578,598,370,2025-09-11 09:34:00,0,0.1537,0,Low,Random Forest
37579,706,241,2025-09-11 09:47:00,0,0.264,0,Low,Random Forest
37580,2003,240,2025-09-11 09:53:00,0,0.1995,0,Low,Random Forest
37581,1362,323,2025-09-11 09:54:00,0,0.1565,0,Low,Random Forest
37582,2145,375,2025-09-11 09:57:00,0,0.2303,0,Low,Random Forest
37583,1905,446,2025-09-11 09:59:00,1,0.2411,0,Low,Random Forest
37584,2886,252,2025-09-11 09:59:00,0,0.2281,0,Low,Random Forest
37585,2902,306,2025-09-11 10:00:00,0,0.1507,0,Low,Random Forest
37586,113,74,2025-09-11 10:10:00,0,0.1448,0,Low,Random Forest
37587,2161,370,2025-09-11 10:19:00,0,0.1112,0,Low,Random Forest
37588,1959,433,2025-09-11 10:21:00,0,0.1379,0,Low,Random Forest
37589,168,316,2025-09-11 10:26:00,0,0.1219,0,Low,Random Forest
37590,1880,363,2025-09-11 10:35:00,0,0.1132,0,Low,Random Forest
37591,1636,180,2025-09-11 10:39:00,0,0.2757,0,Low,Random Forest
37592,2431,35,2025-09-11 10:52:00,0,0.2641,0,Low,Random Forest
37593,1377,370,2025-09-11 11:14:00,0,0.1269,0,Low,Random Forest
37594,1848,370,2025-09-11 11:18:00,0,0.1443,0,Low,Random Forest
37595,255,180,2025-09-11 11:27:00,0,0.2831,0,Low,Random Forest
37596,1457,363,2025-09-11 11:28:00,0,0.1155,0,Low,Random Forest
37597,1812,349,2025-09-11 11:38:00,0,0.1355,0,Low,Random Forest
37598,1937,64,2025-09-11 11:40:00,0,0.1234,0,Low,Random Forest
37599,1101,252,2025-09-11 11:47:00,0,0.1141,0,Low,Random Forest
37600,903,433,2025-09-11 11:49:00,0,0.1205,0,Low,Random Forest
37601,53,389,2025-09-11 12:40:00,0,0.1437,0,Low,Random Forest
37602,1287,352,2025-09-11 12:41:00,0,0.1307,0,Low,Random Forest
37603,1554,142,2025-09-11 12:50:00,0,0.1481,0,Low,Random Forest
37604,255,363,2025-09-11 12:51:00,0,0.1134,0,Low,Random Forest
37606,384,318,2025-09-11 12:54:00,1,0.2902,0,Low,Random Forest
37605,1636,399,2025-09-11 12:54:00,0,0.148,0,Low,Random Forest
37607,823,124,2025-09-11 12:55:00,1,0.1253,0,Low,Random Forest
37608,2161,252,2025-09-11 13:22:00,1,0.1092,0,Low,Random Forest
37609,929,412,2025-09-11 13:39:00,0,0.1984,0,Low,Random Forest
37610,1089,318,2025-09-11 13:57:00,0,0.3073,1,Medium,Random Forest
37611,1880,370,2025-09-11 14:16:00,0,0.1126,0,Low,Random Forest
37612,2075,318,2025-09-11 14:25:00,1,0.3005,1,Medium,Random Forest
37613,1106,370,2025-09-11 14:32:00,0,0.1187,0,Low,Random Forest
37614,13,252,2025-09-11 14:54:00,0,0.1187,0,Low,Random Forest
37615,439,309,2025-09-11 15:11:00,0,0.1321,0,Low,Random Forest
37616,1780,312,2025-09-11 15:15:00,0,0.1202,0,Low,Random Forest
37617,2344,176,2025-09-11 15:21:00,0,0.1675,0,Low,Random Forest
37618,1640,275,2025-09-11 15:29:00,0,0.1316,0,Low,Random Forest
37619,1101,370,2025-09-11 15:38:00,0,0.1133,0,Low,Random Forest
37620,1966,370,2025-09-11 15:48:00,0,0.1302,0,Low,Random Forest
37621,1653,88,2025-09-11 15:56:00,0,0.1242,0,Low,Random Forest
37622,2298,370,2025-09-11 16:13:00,0,0.1146,0,Low,Random Forest
37623,2645,216,2025-09-11 16:19:00,1,0.1261,0,Low,Random Forest
37624,2373,236,2025-09-11 16:31:00,0,0.1371,0,Low,Random Forest
37625,864,376,2025-09-11 16:46:00,0,0.1502,0,Low,Random Forest
37626,2325,323,2025-09-11 16:49:00,1,0.1197,0,Low,Random Forest
37627,1313,252,2025-09-11 16:58:00,1,0.1179,0,Low,Random Forest
37628,1292,46,2025-09-11 17:01:00,0,0.2758,0,Low,Random Forest
37629,1101,132,2025-09-11 17:03:00,0,0.1227,0,Low,Random Forest
37630,590,370,2025-09-11 17:04:00,0,0.1172,0,Low,Random Forest
37631,1742,74,2025-09-11 17:05:00,0,0.1308,0,Low,Random Forest
37632,2717,370,2025-09-11 17:09:00,0,0.1347,0,Low,Random Forest
37633,1335,426,2025-09-11 17:27:00,0,0.1529,0,Low,Random Forest
37634,2135,74,2025-09-11 17:28:00,0,0.1412,0,Low,Random Forest
37635,641,187,2025-09-11 17:28:00,0,0.1292,0,Low,Random Forest
37636,1738,241,2025-09-11 17:31:00,1,0.1647,0,Low,Random Forest
37637,1140,196,2025-09-11 17:34:00,0,0.1605,0,Low,Random Forest
37638,113,316,2025-09-11 17:37:00,1,0.7948,1,High,Random Forest
37639,255,370,2025-09-11 17:39:00,0,0.1091,0,Low,Random Forest
37640,1101,403,2025-09-11 17:40:00,1,0.1158,0,Low,Random Forest
37641,1875,241,2025-09-11 17:51:00,0,0.1074,0,Low,Random Forest
37642,2255,370,2025-09-11 17:56:00,1,0.1076,0,Low,Random Forest
37643,1101,309,2025-09-11 17:59:00,0,0.1112,0,Low,Random Forest
37644,1101,280,2025-09-11 18:03:00,0,0.1539,0,Low,Random Forest
37645,2255,339,2025-09-11 18:12:00,0,0.2531,0,Low,Random Forest
37646,2499,298,2025-09-11 18:20:00,0,0.2032,0,Low,Random Forest
37647,870,38,2025-09-11 18:28:00,1,0.2304,0,Low,Random Forest
37648,266,259,2025-09-11 18:31:00,0,0.1871,0,Low,Random Forest
37649,2769,316,2025-09-11 18:34:00,0,0.2179,0,Low,Random Forest
37650,1138,433,2025-09-11 18:35:00,0,0.1785,0,Low,Random Forest
37651,1889,81,2025-09-11 18:38:00,0,0.3588,1,Medium,Random Forest
37652,882,370,2025-09-11 18:39:00,0,0.2387,0,Low,Random Forest
37653,1249,241,2025-09-11 18:44:00,0,0.2563,0,Low,Random Forest
37654,2701,45,2025-09-11 18:50:00,0,0.3042,1,Medium,Random Forest
37655,929,199,2025-09-11 18:51:00,1,0.4696,1,Medium,Random Forest
37656,254,314,2025-09-11 18:59:00,0,0.1739,0,Low,Random Forest
37657,464,387,2025-09-11 19:07:00,0,0.2251,0,Low,Random Forest
37658,332,281,2025-09-11 19:12:00,0,0.262,0,Low,Random Forest
37659,255,322,2025-09-11 19:18:00,0,0.1705,0,Low,Random Forest
37660,2110,50,2025-09-11 19:34:00,0,0.3515,1,Medium,Random Forest
37661,1091,241,2025-09-11 19:36:00,1,0.2053,0,Low,Random Forest
37662,354,367,2025-09-11 19:37:00,0,0.2545,0,Low,Random Forest
37664,1636,296,2025-09-11 20:06:00,0,0.1576,0,Low,Random Forest
37663,274,358,2025-09-11 20:06:00,1,0.1634,0,Low,Random Forest
37665,113,370,2025-09-11 20:07:00,0,0.1809,0,Low,Random Forest
37666,1483,260,2025-09-11 20:09:00,0,0.1641,0,Low,Random Forest
37667,1525,363,2025-09-11 20:10:00,0,0.1642,0,Low,Random Forest
37668,2397,351,2025-09-11 20:16:00,1,0.1666,0,Low,Random Forest
37669,1089,363,2025-09-11 20:20:00,0,0.1724,0,Low,Random Forest
37670,1944,241,2025-09-11 20:30:00,0,0.1901,0,Low,Random Forest
37671,1609,241,2025-09-11 20:42:00,1,0.1552,0,Low,Random Forest
37672,1101,323,2025-09-11 20:45:00,1,0.1953,0,Low,Random Forest
37673,861,363,2025-09-11 20:52:00,0,0.1583,0,Low,Random Forest
37674,1052,116,2025-09-11 21:04:00,0,0.1348,0,Low,Random Forest
37675,2672,376,2025-09-11 21:22:00,0,0.1209,0,Low,Random Forest
37676,2542,328,2025-09-11 21:23:00,0,0.149,0,Low,Random Forest
37677,113,241,2025-09-11 21:29:00,0,0.1318,0,Low,Random Forest
37678,1516,406,2025-09-11 21:37:00,1,0.7389,1,High,Random Forest
37679,2928,376,2025-09-11 21:47:00,0,0.1386,0,Low,Random Forest
37680,1455,349,2025-09-11 21:59:00,1,0.1405,0,Low,Random Forest
37681,113,99,2025-09-11 21:59:00,0,0.2071,0,Low,Random Forest
37682,113,401,2025-09-11 22:35:00,0,0.1231,0,Low,Random Forest
37683,1880,370,2025-09-11 22:41:00,0,0.119,0,Low,Random Forest
37684,1916,370,2025-09-11 23:36:00,1,0.1522,0,Low,Random Forest
37685,348,265,2025-09-11 23:55:00,0,0.1556,0,Low,Random Forest
37686,175,231,2025-09-12 00:20:00,1,0.2853,0,Low,Random Forest
37687,2255,275,2025-09-12 00:27:00,0,0.2085,0,Low,Random Forest
37688,1101,241,2025-09-12 01:00:00,1,0.194,0,Low,Random Forest
37689,2194,422,2025-09-12 03:43:00,0,0.214,0,Low,Random Forest
37690,1848,2,2025-09-12 04:16:00,0,0.2168,0,Low,Random Forest
37691,833,336,2025-09-12 04:29:00,0,0.217,0,Low,Random Forest
37692,312,116,2025-09-12 04:35:00,0,0.1941,0,Low,Random Forest
37693,2251,359,2025-09-12 04:50:00,1,0.2162,0,Low,Random Forest
37694,113,236,2025-09-12 05:27:00,0,0.1259,0,Low,Random Forest
37695,2161,414,2025-09-12 06:01:00,0,0.1463,0,Low,Random Forest
37696,2777,300,2025-09-12 06:01:00,0,0.1293,0,Low,Random Forest
37697,2551,252,2025-09-12 06:16:00,0,0.1298,0,Low,Random Forest
37698,2162,370,2025-09-12 06:41:00,0,0.13,0,Low,Random Forest
37699,1005,77,2025-09-12 07:05:00,0,0.1168,0,Low,Random Forest
37700,1150,387,2025-09-12 07:07:00,0,0.127,0,Low,Random Forest
37701,711,376,2025-09-12 07:26:00,0,0.1183,0,Low,Random Forest
37702,1262,136,2025-09-12 07:47:00,0,0.1412,0,Low,Random Forest
37703,1780,341,2025-09-12 07:48:00,0,0.1369,0,Low,Random Forest
37704,2986,199,2025-09-12 07:54:00,0,0.3042,1,Medium,Random Forest
37705,923,433,2025-09-12 08:01:00,0,0.1875,0,Low,Random Forest
37706,1101,363,2025-09-12 08:02:00,1,0.1883,0,Low,Random Forest
37707,948,236,2025-09-12 08:07:00,0,0.2858,0,Low,Random Forest
37708,2678,323,2025-09-12 08:10:00,0,0.2033,0,Low,Random Forest
37709,265,106,2025-09-12 08:18:00,0,0.1767,0,Low,Random Forest
37710,254,363,2025-09-12 08:26:00,0,0.1549,0,Low,Random Forest
37711,255,181,2025-09-12 08:26:00,0,0.1799,0,Low,Random Forest
37712,2683,182,2025-09-12 08:28:00,0,0.1669,0,Low,Random Forest
37713,1061,370,2025-09-12 08:33:00,0,0.2672,0,Low,Random Forest
37714,2351,363,2025-09-12 08:34:00,0,0.2163,0,Low,Random Forest
37715,651,260,2025-09-12 08:34:00,0,0.2306,0,Low,Random Forest
37716,1636,363,2025-09-12 08:39:00,0,0.1993,0,Low,Random Forest
37717,239,77,2025-09-12 08:43:00,1,0.2574,0,Low,Random Forest
37718,113,370,2025-09-12 08:47:00,0,0.1455,0,Low,Random Forest
37719,1877,370,2025-09-12 08:49:00,0,0.1617,0,Low,Random Forest
37720,255,4,2025-09-12 08:51:00,1,0.4239,1,Medium,Random Forest
37721,1880,363,2025-09-12 09:14:00,0,0.168,0,Low,Random Forest
37722,906,218,2025-09-12 09:27:00,0,0.21,0,Low,Random Forest
37723,1877,241,2025-09-12 09:48:00,0,0.1681,0,Low,Random Forest
37724,434,370,2025-09-12 09:49:00,0,0.2844,0,Low,Random Forest
37725,353,446,2025-09-12 10:00:00,0,0.1474,0,Low,Random Forest
37726,2228,180,2025-09-12 10:46:00,0,0.3244,1,Medium,Random Forest
37727,1359,259,2025-09-12 10:58:00,0,0.1288,0,Low,Random Forest
37728,860,296,2025-09-12 10:59:00,0,0.1371,0,Low,Random Forest
37729,2450,335,2025-09-12 11:16:00,0,0.3734,1,Medium,Random Forest
37730,1256,241,2025-09-12 11:21:00,0,0.1392,0,Low,Random Forest
37731,833,370,2025-09-12 11:24:00,0,0.132,0,Low,Random Forest
37732,113,159,2025-09-12 11:26:00,0,0.1522,0,Low,Random Forest
37733,2342,306,2025-09-12 11:31:00,0,0.1334,0,Low,Random Forest
37734,829,262,2025-09-12 12:05:00,0,0.1186,0,Low,Random Forest
37735,1356,370,2025-09-12 12:22:00,0,0.1114,0,Low,Random Forest
37736,2649,50,2025-09-12 12:23:00,1,0.2207,0,Low,Random Forest
37737,1101,9,2025-09-12 12:23:00,0,0.1932,0,Low,Random Forest
37738,2672,252,2025-09-12 12:43:00,0,0.12,0,Low,Random Forest
37739,718,203,2025-09-12 13:02:00,0,0.1855,0,Low,Random Forest
37740,2317,241,2025-09-12 13:09:00,0,0.1128,0,Low,Random Forest
37741,255,370,2025-09-12 13:13:00,1,0.1339,0,Low,Random Forest
37742,255,50,2025-09-12 13:16:00,0,0.1784,0,Low,Random Forest
37743,1101,187,2025-09-12 13:19:00,0,0.1112,0,Low,Random Forest
37744,821,376,2025-09-12 13:37:00,0,0.1188,0,Low,Random Forest
37745,1636,318,2025-09-12 14:06:00,0,0.3557,1,Medium,Random Forest
37746,1340,231,2025-09-12 14:08:00,0,0.246,0,Low,Random Forest
37747,840,376,2025-09-12 14:14:00,0,0.1145,0,Low,Random Forest
37748,1636,390,2025-09-12 14:20:00,0,0.1464,0,Low,Random Forest
37750,148,124,2025-09-12 14:24:00,0,0.1516,0,Low,Random Forest
37749,1421,318,2025-09-12 14:24:00,0,0.2676,0,Low,Random Forest
37751,2881,241,2025-09-12 14:27:00,0,0.11,0,Low,Random Forest
37752,1914,120,2025-09-12 14:51:00,1,0.2405,0,Low,Random Forest
37753,1815,77,2025-09-12 14:57:00,0,0.1276,0,Low,Random Forest
37754,2545,241,2025-09-12 15:01:00,0,0.1286,0,Low,Random Forest
37755,1653,371,2025-09-12 15:03:00,0,0.1435,0,Low,Random Forest
37756,1812,4,2025-09-12 15:06:00,0,0.2827,0,Low,Random Forest
37757,1314,387,2025-09-12 15:11:00,0,0.1227,0,Low,Random Forest
37758,1490,180,2025-09-12 15:17:00,1,0.3103,1,Medium,Random Forest
37759,1101,376,2025-09-12 15:21:00,0,0.1113,0,Low,Random Forest
37760,2788,198,2025-09-12 15:31:00,0,0.135,0,Low,Random Forest
37761,2834,435,2025-09-12 15:34:00,0,0.1307,0,Low,Random Forest
37762,975,414,2025-09-12 15:37:00,0,0.1441,0,Low,Random Forest
37763,334,106,2025-09-12 15:41:00,0,0.1411,0,Low,Random Forest
37764,113,414,2025-09-12 15:52:00,0,0.1266,0,Low,Random Forest
37765,879,370,2025-09-12 15:52:00,1,0.1198,0,Low,Random Forest
37766,1160,118,2025-09-12 16:07:00,0,0.1797,0,Low,Random Forest
37767,1989,45,2025-09-12 16:16:00,0,0.1629,0,Low,Random Forest
37768,1367,108,2025-09-12 16:41:00,0,0.1225,0,Low,Random Forest
37769,2174,376,2025-09-12 16:47:00,0,0.1135,0,Low,Random Forest
37770,816,241,2025-09-12 17:04:00,0,0.1251,0,Low,Random Forest
37771,2699,241,2025-09-12 17:09:00,0,0.1101,0,Low,Random Forest
37772,1462,180,2025-09-12 17:25:00,1,0.2755,0,Low,Random Forest
37773,1583,363,2025-09-12 17:33:00,0,0.1354,0,Low,Random Forest
37774,875,275,2025-09-12 17:38:00,0,0.1191,0,Low,Random Forest
37775,254,370,2025-09-12 17:47:00,0,0.1128,0,Low,Random Forest
37776,186,433,2025-09-12 17:51:00,0,0.1537,0,Low,Random Forest
37777,1101,318,2025-09-12 17:52:00,0,0.2786,0,Low,Random Forest
37778,1292,241,2025-09-12 18:02:00,1,0.2807,0,Low,Random Forest
37779,255,74,2025-09-12 18:05:00,1,0.2553,0,Low,Random Forest
37780,2625,50,2025-09-12 18:16:00,0,0.2881,0,Low,Random Forest
37782,163,46,2025-09-12 18:18:00,0,0.4168,1,Medium,Random Forest
37781,312,28,2025-09-12 18:18:00,0,0.1832,0,Low,Random Forest
37783,2448,353,2025-09-12 18:22:00,0,0.4591,1,Medium,Random Forest
37784,2692,433,2025-09-12 18:22:00,0,0.2276,0,Low,Random Forest
37785,2928,358,2025-09-12 18:24:00,0,0.2139,0,Low,Random Forest
37786,2075,337,2025-09-12 18:24:00,0,0.2399,0,Low,Random Forest
37787,649,241,2025-09-12 18:25:00,0,0.1578,0,Low,Random Forest
37788,707,111,2025-09-12 18:43:00,0,0.2232,0,Low,Random Forest
37789,1455,359,2025-09-12 18:48:00,0,0.1726,0,Low,Random Forest
37790,567,181,2025-09-12 18:59:00,0,0.2462,0,Low,Random Forest
37791,2791,318,2025-09-12 19:06:00,0,0.4512,1,Medium,Random Forest
37793,1101,181,2025-09-12 19:14:00,0,0.1728,0,Low,Random Forest
37792,2091,239,2025-09-12 19:14:00,0,0.2411,0,Low,Random Forest
37794,1039,241,2025-09-12 19:25:00,0,0.2555,0,Low,Random Forest
37795,1930,370,2025-09-12 19:26:00,0,0.155,0,Low,Random Forest
37797,814,376,2025-09-12 19:35:00,1,0.224,0,Low,Random Forest
37796,2549,376,2025-09-12 19:35:00,0,0.1682,0,Low,Random Forest
37798,2492,107,2025-09-12 19:38:00,1,0.3377,1,Medium,Random Forest
37799,113,414,2025-09-12 19:43:00,0,0.1977,0,Low,Random Forest
37800,2511,370,2025-09-12 19:55:00,0,0.2571,0,Low,Random Forest
37801,258,433,2025-09-12 20:07:00,0,0.1867,0,Low,Random Forest
37802,583,203,2025-09-12 20:21:00,0,0.2712,0,Low,Random Forest
37803,685,242,2025-09-12 20:23:00,0,0.2554,0,Low,Random Forest
37804,163,318,2025-09-12 20:38:00,1,0.3724,1,Medium,Random Forest
37805,255,370,2025-09-12 20:46:00,1,0.7857,1,High,Random Forest
37806,464,252,2025-09-12 21:09:00,0,0.1308,0,Low,Random Forest
37807,35,45,2025-09-12 21:37:00,0,0.1915,0,Low,Random Forest
37808,1875,262,2025-09-12 22:08:00,0,0.1211,0,Low,Random Forest
37809,385,180,2025-09-12 23:35:00,0,0.3678,1,Medium,Random Forest
37810,1552,158,2025-09-12 23:49:00,1,0.1946,0,Low,Random Forest
37811,612,376,2025-09-12 23:58:00,1,0.2007,0,Low,Random Forest
37812,255,316,2025-09-13 02:04:00,0,0.1833,0,Low,Random Forest
37813,447,181,2025-09-13 03:26:00,0,0.1781,0,Low,Random Forest
37814,2766,307,2025-09-13 03:31:00,1,0.2829,0,Low,Random Forest
37815,1998,103,2025-09-13 05:29:00,0,0.2678,0,Low,Random Forest
37816,113,337,2025-09-13 05:54:00,0,0.2268,0,Low,Random Forest
37817,1107,433,2025-09-13 05:57:00,1,0.1816,0,Low,Random Forest
37818,255,318,2025-09-13 05:58:00,0,0.2696,0,Low,Random Forest
37819,1195,252,2025-09-13 06:04:00,0,0.132,0,Low,Random Forest
37820,2092,106,2025-09-13 06:26:00,0,0.1605,0,Low,Random Forest
37821,312,336,2025-09-13 06:51:00,0,0.1405,0,Low,Random Forest
37822,1911,241,2025-09-13 06:57:00,0,0.1679,0,Low,Random Forest
37823,148,300,2025-09-13 07:00:00,0,0.1499,0,Low,Random Forest
37824,2180,370,2025-09-13 07:04:00,0,0.1493,0,Low,Random Forest
37825,255,241,2025-09-13 07:06:00,0,0.1276,0,Low,Random Forest
37826,1101,318,2025-09-13 07:14:00,0,0.3039,1,Medium,Random Forest
37827,1101,370,2025-09-13 07:18:00,0,0.1472,0,Low,Random Forest
37828,140,123,2025-09-13 07:23:00,0,0.1635,0,Low,Random Forest
37829,1101,77,2025-09-13 07:27:00,0,0.1362,0,Low,Random Forest
37830,113,24,2025-09-13 07:38:00,0,0.3565,1,Medium,Random Forest
37831,2013,181,2025-09-13 07:50:00,0,0.169,0,Low,Random Forest
37832,922,376,2025-09-13 07:58:00,1,0.1377,0,Low,Random Forest
37833,160,318,2025-09-13 08:00:00,1,0.7459,1,High,Random Forest
37834,2919,252,2025-09-13 08:01:00,1,0.2496,0,Low,Random Forest
37835,889,306,2025-09-13 08:17:00,1,0.2843,0,Low,Random Forest
37836,1390,173,2025-09-13 08:18:00,0,0.4571,1,Medium,Random Forest
37837,113,21,2025-09-13 08:21:00,0,0.2593,0,Low,Random Forest
37838,1260,370,2025-09-13 08:23:00,0,0.2251,0,Low,Random Forest
37839,2834,318,2025-09-13 08:25:00,0,0.3041,1,Medium,Random Forest
37840,2317,62,2025-09-13 08:29:00,0,0.3406,1,Medium,Random Forest
37841,2226,216,2025-09-13 08:30:00,1,0.3018,1,Medium,Random Forest
37842,1189,433,2025-09-13 08:31:00,0,0.2387,0,Low,Random Forest
37843,1089,370,2025-09-13 08:42:00,1,0.288,0,Low,Random Forest
37844,929,64,2025-09-13 08:48:00,1,0.2485,0,Low,Random Forest
37845,1944,363,2025-09-13 08:57:00,0,0.2091,0,Low,Random Forest
37846,1101,252,2025-09-13 08:58:00,0,0.2255,0,Low,Random Forest
37847,442,64,2025-09-13 08:58:00,1,0.2498,0,Low,Random Forest
37848,781,147,2025-09-13 09:10:00,1,0.2754,0,Low,Random Forest
37849,2881,262,2025-09-13 09:17:00,1,0.1957,0,Low,Random Forest
37850,1809,435,2025-09-13 09:24:00,0,0.2225,0,Low,Random Forest
37851,2317,316,2025-09-13 09:25:00,0,0.2391,0,Low,Random Forest
37852,2691,241,2025-09-13 09:40:00,0,0.2503,0,Low,Random Forest
37853,148,370,2025-09-13 09:44:00,0,0.2925,0,Low,Random Forest
37854,2602,16,2025-09-13 09:45:00,1,0.2808,0,Low,Random Forest
37855,2130,370,2025-09-13 09:47:00,1,0.2936,0,Low,Random Forest
37856,1101,182,2025-09-13 10:00:00,0,0.1329,0,Low,Random Forest
37857,2731,363,2025-09-13 10:19:00,0,0.141,0,Low,Random Forest
37858,2161,370,2025-09-13 10:26:00,1,0.2325,0,Low,Random Forest
37859,2577,370,2025-09-13 10:31:00,0,0.1319,0,Low,Random Forest
37860,1377,363,2025-09-13 10:36:00,0,0.1549,0,Low,Random Forest
37861,2819,433,2025-09-13 10:38:00,1,0.1548,0,Low,Random Forest
37862,2483,363,2025-09-13 10:39:00,0,0.1288,0,Low,Random Forest
37863,440,289,2025-09-13 10:42:00,0,0.1367,0,Low,Random Forest
37864,1732,45,2025-09-13 10:47:00,0,0.172,0,Low,Random Forest
37865,2162,363,2025-09-13 10:55:00,0,0.1358,0,Low,Random Forest
37866,2704,442,2025-09-13 11:02:00,0,0.1413,0,Low,Random Forest
37867,2954,7,2025-09-13 11:17:00,0,0.1473,0,Low,Random Forest
37868,1101,437,2025-09-13 11:18:00,0,0.132,0,Low,Random Forest
37869,407,406,2025-09-13 11:19:00,1,0.1659,0,Low,Random Forest
37870,2896,395,2025-09-13 11:19:00,0,0.1435,0,Low,Random Forest
37871,190,106,2025-09-13 11:28:00,0,0.1647,0,Low,Random Forest
37872,966,370,2025-09-13 11:30:00,0,0.1255,0,Low,Random Forest
37873,2255,82,2025-09-13 11:39:00,0,0.1892,0,Low,Random Forest
37874,755,306,2025-09-13 11:43:00,0,0.1448,0,Low,Random Forest
37875,254,336,2025-09-13 11:48:00,0,0.1246,0,Low,Random Forest
37876,2126,390,2025-09-13 12:03:00,1,0.2142,0,Low,Random Forest
37877,1101,306,2025-09-13 12:08:00,0,0.1269,0,Low,Random Forest
37878,2590,305,2025-09-13 12:18:00,0,0.1662,0,Low,Random Forest
37879,140,421,2025-09-13 12:22:00,1,0.1844,0,Low,Random Forest
37880,1101,363,2025-09-13 12:28:00,1,0.732,1,High,Random Forest
37881,2159,262,2025-09-13 12:28:00,0,0.1366,0,Low,Random Forest
37882,2205,275,2025-09-13 12:50:00,0,0.232,0,Low,Random Forest
37883,2005,318,2025-09-13 13:11:00,1,0.2687,0,Low,Random Forest
37884,2882,231,2025-09-13 13:25:00,0,0.212,0,Low,Random Forest
37885,2110,375,2025-09-13 13:29:00,1,0.1678,0,Low,Random Forest
37886,2397,351,2025-09-13 13:31:00,0,0.1529,0,Low,Random Forest
37887,1195,176,2025-09-13 13:35:00,0,0.1442,0,Low,Random Forest
37888,2922,124,2025-09-13 13:41:00,1,0.1515,0,Low,Random Forest
37889,1362,241,2025-09-13 13:44:00,0,0.1231,0,Low,Random Forest
37890,1356,383,2025-09-13 13:46:00,0,0.1503,0,Low,Random Forest
37891,483,74,2025-09-13 14:06:00,1,0.1712,0,Low,Random Forest
37892,2317,370,2025-09-13 14:09:00,0,0.1537,0,Low,Random Forest
37893,913,376,2025-09-13 14:24:00,0,0.1585,0,Low,Random Forest
37894,2255,241,2025-09-13 14:24:00,1,0.1865,0,Low,Random Forest
37895,1101,77,2025-09-13 14:37:00,0,0.1178,0,Low,Random Forest
37896,2467,125,2025-09-13 14:40:00,1,0.1803,0,Low,Random Forest
37897,1159,306,2025-09-13 14:41:00,0,0.1321,0,Low,Random Forest
37898,113,370,2025-09-13 14:47:00,0,0.2117,0,Low,Random Forest
37899,1636,296,2025-09-13 14:54:00,0,0.1452,0,Low,Random Forest
37900,2194,370,2025-09-13 14:55:00,0,0.1198,0,Low,Random Forest
37901,1653,85,2025-09-13 14:56:00,0,0.1484,0,Low,Random Forest
37902,1814,370,2025-09-13 15:16:00,0,0.161,0,Low,Random Forest
37903,91,4,2025-09-13 15:16:00,0,0.3952,1,Medium,Random Forest
37904,2448,73,2025-09-13 15:18:00,0,0.1861,0,Low,Random Forest
37905,2930,370,2025-09-13 15:23:00,0,0.1379,0,Low,Random Forest
37906,1101,370,2025-09-13 15:24:00,0,0.1334,0,Low,Random Forest
37907,1101,124,2025-09-13 15:37:00,0,0.1246,0,Low,Random Forest
37908,2161,439,2025-09-13 15:40:00,0,0.1323,0,Low,Random Forest
37909,504,370,2025-09-13 15:43:00,0,0.149,0,Low,Random Forest
37910,433,252,2025-09-13 15:59:00,0,0.1389,0,Low,Random Forest
37911,1101,241,2025-09-13 16:07:00,0,0.1887,0,Low,Random Forest
37912,1101,101,2025-09-13 16:11:00,0,0.1881,0,Low,Random Forest
37913,2141,334,2025-09-13 16:24:00,0,0.1592,0,Low,Random Forest
37914,1576,226,2025-09-13 16:27:00,0,0.1418,0,Low,Random Forest
37915,1875,406,2025-09-13 16:29:00,0,0.1372,0,Low,Random Forest
37916,1101,418,2025-09-13 16:38:00,0,0.1279,0,Low,Random Forest
37917,1699,296,2025-09-13 16:44:00,0,0.1742,0,Low,Random Forest
37918,1613,260,2025-09-13 16:45:00,0,0.145,0,Low,Random Forest
37919,2255,262,2025-09-13 16:47:00,1,0.1361,0,Low,Random Forest
37920,255,406,2025-09-13 16:53:00,0,0.1161,0,Low,Random Forest
37921,1044,236,2025-09-13 17:01:00,0,0.1407,0,Low,Random Forest
37923,113,307,2025-09-13 17:04:00,0,0.195,0,Low,Random Forest
37922,913,334,2025-09-13 17:04:00,0,0.1439,0,Low,Random Forest
37924,1101,241,2025-09-13 17:05:00,0,0.1768,0,Low,Random Forest
37925,255,252,2025-09-13 17:06:00,0,0.104,0,Low,Random Forest
37926,1101,418,2025-09-13 17:07:00,0,0.1373,0,Low,Random Forest
37927,1384,318,2025-09-13 17:09:00,1,0.2905,0,Low,Random Forest
37928,1377,370,2025-09-13 17:17:00,0,0.1278,0,Low,Random Forest
37929,1742,77,2025-09-13 17:22:00,0,0.1803,0,Low,Random Forest
37930,2601,182,2025-09-13 17:23:00,0,0.1693,0,Low,Random Forest
37931,1777,74,2025-09-13 17:34:00,0,0.1789,0,Low,Random Forest
37932,350,237,2025-09-13 17:35:00,0,0.1446,0,Low,Random Forest
37933,501,370,2025-09-13 17:50:00,1,0.7746,1,High,Random Forest
37934,2092,275,2025-09-13 18:11:00,0,0.1774,0,Low,Random Forest
37936,903,370,2025-09-13 18:15:00,0,0.2885,0,Low,Random Forest
37935,1089,187,2025-09-13 18:15:00,0,0.2111,0,Low,Random Forest
37937,1316,241,2025-09-13 18:16:00,0,0.164,0,Low,Random Forest
37938,1191,241,2025-09-13 18:25:00,1,0.2746,0,Low,Random Forest
37939,88,241,2025-09-13 18:25:00,1,0.2708,0,Low,Random Forest
37940,1725,363,2025-09-13 18:28:00,1,0.2458,0,Low,Random Forest
37941,2961,64,2025-09-13 18:28:00,0,0.2547,0,Low,Random Forest
37942,2932,363,2025-09-13 18:33:00,0,0.2451,0,Low,Random Forest
37943,1203,404,2025-09-13 18:36:00,1,0.209,0,Low,Random Forest
37944,823,336,2025-09-13 18:40:00,0,0.1699,0,Low,Random Forest
37945,2225,371,2025-09-13 18:42:00,0,0.2785,0,Low,Random Forest
37946,2818,370,2025-09-13 18:43:00,0,0.2659,0,Low,Random Forest
37947,2863,307,2025-09-13 18:44:00,0,0.3205,1,Medium,Random Forest
37948,389,74,2025-09-13 18:49:00,0,0.2802,0,Low,Random Forest
37949,2317,376,2025-09-13 18:51:00,0,0.2564,0,Low,Random Forest
37950,1875,38,2025-09-13 18:57:00,0,0.2538,0,Low,Random Forest
37951,163,181,2025-09-13 19:06:00,0,0.2538,0,Low,Random Forest
37952,1148,155,2025-09-13 19:12:00,1,0.3188,1,Medium,Random Forest
37953,1101,370,2025-09-13 19:13:00,0,0.2699,0,Low,Random Forest
37954,1616,285,2025-09-13 19:18:00,0,0.442,1,Medium,Random Forest
37955,2255,355,2025-09-13 19:20:00,1,0.3286,1,Medium,Random Forest
37956,384,180,2025-09-13 19:21:00,1,0.486,1,Medium,Random Forest
37957,2544,414,2025-09-13 19:30:00,1,0.8233,1,High,Random Forest
37958,1101,241,2025-09-13 19:34:00,0,0.2198,0,Low,Random Forest
37959,1965,318,2025-09-13 19:49:00,0,0.4033,1,Medium,Random Forest
37960,2572,363,2025-09-13 19:58:00,0,0.2565,0,Low,Random Forest
37961,2834,376,2025-09-13 20:09:00,0,0.2314,0,Low,Random Forest
37962,463,241,2025-09-13 20:11:00,0,0.2691,0,Low,Random Forest
37963,1101,241,2025-09-13 20:18:00,0,0.3098,1,Medium,Random Forest
37964,463,433,2025-09-13 20:19:00,1,0.1752,0,Low,Random Forest
37965,2819,335,2025-09-13 20:25:00,0,0.4278,1,Medium,Random Forest
37966,255,241,2025-09-13 20:27:00,1,0.2749,0,Low,Random Forest
37967,2085,402,2025-09-13 20:39:00,0,0.2919,0,Low,Random Forest
37968,1573,370,2025-09-13 20:53:00,0,0.2669,0,Low,Random Forest
37969,1101,46,2025-09-13 21:20:00,0,0.3094,1,Medium,Random Forest
37970,2694,184,2025-09-13 21:32:00,0,0.2173,0,Low,Random Forest
37971,1693,180,2025-09-13 21:42:00,1,0.3399,1,Medium,Random Forest
37972,813,370,2025-09-13 21:55:00,0,0.1576,0,Low,Random Forest
37973,1231,402,2025-09-13 22:03:00,0,0.1501,0,Low,Random Forest
37974,1528,116,2025-09-13 22:16:00,0,0.1647,0,Low,Random Forest
37975,2226,406,2025-09-13 22:20:00,1,0.1341,0,Low,Random Forest
37976,1101,370,2025-09-13 22:30:00,0,0.1383,0,Low,Random Forest
37977,2105,370,2025-09-13 22:36:00,0,0.1479,0,Low,Random Forest
37978,1101,241,2025-09-13 22:38:00,0,0.1524,0,Low,Random Forest
37979,258,181,2025-09-13 22:39:00,1,0.7687,1,High,Random Forest
37980,2438,351,2025-09-13 22:44:00,0,0.1665,0,Low,Random Forest
37981,1356,337,2025-09-13 22:49:00,0,0.2293,0,Low,Random Forest
37982,1851,376,2025-09-13 22:57:00,0,0.1363,0,Low,Random Forest
37983,2255,177,2025-09-13 23:22:00,0,0.1943,0,Low,Random Forest
37984,2405,370,2025-09-13 23:51:00,0,0.1921,0,Low,Random Forest
37985,419,316,2025-09-13 23:52:00,0,0.1889,0,Low,Random Forest
37986,113,370,2025-09-14 02:31:00,0,0.2202,0,Low,Random Forest
37987,2172,181,2025-09-14 03:14:00,0,0.2133,0,Low,Random Forest
37988,160,411,2025-09-14 03:16:00,1,0.3958,1,Medium,Random Forest
37989,97,296,2025-09-14 03:34:00,0,0.2044,0,Low,Random Forest
37990,434,176,2025-09-14 03:35:00,0,0.302,1,Medium,Random Forest
37991,255,252,2025-09-14 03:49:00,0,0.193,0,Low,Random Forest
37992,2860,370,2025-09-14 05:04:00,0,0.1663,0,Low,Random Forest
37993,722,353,2025-09-14 05:28:00,0,0.299,0,Low,Random Forest
37994,1750,307,2025-09-14 06:28:00,0,0.2053,0,Low,Random Forest
37995,2924,275,2025-09-14 06:50:00,0,0.1534,0,Low,Random Forest
37996,13,370,2025-09-14 07:09:00,0,0.2219,0,Low,Random Forest
37997,2456,376,2025-09-14 07:15:00,0,0.1687,0,Low,Random Forest
37998,1101,74,2025-09-14 07:21:00,0,0.1976,0,Low,Random Forest
37999,113,181,2025-09-14 07:58:00,0,0.1689,0,Low,Random Forest
38000,163,363,2025-09-14 08:06:00,0,0.257,0,Low,Random Forest
38001,2704,98,2025-09-14 08:09:00,0,0.2487,0,Low,Random Forest
38002,2791,363,2025-09-14 08:22:00,0,0.2337,0,Low,Random Forest
38003,2170,376,2025-09-14 08:27:00,0,0.2294,0,Low,Random Forest
38004,565,296,2025-09-14 08:30:00,0,0.1981,0,Low,Random Forest
38005,2289,241,2025-09-14 08:36:00,0,0.218,0,Low,Random Forest
38006,1101,103,2025-09-14 08:37:00,0,0.3611,1,Medium,Random Forest
38007,2429,236,2025-09-14 08:40:00,1,0.2053,0,Low,Random Forest
38008,233,159,2025-09-14 08:41:00,0,0.2037,0,Low,Random Forest
38009,1295,382,2025-09-14 08:45:00,0,0.2725,0,Low,Random Forest
38010,2092,97,2025-09-14 08:48:00,0,0.2805,0,Low,Random Forest
38011,301,116,2025-09-14 08:54:00,1,0.1918,0,Low,Random Forest
38012,1394,147,2025-09-14 08:58:00,1,0.2599,0,Low,Random Forest
38013,567,241,2025-09-14 09:02:00,0,0.1982,0,Low,Random Forest
38014,2577,186,2025-09-14 09:08:00,0,0.3157,1,Medium,Random Forest
38015,1636,433,2025-09-14 09:28:00,0,0.2592,0,Low,Random Forest
38016,1812,363,2025-09-14 09:30:00,0,0.243,0,Low,Random Forest
38017,821,64,2025-09-14 09:45:00,0,0.2859,0,Low,Random Forest
38018,1101,296,2025-09-14 09:53:00,0,0.1755,0,Low,Random Forest
38019,2371,119,2025-09-14 09:59:00,0,0.1877,0,Low,Random Forest
38020,1653,196,2025-09-14 10:15:00,1,0.1557,0,Low,Random Forest
38021,2298,50,2025-09-14 10:17:00,0,0.2042,0,Low,Random Forest
38022,2499,323,2025-09-14 10:19:00,0,0.1834,0,Low,Random Forest
38023,2109,60,2025-09-14 10:26:00,0,0.2344,0,Low,Random Forest
38024,415,362,2025-09-14 10:28:00,0,0.1527,0,Low,Random Forest
38025,2420,1,2025-09-14 10:36:00,0,0.171,0,Low,Random Forest
38026,1101,429,2025-09-14 10:42:00,0,0.1692,0,Low,Random Forest
38027,349,281,2025-09-14 10:57:00,0,0.1706,0,Low,Random Forest
38028,171,433,2025-09-14 11:20:00,0,0.2024,0,Low,Random Forest
38029,1126,251,2025-09-14 11:26:00,0,0.149,0,Low,Random Forest
38030,1812,180,2025-09-14 11:29:00,0,0.2927,0,Low,Random Forest
38031,2255,433,2025-09-14 11:30:00,0,0.1858,0,Low,Random Forest
38032,312,363,2025-09-14 11:42:00,1,0.1564,0,Low,Random Forest
38033,2911,77,2025-09-14 11:58:00,0,0.144,0,Low,Random Forest
38034,1653,252,2025-09-14 12:15:00,0,0.124,0,Low,Random Forest
38035,829,79,2025-09-14 12:33:00,0,0.1685,0,Low,Random Forest
38036,2570,275,2025-09-14 12:50:00,0,0.1318,0,Low,Random Forest
38037,1451,77,2025-09-14 12:53:00,0,0.1518,0,Low,Random Forest
38038,1875,45,2025-09-14 13:18:00,0,0.1691,0,Low,Random Forest
38039,835,434,2025-09-14 13:53:00,0,0.1708,0,Low,Random Forest
38040,1744,155,2025-09-14 13:55:00,0,0.1395,0,Low,Random Forest
38041,1367,194,2025-09-14 14:05:00,0,0.1328,0,Low,Random Forest
38042,2926,328,2025-09-14 14:24:00,0,0.1567,0,Low,Random Forest
38043,351,335,2025-09-14 14:42:00,0,0.3451,1,Medium,Random Forest
38044,580,414,2025-09-14 15:03:00,0,0.1481,0,Low,Random Forest
38045,2420,300,2025-09-14 15:26:00,0,0.1329,0,Low,Random Forest
38046,440,376,2025-09-14 15:30:00,1,0.1439,0,Low,Random Forest
38047,2898,120,2025-09-14 15:41:00,0,0.2462,0,Low,Random Forest
38048,255,363,2025-09-14 15:49:00,0,0.1274,0,Low,Random Forest
38049,677,45,2025-09-14 15:53:00,0,0.2029,0,Low,Random Forest
38050,1970,236,2025-09-14 15:58:00,0,0.1378,0,Low,Random Forest
38051,2299,262,2025-09-14 16:04:00,0,0.2115,0,Low,Random Forest
38052,713,252,2025-09-14 16:12:00,0,0.153,0,Low,Random Forest
38054,2774,275,2025-09-14 16:27:00,0,0.1242,0,Low,Random Forest
38053,2889,306,2025-09-14 16:27:00,0,0.1517,0,Low,Random Forest
38055,2499,275,2025-09-14 16:29:00,0,0.1239,0,Low,Random Forest
38056,591,50,2025-09-14 16:40:00,0,0.2083,0,Low,Random Forest
38057,625,370,2025-09-14 16:42:00,0,0.1407,0,Low,Random Forest
38058,1563,370,2025-09-14 17:00:00,0,0.1578,0,Low,Random Forest
38060,1101,181,2025-09-14 17:15:00,0,0.1827,0,Low,Random Forest
38059,1604,99,2025-09-14 17:15:00,0,0.2402,0,Low,Random Forest
38061,2568,38,2025-09-14 17:18:00,0,0.148,0,Low,Random Forest
38062,1968,433,2025-09-14 17:22:00,0,0.1654,0,Low,Random Forest
38063,2919,264,2025-09-14 17:23:00,0,0.1525,0,Low,Random Forest
38064,544,231,2025-09-14 17:26:00,0,0.2165,0,Low,Random Forest
38065,1109,376,2025-09-14 17:29:00,0,0.1552,0,Low,Random Forest
38066,2373,241,2025-09-14 17:32:00,0,0.1926,0,Low,Random Forest
38067,1806,370,2025-09-14 17:36:00,0,0.1248,0,Low,Random Forest
38068,175,306,2025-09-14 17:55:00,1,0.1327,0,Low,Random Forest
38069,162,406,2025-09-14 18:00:00,1,0.2053,0,Low,Random Forest
38070,526,387,2025-09-14 18:07:00,1,0.1795,0,Low,Random Forest
38071,2100,241,2025-09-14 18:07:00,0,0.208,0,Low,Random Forest
38072,442,376,2025-09-14 18:16:00,0,0.2314,0,Low,Random Forest
38073,2570,241,2025-09-14 18:19:00,0,0.2433,0,Low,Random Forest
38074,2318,86,2025-09-14 18:20:00,1,0.8256,1,High,Random Forest
38075,113,106,2025-09-14 18:23:00,0,0.2618,0,Low,Random Forest
38077,1101,241,2025-09-14 18:24:00,1,0.2693,0,Low,Random Forest
38076,2325,406,2025-09-14 18:24:00,0,0.2325,0,Low,Random Forest
38078,2565,363,2025-09-14 18:27:00,0,0.2755,0,Low,Random Forest
38079,219,309,2025-09-14 18:33:00,1,0.2091,0,Low,Random Forest
38080,2512,236,2025-09-14 18:41:00,0,0.2164,0,Low,Random Forest
38081,1356,354,2025-09-14 18:44:00,0,0.3243,1,Medium,Random Forest
38082,2819,233,2025-09-14 18:46:00,0,0.3023,1,Medium,Random Forest
38083,2255,116,2025-09-14 18:52:00,1,0.1917,0,Low,Random Forest
38084,1658,275,2025-09-14 19:04:00,0,0.2052,0,Low,Random Forest
38085,1848,45,2025-09-14 19:21:00,0,0.3156,1,Medium,Random Forest
38086,628,336,2025-09-14 19:24:00,1,0.2147,0,Low,Random Forest
38087,1914,289,2025-09-14 19:24:00,1,0.3345,1,Medium,Random Forest
38088,2100,51,2025-09-14 19:41:00,1,0.249,0,Low,Random Forest
38089,1231,262,2025-09-14 19:45:00,1,0.2181,0,Low,Random Forest
38090,2298,289,2025-09-14 19:48:00,0,0.2716,0,Low,Random Forest
38091,177,318,2025-09-14 19:49:00,1,0.4089,1,Medium,Random Forest
38092,113,118,2025-09-14 19:57:00,0,0.3204,1,Medium,Random Forest
38093,1742,95,2025-09-14 20:00:00,0,0.235,0,Low,Random Forest
38094,1101,241,2025-09-14 20:03:00,0,0.3219,1,Medium,Random Forest
38095,757,424,2025-09-14 20:13:00,0,0.5175,1,Medium,Random Forest
38096,2699,260,2025-09-14 20:14:00,1,0.2179,0,Low,Random Forest
38097,977,4,2025-09-14 20:16:00,0,0.5099,1,Medium,Random Forest
38098,1101,241,2025-09-14 20:39:00,1,0.3165,1,Medium,Random Forest
38099,1101,262,2025-09-14 20:47:00,0,0.2503,0,Low,Random Forest
38100,1101,21,2025-09-14 21:07:00,1,0.1425,0,Low,Random Forest
38101,2577,36,2025-09-14 21:22:00,0,0.1952,0,Low,Random Forest
38102,2179,370,2025-09-14 21:43:00,0,0.1669,0,Low,Random Forest
38103,1482,107,2025-09-14 22:12:00,0,0.351,1,Medium,Random Forest
38104,1415,318,2025-09-14 22:53:00,1,0.3364,1,Medium,Random Forest
38105,2005,76,2025-09-14 23:09:00,1,0.1856,0,Low,Random Forest
38106,991,376,2025-09-14 23:17:00,0,0.1982,0,Low,Random Forest
38107,1128,262,2025-09-14 23:21:00,0,0.1724,0,Low,Random Forest
38108,158,55,2025-09-15 01:18:00,0,0.2161,0,Low,Random Forest
38109,1356,252,2025-09-15 02:02:00,0,0.2048,0,Low,Random Forest
38110,2231,390,2025-09-15 02:07:00,0,0.2398,0,Low,Random Forest
38111,828,243,2025-09-15 03:28:00,0,0.2408,0,Low,Random Forest
38112,233,241,2025-09-15 03:50:00,1,0.1745,0,Low,Random Forest
38113,1150,260,2025-09-15 03:54:00,0,0.1757,0,Low,Random Forest
38114,35,260,2025-09-15 04:34:00,0,0.1498,0,Low,Random Forest
38115,1295,376,2025-09-15 04:39:00,1,0.7531,1,High,Random Forest
38116,258,201,2025-09-15 05:05:00,0,0.1297,0,Low,Random Forest
38117,2317,275,2025-09-15 06:01:00,0,0.1178,0,Low,Random Forest
38118,1101,363,2025-09-15 06:11:00,1,0.7572,1,High,Random Forest
38119,2596,169,2025-09-15 06:47:00,0,0.1594,0,Low,Random Forest
38120,2754,70,2025-09-15 06:47:00,1,0.2483,0,Low,Random Forest
38121,2642,241,2025-09-15 06:57:00,0,0.1214,0,Low,Random Forest
38122,2161,275,2025-09-15 06:59:00,0,0.1134,0,Low,Random Forest
38123,1150,273,2025-09-15 07:01:00,0,0.1211,0,Low,Random Forest
38124,2499,231,2025-09-15 07:07:00,0,0.2348,0,Low,Random Forest
38125,1449,376,2025-09-15 07:36:00,0,0.116,0,Low,Random Forest
38126,57,166,2025-09-15 07:42:00,0,0.1299,0,Low,Random Forest
38127,2699,402,2025-09-15 07:44:00,0,0.13,0,Low,Random Forest
38128,1913,262,2025-09-15 07:46:00,0,0.1184,0,Low,Random Forest
38129,2317,260,2025-09-15 08:06:00,0,0.185,0,Low,Random Forest
38130,2325,375,2025-09-15 08:09:00,0,0.2461,0,Low,Random Forest
38131,2317,433,2025-09-15 08:13:00,0,0.2329,0,Low,Random Forest
38132,255,351,2025-09-15 08:15:00,0,0.2032,0,Low,Random Forest
38133,2380,370,2025-09-15 08:23:00,0,0.1497,0,Low,Random Forest
38134,807,305,2025-09-15 08:29:00,1,0.1834,0,Low,Random Forest
38135,1101,51,2025-09-15 08:31:00,0,0.234,0,Low,Random Forest
38136,389,281,2025-09-15 08:32:00,0,0.1697,0,Low,Random Forest
38137,2834,217,2025-09-15 08:36:00,0,0.3033,1,Medium,Random Forest
38138,2815,433,2025-09-15 08:44:00,0,0.2444,0,Low,Random Forest
38139,732,427,2025-09-15 08:47:00,0,0.1778,0,Low,Random Forest
38140,2256,236,2025-09-15 08:49:00,0,0.1853,0,Low,Random Forest
38141,2130,82,2025-09-15 09:03:00,0,0.243,0,Low,Random Forest
38142,2997,252,2025-09-15 09:04:00,0,0.1747,0,Low,Random Forest
38143,152,68,2025-09-15 09:40:00,0,0.2238,0,Low,Random Forest
38144,1140,376,2025-09-15 09:43:00,0,0.2054,0,Low,Random Forest
38145,2699,349,2025-09-15 09:49:00,0,0.1777,0,Low,Random Forest
38146,2325,363,2025-09-15 09:57:00,1,0.2349,0,Low,Random Forest
38147,1880,252,2025-09-15 10:07:00,0,0.11,0,Low,Random Forest
38148,1476,433,2025-09-15 10:10:00,0,0.1299,0,Low,Random Forest
38149,2703,339,2025-09-15 10:18:00,0,0.2279,0,Low,Random Forest
38150,2209,231,2025-09-15 10:25:00,0,0.2144,0,Low,Random Forest
38151,255,370,2025-09-15 10:32:00,0,0.1169,0,Low,Random Forest
38152,1101,241,2025-09-15 10:38:00,1,0.1252,0,Low,Random Forest
38153,2178,370,2025-09-15 11:06:00,0,0.1433,0,Low,Random Forest
38154,2865,158,2025-09-15 11:23:00,0,0.1453,0,Low,Random Forest
38155,255,318,2025-09-15 11:28:00,0,0.3567,1,Medium,Random Forest
38156,2426,95,2025-09-15 11:59:00,0,0.1621,0,Low,Random Forest
38157,2396,37,2025-09-15 12:12:00,0,0.2315,0,Low,Random Forest
38158,1833,201,2025-09-15 12:20:00,0,0.1429,0,Low,Random Forest
38159,2672,370,2025-09-15 12:35:00,0,0.1158,0,Low,Random Forest
38160,1427,36,2025-09-15 12:40:00,0,0.1832,0,Low,Random Forest
38161,2819,370,2025-09-15 12:45:00,0,0.1368,0,Low,Random Forest
38162,2307,15,2025-09-15 12:45:00,0,0.1344,0,Low,Random Forest
38163,312,388,2025-09-15 12:53:00,0,0.2013,0,Low,Random Forest
38164,1334,376,2025-09-15 12:54:00,1,0.1171,0,Low,Random Forest
38165,171,312,2025-09-15 12:54:00,0,0.133,0,Low,Random Forest
38166,113,223,2025-09-15 12:59:00,0,0.1256,0,Low,Random Forest
38167,1195,393,2025-09-15 13:25:00,0,0.1447,0,Low,Random Forest
38168,1668,433,2025-09-15 13:32:00,0,0.1255,0,Low,Random Forest
38169,2501,428,2025-09-15 13:57:00,0,0.1292,0,Low,Random Forest
38170,225,376,2025-09-15 14:01:00,1,0.1174,0,Low,Random Forest
38171,2691,323,2025-09-15 14:14:00,0,0.1153,0,Low,Random Forest
38172,1039,262,2025-09-15 14:22:00,0,0.1294,0,Low,Random Forest
38173,482,318,2025-09-15 14:46:00,1,0.2778,0,Low,Random Forest
38174,1636,239,2025-09-15 14:48:00,0,0.1522,0,Low,Random Forest
38175,2551,241,2025-09-15 14:52:00,0,0.1232,0,Low,Random Forest
38176,815,241,2025-09-15 15:01:00,0,0.1366,0,Low,Random Forest
38177,1147,370,2025-09-15 15:21:00,0,0.1279,0,Low,Random Forest
38178,113,187,2025-09-15 15:28:00,0,0.1261,0,Low,Random Forest
38179,255,318,2025-09-15 15:36:00,0,0.339,1,Medium,Random Forest
38180,1589,45,2025-09-15 15:37:00,0,0.1786,0,Low,Random Forest
38181,2472,181,2025-09-15 15:37:00,0,0.1435,0,Low,Random Forest
38182,919,370,2025-09-15 15:38:00,0,0.1226,0,Low,Random Forest
38183,2348,46,2025-09-15 15:39:00,0,0.2714,0,Low,Random Forest
38184,2886,262,2025-09-15 15:47:00,0,0.1135,0,Low,Random Forest
38185,255,114,2025-09-15 15:54:00,0,0.1468,0,Low,Random Forest
38186,549,442,2025-09-15 16:02:00,0,0.169,0,Low,Random Forest
38187,348,370,2025-09-15 16:17:00,0,0.1231,0,Low,Random Forest
38188,863,171,2025-09-15 16:19:00,0,0.1816,0,Low,Random Forest
38189,1101,38,2025-09-15 16:22:00,1,0.1272,0,Low,Random Forest
38190,1101,370,2025-09-15 16:45:00,0,0.1394,0,Low,Random Forest
38191,2222,359,2025-09-15 16:48:00,0,0.1329,0,Low,Random Forest
38192,2624,241,2025-09-15 16:58:00,0,0.1216,0,Low,Random Forest
38193,1101,262,2025-09-15 17:00:00,0,0.1049,0,Low,Random Forest
38194,766,339,2025-09-15 17:04:00,1,0.2523,0,Low,Random Forest
38195,2841,359,2025-09-15 17:05:00,0,0.1332,0,Low,Random Forest
38196,1028,177,2025-09-15 17:14:00,0,0.1331,0,Low,Random Forest
38197,2936,376,2025-09-15 17:17:00,0,0.1191,0,Low,Random Forest
38199,2886,328,2025-09-15 17:18:00,0,0.1184,0,Low,Random Forest
38198,258,183,2025-09-15 17:18:00,0,0.1414,0,Low,Random Forest
38200,37,262,2025-09-15 17:30:00,0,0.1413,0,Low,Random Forest
38201,1944,402,2025-09-15 17:36:00,0,0.1437,0,Low,Random Forest
38202,706,223,2025-09-15 17:38:00,0,0.1421,0,Low,Random Forest
38204,113,296,2025-09-15 17:40:00,0,0.1311,0,Low,Random Forest
38203,2088,116,2025-09-15 17:40:00,1,0.1632,0,Low,Random Forest
38205,892,335,2025-09-15 17:43:00,1,0.3122,1,Medium,Random Forest
38206,1476,363,2025-09-15 17:49:00,1,0.1368,0,Low,Random Forest
38207,1373,309,2025-09-15 17:53:00,0,0.1268,0,Low,Random Forest
38208,97,363,2025-09-15 18:03:00,0,0.1598,0,Low,Random Forest
38209,1552,238,2025-09-15 18:05:00,1,0.1798,0,Low,Random Forest
38210,1101,159,2025-09-15 18:07:00,0,0.2127,0,Low,Random Forest
38211,1101,309,2025-09-15 18:10:00,0,0.2163,0,Low,Random Forest
38212,1986,363,2025-09-15 18:18:00,1,0.1848,0,Low,Random Forest
38213,1101,183,2025-09-15 18:34:00,1,0.2462,0,Low,Random Forest
38214,1769,181,2025-09-15 18:35:00,0,0.1837,0,Low,Random Forest
38215,244,387,2025-09-15 18:36:00,0,0.2568,0,Low,Random Forest
38216,147,429,2025-09-15 18:39:00,0,0.2003,0,Low,Random Forest
38217,974,370,2025-09-15 18:41:00,0,0.1665,0,Low,Random Forest
38218,1101,363,2025-09-15 18:46:00,0,0.2081,0,Low,Random Forest
38219,1812,370,2025-09-15 18:58:00,1,0.2449,0,Low,Random Forest
38220,1540,223,2025-09-15 19:00:00,1,0.218,0,Low,Random Forest
38221,905,238,2025-09-15 19:06:00,0,0.2435,0,Low,Random Forest
38222,1583,275,2025-09-15 19:15:00,0,0.2418,0,Low,Random Forest
38223,421,252,2025-09-15 19:19:00,0,0.1694,0,Low,Random Forest
38224,2139,252,2025-09-15 19:23:00,0,0.1858,0,Low,Random Forest
38225,2870,296,2025-09-15 19:26:00,1,0.164,0,Low,Random Forest
38226,900,241,2025-09-15 19:36:00,0,0.1984,0,Low,Random Forest
38227,2809,42,2025-09-15 19:37:00,1,0.2686,0,Low,Random Forest
38229,255,241,2025-09-15 19:43:00,0,0.2402,0,Low,Random Forest
38228,2084,262,2025-09-15 19:43:00,0,0.209,0,Low,Random Forest
38230,483,370,2025-09-15 19:48:00,0,0.1285,0,Low,Random Forest
38231,2200,289,2025-09-15 19:50:00,0,0.3179,1,Medium,Random Forest
38232,1087,64,2025-09-15 19:59:00,1,0.8393,1,High,Random Forest
38233,206,306,2025-09-15 20:11:00,1,0.2519,0,Low,Random Forest
38234,1930,32,2025-09-15 20:31:00,1,0.3444,1,Medium,Random Forest
38235,1681,259,2025-09-15 20:34:00,0,0.1497,0,Low,Random Forest
38236,2206,370,2025-09-15 20:37:00,1,0.1666,0,Low,Random Forest
38237,275,262,2025-09-15 20:37:00,1,0.2451,0,Low,Random Forest
38238,681,107,2025-09-15 20:39:00,0,0.4193,1,Medium,Random Forest
38239,113,370,2025-09-15 21:00:00,0,0.1318,0,Low,Random Forest
38240,1101,363,2025-09-15 21:00:00,0,0.11,0,Low,Random Forest
38241,372,236,2025-09-15 21:10:00,0,0.1303,0,Low,Random Forest
38242,2512,370,2025-09-15 21:13:00,0,0.1565,0,Low,Random Forest
38243,583,262,2025-09-15 21:18:00,0,0.1258,0,Low,Random Forest
38244,1924,241,2025-09-15 21:26:00,0,0.1427,0,Low,Random Forest
38245,1875,180,2025-09-15 21:39:00,0,0.3217,1,Medium,Random Forest
38246,346,78,2025-09-15 21:46:00,0,0.1388,0,Low,Random Forest
38247,1428,316,2025-09-15 21:55:00,0,0.1197,0,Low,Random Forest
38248,2187,241,2025-09-15 22:07:00,0,0.1266,0,Low,Random Forest
38249,1101,262,2025-09-15 22:10:00,0,0.1377,0,Low,Random Forest
38250,189,370,2025-09-15 22:33:00,0,0.1315,0,Low,Random Forest
38251,2251,155,2025-09-15 22:58:00,0,0.1352,0,Low,Random Forest
38252,2226,241,2025-09-15 23:47:00,0,0.1577,0,Low,Random Forest
38253,2707,433,2025-09-16 00:15:00,0,0.1944,0,Low,Random Forest
38254,2965,241,2025-09-16 02:02:00,0,0.1801,0,Low,Random Forest
38255,113,224,2025-09-16 02:35:00,0,0.2329,0,Low,Random Forest
38256,739,181,2025-09-16 04:52:00,0,0.1579,0,Low,Random Forest
38257,2360,31,2025-09-16 05:07:00,0,0.1346,0,Low,Random Forest
38258,1373,339,2025-09-16 05:16:00,0,0.1878,0,Low,Random Forest
38259,2570,349,2025-09-16 05:16:00,1,0.1367,0,Low,Random Forest
38260,797,252,2025-09-16 05:48:00,0,0.1261,0,Low,Random Forest
38261,113,179,2025-09-16 05:51:00,1,0.2004,0,Low,Random Forest
38262,1756,58,2025-09-16 06:07:00,0,0.1641,0,Low,Random Forest
38263,1001,365,2025-09-16 06:07:00,0,0.2797,0,Low,Random Forest
38264,1737,77,2025-09-16 06:11:00,0,0.1229,0,Low,Random Forest
38265,511,370,2025-09-16 06:14:00,0,0.1164,0,Low,Random Forest
38266,1647,77,2025-09-16 06:18:00,1,0.1223,0,Low,Random Forest
38267,359,260,2025-09-16 06:26:00,0,0.1482,0,Low,Random Forest
38268,312,370,2025-09-16 06:26:00,0,0.1217,0,Low,Random Forest
38269,844,318,2025-09-16 06:36:00,1,0.2593,0,Low,Random Forest
38270,163,252,2025-09-16 06:42:00,0,0.1197,0,Low,Random Forest
38271,1118,262,2025-09-16 06:50:00,0,0.1229,0,Low,Random Forest
38272,1469,406,2025-09-16 07:03:00,0,0.1454,0,Low,Random Forest
38273,866,74,2025-09-16 07:09:00,0,0.173,0,Low,Random Forest
38274,883,172,2025-09-16 07:26:00,0,0.1272,0,Low,Random Forest
38275,1101,55,2025-09-16 07:30:00,0,0.133,0,Low,Random Forest
38276,821,440,2025-09-16 07:45:00,0,0.2901,0,Low,Random Forest
38277,1101,180,2025-09-16 08:13:00,0,0.3053,1,Medium,Random Forest
38278,1101,370,2025-09-16 08:22:00,1,0.1621,0,Low,Random Forest
38279,312,181,2025-09-16 08:28:00,0,0.23,0,Low,Random Forest
38280,1163,176,2025-09-16 08:36:00,0,0.1912,0,Low,Random Forest
38281,255,241,2025-09-16 08:36:00,0,0.2252,0,Low,Random Forest
38282,2919,252,2025-09-16 08:45:00,0,0.2151,0,Low,Random Forest
38283,2730,81,2025-09-16 08:48:00,0,0.5074,1,Medium,Random Forest
38284,1618,363,2025-09-16 09:06:00,1,0.7834,1,High,Random Forest
38285,1723,318,2025-09-16 09:22:00,1,0.3042,1,Medium,Random Forest
38286,482,433,2025-09-16 09:34:00,1,0.1631,0,Low,Random Forest
38287,410,355,2025-09-16 09:35:00,0,0.2462,0,Low,Random Forest
38288,1326,335,2025-09-16 09:40:00,0,0.3286,1,Medium,Random Forest
38289,1105,376,2025-09-16 09:42:00,1,0.2035,0,Low,Random Forest
38290,878,275,2025-09-16 09:45:00,0,0.1815,0,Low,Random Forest
38291,1147,370,2025-09-16 09:54:00,0,0.1868,0,Low,Random Forest
38292,198,55,2025-09-16 09:57:00,0,0.2173,0,Low,Random Forest
38293,823,235,2025-09-16 10:10:00,0,0.129,0,Low,Random Forest
38294,2397,241,2025-09-16 10:11:00,0,0.1201,0,Low,Random Forest
38295,2107,318,2025-09-16 10:12:00,0,0.2651,0,Low,Random Forest
38296,812,4,2025-09-16 10:15:00,0,0.317,1,Medium,Random Forest
38297,2062,183,2025-09-16 10:20:00,0,0.1238,0,Low,Random Forest
38298,1438,363,2025-09-16 10:31:00,1,0.116,0,Low,Random Forest
38299,791,436,2025-09-16 10:42:00,0,0.1791,0,Low,Random Forest
38300,1101,376,2025-09-16 11:07:00,1,0.1123,0,Low,Random Forest
38301,2969,370,2025-09-16 11:08:00,0,0.1115,0,Low,Random Forest
38302,163,45,2025-09-16 11:27:00,0,0.1341,0,Low,Random Forest
38303,271,370,2025-09-16 11:47:00,0,0.1188,0,Low,Random Forest
38304,684,425,2025-09-16 11:49:00,0,0.2553,0,Low,Random Forest
38305,683,111,2025-09-16 12:06:00,0,0.128,0,Low,Random Forest
38307,1101,370,2025-09-16 12:08:00,0,0.1177,0,Low,Random Forest
38306,2021,124,2025-09-16 12:08:00,0,0.1297,0,Low,Random Forest
38308,255,307,2025-09-16 12:10:00,0,0.1652,0,Low,Random Forest
38309,113,152,2025-09-16 12:24:00,0,0.1409,0,Low,Random Forest
38310,1578,12,2025-09-16 12:26:00,0,0.1568,0,Low,Random Forest
38312,113,363,2025-09-16 12:35:00,0,0.1098,0,Low,Random Forest
38311,1101,241,2025-09-16 12:35:00,0,0.1228,0,Low,Random Forest
38314,1028,370,2025-09-16 13:07:00,0,0.1465,0,Low,Random Forest
38313,2872,108,2025-09-16 13:07:00,0,0.1397,0,Low,Random Forest
38315,916,201,2025-09-16 13:08:00,0,0.1362,0,Low,Random Forest
38316,568,45,2025-09-16 13:21:00,0,0.1839,0,Low,Random Forest
38317,2880,61,2025-09-16 13:40:00,0,0.2034,0,Low,Random Forest
38318,1295,328,2025-09-16 13:44:00,0,0.1227,0,Low,Random Forest
38319,1884,323,2025-09-16 13:57:00,1,0.1155,0,Low,Random Forest
38320,892,116,2025-09-16 14:01:00,0,0.1252,0,Low,Random Forest
38321,2161,120,2025-09-16 14:22:00,0,0.205,0,Low,Random Forest
38322,486,231,2025-09-16 14:29:00,0,0.2312,0,Low,Random Forest
38323,2083,349,2025-09-16 14:38:00,0,0.1162,0,Low,Random Forest
38324,1455,370,2025-09-16 14:40:00,1,0.1363,0,Low,Random Forest
38325,255,300,2025-09-16 14:42:00,0,0.1625,0,Low,Random Forest
38326,2570,96,2025-09-16 14:45:00,0,0.1245,0,Low,Random Forest
38327,1719,300,2025-09-16 15:08:00,0,0.1407,0,Low,Random Forest
38328,2666,300,2025-09-16 15:18:00,0,0.1309,0,Low,Random Forest
38329,334,10,2025-09-16 15:27:00,0,0.1322,0,Low,Random Forest
38330,1811,406,2025-09-16 15:46:00,1,0.1443,0,Low,Random Forest
38331,255,106,2025-09-16 15:59:00,0,0.1152,0,Low,Random Forest
38332,434,376,2025-09-16 16:04:00,0,0.1199,0,Low,Random Forest
38333,377,65,2025-09-16 16:09:00,0,0.1425,0,Low,Random Forest
38334,1804,236,2025-09-16 16:13:00,0,0.1294,0,Low,Random Forest
38335,1899,351,2025-09-16 16:25:00,0,0.1493,0,Low,Random Forest
38336,113,370,2025-09-16 16:27:00,0,0.1052,0,Low,Random Forest
38337,903,344,2025-09-16 16:28:00,0,0.1462,0,Low,Random Forest
38338,2641,77,2025-09-16 16:35:00,1,0.1247,0,Low,Random Forest
38339,1101,370,2025-09-16 16:37:00,0,0.1242,0,Low,Random Forest
38340,2255,370,2025-09-16 16:39:00,1,0.1029,0,Low,Random Forest
38341,1742,370,2025-09-16 16:42:00,0,0.1078,0,Low,Random Forest
38342,2857,351,2025-09-16 16:44:00,0,0.1313,0,Low,Random Forest
38343,893,426,2025-09-16 16:57:00,0,0.1462,0,Low,Random Forest
38344,2161,260,2025-09-16 16:58:00,0,0.1087,0,Low,Random Forest
38345,1812,363,2025-09-16 17:02:00,0,0.1955,0,Low,Random Forest
38346,2342,370,2025-09-16 17:08:00,0,0.1297,0,Low,Random Forest
38348,2170,180,2025-09-16 17:11:00,0,0.2907,0,Low,Random Forest
38347,1031,370,2025-09-16 17:11:00,0,0.1726,0,Low,Random Forest
38349,1421,275,2025-09-16 17:14:00,0,0.1203,0,Low,Random Forest
38350,2005,181,2025-09-16 17:26:00,0,0.1411,0,Low,Random Forest
38351,1101,370,2025-09-16 17:33:00,0,0.1258,0,Low,Random Forest
38352,2161,181,2025-09-16 17:37:00,0,0.1645,0,Low,Random Forest
38353,1101,241,2025-09-16 17:41:00,0,0.1245,0,Low,Random Forest
38354,536,376,2025-09-16 17:52:00,0,0.1417,0,Low,Random Forest
38355,255,370,2025-09-16 17:53:00,0,0.1145,0,Low,Random Forest
38356,775,51,2025-09-16 18:01:00,0,0.1504,0,Low,Random Forest
38357,970,311,2025-09-16 18:02:00,0,0.1681,0,Low,Random Forest
38358,665,64,2025-09-16 18:05:00,0,0.2549,0,Low,Random Forest
38359,2625,363,2025-09-16 18:08:00,0,0.1703,0,Low,Random Forest
38360,2590,181,2025-09-16 18:22:00,0,0.2701,0,Low,Random Forest
38361,821,106,2025-09-16 18:35:00,0,0.2423,0,Low,Random Forest
38362,2586,335,2025-09-16 18:35:00,0,0.3785,1,Medium,Random Forest
38363,1421,241,2025-09-16 18:36:00,1,0.2543,0,Low,Random Forest
38364,815,328,2025-09-16 18:40:00,0,0.1588,0,Low,Random Forest
38365,219,225,2025-09-16 18:45:00,0,0.1722,0,Low,Random Forest
38366,1770,363,2025-09-16 18:47:00,0,0.1796,0,Low,Random Forest
38367,184,106,2025-09-16 18:48:00,0,0.2617,0,Low,Random Forest
38368,1356,376,2025-09-16 18:49:00,1,0.1769,0,Low,Random Forest
38369,48,370,2025-09-16 18:50:00,0,0.2314,0,Low,Random Forest
38370,163,363,2025-09-16 18:52:00,0,0.1956,0,Low,Random Forest
38371,2650,370,2025-09-16 18:53:00,0,0.195,0,Low,Random Forest
38372,518,262,2025-09-16 19:03:00,0,0.1585,0,Low,Random Forest
38373,568,210,2025-09-16 19:15:00,0,0.2609,0,Low,Random Forest
38374,1812,363,2025-09-16 19:19:00,0,0.2045,0,Low,Random Forest
38375,370,45,2025-09-16 19:21:00,0,0.2416,0,Low,Random Forest
38376,1225,281,2025-09-16 19:31:00,0,0.1892,0,Low,Random Forest
38377,1101,370,2025-09-16 19:41:00,0,0.2544,0,Low,Random Forest
38378,1101,376,2025-09-16 19:42:00,1,0.1586,0,Low,Random Forest
38379,724,237,2025-09-16 19:45:00,1,0.1666,0,Low,Random Forest
38380,1981,275,2025-09-16 19:50:00,0,0.1591,0,Low,Random Forest
38381,2919,435,2025-09-16 20:08:00,0,0.2689,0,Low,Random Forest
38382,684,21,2025-09-16 20:10:00,0,0.2207,0,Low,Random Forest
38383,2731,337,2025-09-16 20:15:00,1,0.3044,1,Medium,Random Forest
38384,1800,38,2025-09-16 20:20:00,0,0.2138,0,Low,Random Forest
38385,1310,370,2025-09-16 20:20:00,0,0.153,0,Low,Random Forest
38386,2406,370,2025-09-16 20:26:00,0,0.2113,0,Low,Random Forest
38387,334,370,2025-09-16 20:37:00,0,0.1508,0,Low,Random Forest
38388,2344,182,2025-09-16 20:42:00,0,0.27,0,Low,Random Forest
38389,113,252,2025-09-16 20:44:00,0,0.1998,0,Low,Random Forest
38390,1653,275,2025-09-16 20:56:00,0,0.216,0,Low,Random Forest
38391,123,60,2025-09-16 21:13:00,0,0.1649,0,Low,Random Forest
38392,983,75,2025-09-16 21:20:00,0,0.1416,0,Low,Random Forest
38393,1101,236,2025-09-16 21:26:00,0,0.1259,0,Low,Random Forest
38394,429,309,2025-09-16 22:13:00,0,0.1334,0,Low,Random Forest
38395,2373,370,2025-09-16 22:15:00,0,0.1384,0,Low,Random Forest
38396,1636,252,2025-09-16 22:45:00,0,0.1134,0,Low,Random Forest
38397,255,241,2025-09-16 22:47:00,1,0.7686,1,High,Random Forest
38398,1098,88,2025-09-16 22:51:00,0,0.1632,0,Low,Random Forest
38399,264,77,2025-09-16 23:19:00,0,0.1423,0,Low,Random Forest
38400,914,236,2025-09-16 23:20:00,1,0.1587,0,Low,Random Forest
38401,1101,275,2025-09-16 23:29:00,1,0.1484,0,Low,Random Forest
38402,1644,406,2025-09-16 23:48:00,1,0.1417,0,Low,Random Forest
38403,1303,376,2025-09-17 01:34:00,0,0.1906,0,Low,Random Forest
38404,113,242,2025-09-17 01:57:00,0,0.2564,0,Low,Random Forest
38405,588,231,2025-09-17 02:11:00,1,0.3215,1,Medium,Random Forest
38406,608,81,2025-09-17 02:36:00,1,0.3523,1,Medium,Random Forest
38407,2970,106,2025-09-17 04:36:00,0,0.2054,0,Low,Random Forest
38408,2600,158,2025-09-17 05:33:00,0,0.1489,0,Low,Random Forest
38409,830,427,2025-09-17 05:33:00,0,0.1437,0,Low,Random Forest
38410,648,236,2025-09-17 05:36:00,1,0.1232,0,Low,Random Forest
38411,1101,132,2025-09-17 06:28:00,0,0.1179,0,Low,Random Forest
38412,2369,262,2025-09-17 06:57:00,0,0.1231,0,Low,Random Forest
38413,2870,344,2025-09-17 07:00:00,0,0.1287,0,Low,Random Forest
38414,1101,181,2025-09-17 07:04:00,0,0.1229,0,Low,Random Forest
38415,2662,180,2025-09-17 07:10:00,0,0.2899,0,Low,Random Forest
38416,2255,323,2025-09-17 07:15:00,0,0.1129,0,Low,Random Forest
38417,1391,323,2025-09-17 07:36:00,0,0.1158,0,Low,Random Forest
38418,1089,370,2025-09-17 07:39:00,0,0.126,0,Low,Random Forest
38419,2428,64,2025-09-17 07:46:00,0,0.1508,0,Low,Random Forest
38420,2344,166,2025-09-17 07:48:00,0,0.1564,0,Low,Random Forest
38421,2851,118,2025-09-17 07:51:00,0,0.1756,0,Low,Random Forest
38422,2161,182,2025-09-17 08:00:00,0,0.1915,0,Low,Random Forest
38423,1179,132,2025-09-17 08:01:00,0,0.1651,0,Low,Random Forest
38424,2325,316,2025-09-17 08:03:00,0,0.1586,0,Low,Random Forest
38425,2251,414,2025-09-17 08:07:00,0,0.2207,0,Low,Random Forest
38426,2317,181,2025-09-17 08:08:00,1,0.2469,0,Low,Random Forest
38427,113,437,2025-09-17 08:09:00,1,0.7837,1,High,Random Forest
38428,2306,262,2025-09-17 08:26:00,0,0.1542,0,Low,Random Forest
38429,131,296,2025-09-17 08:28:00,0,0.1578,0,Low,Random Forest
38430,313,341,2025-09-17 08:32:00,0,0.1927,0,Low,Random Forest
38431,2749,252,2025-09-17 08:39:00,0,0.2027,0,Low,Random Forest
38432,2276,11,2025-09-17 08:43:00,1,0.2806,0,Low,Random Forest
38433,1150,60,2025-09-17 08:47:00,0,0.2681,0,Low,Random Forest
38434,1101,370,2025-09-17 08:53:00,0,0.1509,0,Low,Random Forest
38435,1483,262,2025-09-17 08:58:00,0,0.2364,0,Low,Random Forest
38436,2189,370,2025-09-17 08:58:00,0,0.1689,0,Low,Random Forest
38437,2872,275,2025-09-17 09:02:00,0,0.2372,0,Low,Random Forest
38438,957,77,2025-09-17 09:31:00,0,0.2219,0,Low,Random Forest
38439,295,316,2025-09-17 09:39:00,0,0.2232,0,Low,Random Forest
38440,255,28,2025-09-17 09:51:00,0,0.168,0,Low,Random Forest
38441,464,296,2025-09-17 09:52:00,0,0.1948,0,Low,Random Forest
38442,1340,285,2025-09-17 09:58:00,0,0.3825,1,Medium,Random Forest
38443,1423,319,2025-09-17 10:13:00,0,0.1376,0,Low,Random Forest
38444,652,296,2025-09-17 10:17:00,0,0.1321,0,Low,Random Forest
38445,1225,106,2025-09-17 10:21:00,0,0.1492,0,Low,Random Forest
38446,2426,318,2025-09-17 10:21:00,0,0.2791,0,Low,Random Forest
38447,1303,376,2025-09-17 10:27:00,0,0.1423,0,Low,Random Forest
38448,1035,252,2025-09-17 10:31:00,0,0.112,0,Low,Random Forest
38449,1101,138,2025-09-17 10:40:00,0,0.1482,0,Low,Random Forest
38450,1310,370,2025-09-17 10:55:00,0,0.1109,0,Low,Random Forest
38451,2751,241,2025-09-17 11:03:00,0,0.1162,0,Low,Random Forest
38452,2731,316,2025-09-17 11:08:00,0,0.1125,0,Low,Random Forest
38453,2927,296,2025-09-17 11:15:00,0,0.1228,0,Low,Random Forest
38454,1052,275,2025-09-17 11:46:00,0,0.1234,0,Low,Random Forest
38455,113,108,2025-09-17 11:56:00,0,0.1311,0,Low,Random Forest
38456,434,285,2025-09-17 11:58:00,0,0.3052,1,Medium,Random Forest
38457,2165,198,2025-09-17 12:17:00,0,0.1415,0,Low,Random Forest
38458,162,307,2025-09-17 12:25:00,0,0.1653,0,Low,Random Forest
38459,1477,262,2025-09-17 12:45:00,0,0.1139,0,Low,Random Forest
38460,2621,318,2025-09-17 12:46:00,0,0.3034,1,Medium,Random Forest
38461,2180,318,2025-09-17 13:03:00,0,0.3038,1,Medium,Random Forest
38462,219,63,2025-09-17 13:07:00,0,0.1222,0,Low,Random Forest
38463,1742,77,2025-09-17 13:12:00,0,0.1469,0,Low,Random Forest
38464,255,370,2025-09-17 13:16:00,0,0.1154,0,Low,Random Forest
38465,2092,208,2025-09-17 13:20:00,0,0.1675,0,Low,Random Forest
38467,2542,370,2025-09-17 13:30:00,0,0.1297,0,Low,Random Forest
38466,557,117,2025-09-17 13:30:00,0,0.1645,0,Low,Random Forest
38468,724,4,2025-09-17 13:42:00,0,0.2688,0,Low,Random Forest
38469,1896,64,2025-09-17 13:45:00,0,0.1317,0,Low,Random Forest
38470,1089,77,2025-09-17 14:05:00,0,0.1109,0,Low,Random Forest
38471,2986,241,2025-09-17 14:25:00,0,0.1209,0,Low,Random Forest
38472,1075,318,2025-09-17 14:27:00,0,0.3137,1,Medium,Random Forest
38473,231,4,2025-09-17 14:35:00,0,0.283,0,Low,Random Forest
38474,255,55,2025-09-17 14:44:00,0,0.129,0,Low,Random Forest
38475,334,88,2025-09-17 14:48:00,0,0.1427,0,Low,Random Forest
38476,219,370,2025-09-17 14:51:00,0,0.1156,0,Low,Random Forest
38477,255,326,2025-09-17 15:03:00,1,0.1322,0,Low,Random Forest
38478,2929,406,2025-09-17 15:06:00,0,0.1254,0,Low,Random Forest
38479,1101,312,2025-09-17 15:07:00,1,0.1235,0,Low,Random Forest
38480,892,421,2025-09-17 15:24:00,1,0.1582,0,Low,Random Forest
38481,988,363,2025-09-17 15:24:00,1,0.1341,0,Low,Random Forest
38482,1812,328,2025-09-17 15:26:00,1,0.125,0,Low,Random Forest
38483,2027,252,2025-09-17 15:30:00,0,0.1651,0,Low,Random Forest
38484,1875,370,2025-09-17 15:32:00,0,0.1118,0,Low,Random Forest
38486,225,262,2025-09-17 15:44:00,0,0.1143,0,Low,Random Forest
38485,2751,41,2025-09-17 15:44:00,0,0.1599,0,Low,Random Forest
38487,1011,196,2025-09-17 15:47:00,0,0.1771,0,Low,Random Forest
38488,2255,318,2025-09-17 15:52:00,1,0.3062,1,Medium,Random Forest
38489,1737,337,2025-09-17 16:19:00,1,0.1658,0,Low,Random Forest
38490,139,370,2025-09-17 16:27:00,0,0.1243,0,Low,Random Forest
38491,1784,363,2025-09-17 16:36:00,0,0.1189,0,Low,Random Forest
38492,440,370,2025-09-17 16:40:00,0,0.1361,0,Low,Random Forest
38493,211,275,2025-09-17 16:47:00,0,0.1143,0,Low,Random Forest
38494,2325,289,2025-09-17 17:02:00,0,0.1538,0,Low,Random Forest
38495,1876,328,2025-09-17 17:07:00,0,0.1093,0,Low,Random Forest
38496,1002,316,2025-09-17 17:09:00,0,0.1105,0,Low,Random Forest
38497,2251,433,2025-09-17 17:16:00,1,0.1315,0,Low,Random Forest
38498,2986,45,2025-09-17 17:18:00,0,0.1544,0,Low,Random Forest
38499,811,446,2025-09-17 17:20:00,1,0.785,1,High,Random Forest
38500,275,77,2025-09-17 17:21:00,0,0.1488,0,Low,Random Forest
38501,1653,363,2025-09-17 17:30:00,0,0.1158,0,Low,Random Forest
38502,1101,275,2025-09-17 17:32:00,0,0.1128,0,Low,Random Forest
38503,2538,271,2025-09-17 17:45:00,0,0.122,0,Low,Random Forest
38504,175,60,2025-09-17 17:48:00,1,0.1596,0,Low,Random Forest
38505,255,383,2025-09-17 17:55:00,0,0.1236,0,Low,Random Forest
38506,2834,236,2025-09-17 17:56:00,0,0.1463,0,Low,Random Forest
38507,1150,328,2025-09-17 18:01:00,0,0.1664,0,Low,Random Forest
38508,113,363,2025-09-17 18:03:00,0,0.1583,0,Low,Random Forest
38509,255,363,2025-09-17 18:05:00,0,0.1697,0,Low,Random Forest
38510,2769,236,2025-09-17 18:07:00,1,0.1866,0,Low,Random Forest
38511,2600,88,2025-09-17 18:11:00,0,0.2696,0,Low,Random Forest
38513,815,370,2025-09-17 18:24:00,0,0.1577,0,Low,Random Forest
38512,988,242,2025-09-17 18:24:00,0,0.2357,0,Low,Random Forest
38515,1081,370,2025-09-17 18:28:00,1,0.2664,0,Low,Random Forest
38514,900,180,2025-09-17 18:28:00,0,0.3048,1,Medium,Random Forest
38516,2819,124,2025-09-17 18:38:00,0,0.2984,0,Low,Random Forest
38517,659,241,2025-09-17 19:00:00,0,0.1997,0,Low,Random Forest
38518,2364,376,2025-09-17 19:10:00,0,0.2023,0,Low,Random Forest
38519,1351,240,2025-09-17 19:16:00,0,0.2434,0,Low,Random Forest
38520,1398,217,2025-09-17 19:18:00,0,0.3056,1,Medium,Random Forest
38521,1391,114,2025-09-17 19:19:00,1,0.2027,0,Low,Random Forest
38522,2834,370,2025-09-17 19:27:00,0,0.2458,0,Low,Random Forest
38523,2678,241,2025-09-17 19:33:00,0,0.2538,0,Low,Random Forest
38524,2508,355,2025-09-17 19:35:00,0,0.2355,0,Low,Random Forest
38525,1061,370,2025-09-17 19:38:00,0,0.275,0,Low,Random Forest
38526,1651,38,2025-09-17 19:49:00,0,0.2422,0,Low,Random Forest
38527,2161,323,2025-09-17 19:50:00,0,0.2095,0,Low,Random Forest
38528,1974,236,2025-09-17 19:51:00,0,0.1738,0,Low,Random Forest
38529,306,15,2025-09-17 20:12:00,0,0.1568,0,Low,Random Forest
38530,475,370,2025-09-17 20:17:00,0,0.2517,0,Low,Random Forest
38531,1354,424,2025-09-17 20:20:00,1,0.4544,1,Medium,Random Forest
38532,1225,123,2025-09-17 20:43:00,0,0.154,0,Low,Random Forest
38533,163,51,2025-09-17 20:49:00,0,0.1632,0,Low,Random Forest
38534,1101,370,2025-09-17 20:52:00,0,0.223,0,Low,Random Forest
38535,864,337,2025-09-17 21:08:00,1,0.1808,0,Low,Random Forest
38536,1039,275,2025-09-17 21:20:00,0,0.1505,0,Low,Random Forest
38537,1965,370,2025-09-17 21:30:00,0,0.1366,0,Low,Random Forest
38538,624,106,2025-09-17 21:33:00,1,0.1177,0,Low,Random Forest
38539,255,370,2025-09-17 21:37:00,0,0.1215,0,Low,Random Forest
38540,1986,125,2025-09-17 22:29:00,0,0.1595,0,Low,Random Forest
38541,2570,41,2025-09-17 22:40:00,0,0.1348,0,Low,Random Forest
38542,921,370,2025-09-17 22:49:00,0,0.1324,0,Low,Random Forest
38543,2731,363,2025-09-17 22:50:00,0,0.1705,0,Low,Random Forest
38544,1350,363,2025-09-17 22:53:00,0,0.1285,0,Low,Random Forest
38545,1651,99,2025-09-17 23:01:00,0,0.2936,0,Low,Random Forest
38546,1095,359,2025-09-17 23:07:00,0,0.168,0,Low,Random Forest
38547,2435,370,2025-09-17 23:34:00,0,0.1416,0,Low,Random Forest
38548,2644,370,2025-09-17 23:37:00,1,0.1583,0,Low,Random Forest
38549,75,283,2025-09-17 23:50:00,1,0.2131,0,Low,Random Forest
38550,2255,124,2025-09-18 00:19:00,0,0.1956,0,Low,Random Forest
38551,2631,15,2025-09-18 01:03:00,0,0.2229,0,Low,Random Forest
38552,1859,132,2025-09-18 02:24:00,0,0.2329,0,Low,Random Forest
38553,2725,151,2025-09-18 02:41:00,1,0.2268,0,Low,Random Forest
38554,1225,440,2025-09-18 02:58:00,0,0.3425,1,Medium,Random Forest
38555,2106,241,2025-09-18 03:50:00,0,0.1949,0,Low,Random Forest
38556,255,406,2025-09-18 04:17:00,0,0.1509,0,Low,Random Forest
38557,1575,296,2025-09-18 04:19:00,0,0.1857,0,Low,Random Forest
38558,2150,370,2025-09-18 05:49:00,0,0.1186,0,Low,Random Forest
38559,852,241,2025-09-18 05:53:00,0,0.1213,0,Low,Random Forest
38560,255,260,2025-09-18 06:00:00,0,0.1312,0,Low,Random Forest
38561,694,241,2025-09-18 06:10:00,0,0.1952,0,Low,Random Forest
38562,929,337,2025-09-18 06:23:00,1,0.1848,0,Low,Random Forest
38563,1819,61,2025-09-18 06:25:00,0,0.25,0,Low,Random Forest
38564,1681,370,2025-09-18 07:02:00,1,0.118,0,Low,Random Forest
38565,1636,180,2025-09-18 07:17:00,1,0.2974,0,Low,Random Forest
38566,2961,318,2025-09-18 07:30:00,0,0.2662,0,Low,Random Forest
38567,2306,299,2025-09-18 07:31:00,0,0.167,0,Low,Random Forest
38568,823,159,2025-09-18 07:36:00,0,0.1303,0,Low,Random Forest
38569,1877,241,2025-09-18 07:49:00,0,0.1389,0,Low,Random Forest
38570,207,316,2025-09-18 07:50:00,0,0.1164,0,Low,Random Forest
38571,2934,435,2025-09-18 08:00:00,0,0.1827,0,Low,Random Forest
38572,2251,259,2025-09-18 08:03:00,1,0.8218,1,High,Random Forest
38573,1487,88,2025-09-18 08:07:00,0,0.2245,0,Low,Random Forest
38575,2151,231,2025-09-18 08:12:00,0,0.2268,0,Low,Random Forest
38574,33,414,2025-09-18 08:12:00,1,0.7619,1,High,Random Forest
38576,2946,376,2025-09-18 08:18:00,0,0.1617,0,Low,Random Forest
38577,1101,363,2025-09-18 08:19:00,0,0.1629,0,Low,Random Forest
38578,2715,370,2025-09-18 08:21:00,1,0.2267,0,Low,Random Forest
38579,2678,21,2025-09-18 08:25:00,0,0.1634,0,Low,Random Forest
38580,512,370,2025-09-18 08:36:00,1,0.256,0,Low,Random Forest
38581,1101,228,2025-09-18 08:43:00,1,0.2207,0,Low,Random Forest
38582,372,95,2025-09-18 08:43:00,0,0.2343,0,Low,Random Forest
38583,2836,82,2025-09-18 08:45:00,1,0.2647,0,Low,Random Forest
38584,2678,370,2025-09-18 08:46:00,0,0.2188,0,Low,Random Forest
38585,370,241,2025-09-18 08:52:00,0,0.1717,0,Low,Random Forest
38587,1877,162,2025-09-18 08:59:00,0,0.1729,0,Low,Random Forest
38586,2507,241,2025-09-18 08:59:00,0,0.1548,0,Low,Random Forest
38588,2668,4,2025-09-18 09:36:00,1,0.3441,1,Medium,Random Forest
38589,1101,355,2025-09-18 09:42:00,0,0.1911,0,Low,Random Forest
38590,1101,303,2025-09-18 09:44:00,0,0.2894,0,Low,Random Forest
38591,225,316,2025-09-18 09:52:00,0,0.2098,0,Low,Random Forest
38592,2180,428,2025-09-18 09:52:00,0,0.1666,0,Low,Random Forest
38593,1584,106,2025-09-18 10:03:00,0,0.1178,0,Low,Random Forest
38594,2751,229,2025-09-18 10:05:00,0,0.2418,0,Low,Random Forest
38595,1471,370,2025-09-18 10:11:00,1,0.1578,0,Low,Random Forest
38596,1039,324,2025-09-18 10:16:00,0,0.1486,0,Low,Random Forest
38597,2180,252,2025-09-18 10:18:00,0,0.113,0,Low,Random Forest
38598,113,275,2025-09-18 10:31:00,0,0.1161,0,Low,Random Forest
38599,135,418,2025-09-18 10:36:00,0,0.1361,0,Low,Random Forest
38600,648,318,2025-09-18 10:59:00,1,0.3391,1,Medium,Random Forest
38601,1747,425,2025-09-18 11:04:00,0,0.251,0,Low,Random Forest
38602,2420,370,2025-09-18 11:06:00,0,0.1256,0,Low,Random Forest
38603,2031,46,2025-09-18 11:11:00,0,0.303,1,Medium,Random Forest
38604,1455,275,2025-09-18 11:23:00,0,0.1279,0,Low,Random Forest
38605,2025,262,2025-09-18 11:53:00,0,0.1212,0,Low,Random Forest
38606,1941,363,2025-09-18 11:55:00,0,0.1503,0,Low,Random Forest
38607,1101,36,2025-09-18 12:31:00,1,0.121,0,Low,Random Forest
38608,2457,363,2025-09-18 12:35:00,0,0.1233,0,Low,Random Forest
38609,524,376,2025-09-18 12:58:00,0,0.1213,0,Low,Random Forest
38610,1356,370,2025-09-18 13:20:00,0,0.1239,0,Low,Random Forest
38611,2600,262,2025-09-18 13:22:00,0,0.1436,0,Low,Random Forest
38612,491,68,2025-09-18 13:23:00,0,0.1359,0,Low,Random Forest
38613,2691,241,2025-09-18 13:41:00,0,0.1153,0,Low,Random Forest
38614,1486,370,2025-09-18 14:02:00,0,0.136,0,Low,Random Forest
38615,910,370,2025-09-18 14:13:00,0,0.1299,0,Low,Random Forest
38616,1292,370,2025-09-18 14:15:00,0,0.1078,0,Low,Random Forest
38617,160,252,2025-09-18 14:16:00,0,0.1136,0,Low,Random Forest
38618,1089,181,2025-09-18 14:16:00,0,0.1471,0,Low,Random Forest
38619,2895,106,2025-09-18 14:19:00,0,0.142,0,Low,Random Forest
38620,915,370,2025-09-18 14:26:00,0,0.1186,0,Low,Random Forest
38621,266,370,2025-09-18 14:26:00,0,0.1384,0,Low,Random Forest
38622,2019,341,2025-09-18 14:28:00,1,0.1326,0,Low,Random Forest
38623,171,323,2025-09-18 14:32:00,0,0.1457,0,Low,Random Forest
38624,1896,363,2025-09-18 14:56:00,0,0.119,0,Low,Random Forest
38625,525,370,2025-09-18 15:03:00,0,0.1211,0,Low,Random Forest
38627,1101,262,2025-09-18 15:15:00,0,0.1095,0,Low,Random Forest
38626,1455,77,2025-09-18 15:15:00,0,0.1353,0,Low,Random Forest
38628,452,177,2025-09-18 15:32:00,0,0.1481,0,Low,Random Forest
38629,255,106,2025-09-18 15:52:00,1,0.1307,0,Low,Random Forest
38630,2946,241,2025-09-18 16:04:00,1,0.118,0,Low,Random Forest
38632,1258,26,2025-09-18 16:05:00,0,0.1299,0,Low,Random Forest
38631,1875,370,2025-09-18 16:05:00,0,0.1112,0,Low,Random Forest
38634,1127,370,2025-09-18 16:06:00,0,0.1208,0,Low,Random Forest
38633,2693,275,2025-09-18 16:06:00,0,0.1538,0,Low,Random Forest
38635,1914,376,2025-09-18 16:12:00,0,0.1367,0,Low,Random Forest
38636,2824,86,2025-09-18 16:23:00,0,0.1318,0,Low,Random Forest
38637,2088,440,2025-09-18 16:39:00,0,0.2257,0,Low,Random Forest
38638,2307,181,2025-09-18 16:39:00,0,0.1652,0,Low,Random Forest
38639,991,55,2025-09-18 16:43:00,0,0.1948,0,Low,Random Forest
38640,1101,370,2025-09-18 16:45:00,0,0.1132,0,Low,Random Forest
38641,1629,387,2025-09-18 16:49:00,0,0.1363,0,Low,Random Forest
38642,2255,335,2025-09-18 16:59:00,1,0.3145,1,Medium,Random Forest
38643,1101,370,2025-09-18 17:00:00,0,0.1084,0,Low,Random Forest
38645,255,376,2025-09-18 17:19:00,1,0.7897,1,High,Random Forest
38644,1812,77,2025-09-18 17:19:00,0,0.1205,0,Low,Random Forest
38646,1824,406,2025-09-18 17:48:00,0,0.1369,0,Low,Random Forest
38647,267,435,2025-09-18 17:52:00,0,0.12,0,Low,Random Forest
38648,255,351,2025-09-18 17:55:00,0,0.131,0,Low,Random Forest
38649,1812,433,2025-09-18 18:16:00,0,0.1851,0,Low,Random Forest
38650,291,159,2025-09-18 18:18:00,0,0.193,0,Low,Random Forest
38651,255,433,2025-09-18 18:19:00,0,0.2191,0,Low,Random Forest
38652,2255,376,2025-09-18 18:24:00,0,0.2099,0,Low,Random Forest
38653,1101,376,2025-09-18 18:27:00,0,0.2161,0,Low,Random Forest
38654,1905,241,2025-09-18 18:31:00,0,0.1871,0,Low,Random Forest
38655,2403,252,2025-09-18 18:35:00,0,0.2269,0,Low,Random Forest
38656,1781,50,2025-09-18 18:38:00,0,0.2138,0,Low,Random Forest
38657,1930,339,2025-09-18 18:39:00,0,0.3012,1,Medium,Random Forest
38658,1101,362,2025-09-18 19:02:00,0,0.2411,0,Low,Random Forest
38659,433,421,2025-09-18 19:08:00,0,0.2465,0,Low,Random Forest
38660,2787,433,2025-09-18 19:09:00,0,0.2378,0,Low,Random Forest
38661,421,159,2025-09-18 19:18:00,0,0.2871,0,Low,Random Forest
38662,1944,376,2025-09-18 19:31:00,0,0.195,0,Low,Random Forest
38663,1225,262,2025-09-18 19:33:00,0,0.1642,0,Low,Random Forest
38664,581,370,2025-09-18 19:44:00,0,0.1468,0,Low,Random Forest
38665,1101,241,2025-09-18 19:49:00,0,0.1697,0,Low,Random Forest
38666,2092,294,2025-09-18 19:51:00,0,0.4529,1,Medium,Random Forest
38667,2691,231,2025-09-18 20:08:00,0,0.2437,0,Low,Random Forest
38668,113,16,2025-09-18 20:16:00,1,0.2166,0,Low,Random Forest
38669,2048,62,2025-09-18 20:16:00,0,0.2419,0,Low,Random Forest
38670,1150,241,2025-09-18 20:33:00,0,0.1498,0,Low,Random Forest
38671,1812,376,2025-09-18 20:40:00,1,0.2341,0,Low,Random Forest
38672,2534,318,2025-09-18 20:47:00,0,0.4306,1,Medium,Random Forest
38673,254,337,2025-09-18 21:07:00,0,0.1596,0,Low,Random Forest
38676,1433,181,2025-09-18 21:13:00,0,0.1384,0,Low,Random Forest
38675,1101,315,2025-09-18 21:13:00,0,0.1286,0,Low,Random Forest
38674,651,320,2025-09-18 21:13:00,0,0.135,0,Low,Random Forest
38677,1422,124,2025-09-18 21:23:00,0,0.1311,0,Low,Random Forest
38678,2568,370,2025-09-18 21:24:00,0,0.1124,0,Low,Random Forest
38679,2836,292,2025-09-18 21:31:00,0,0.1592,0,Low,Random Forest
38680,2970,379,2025-09-18 21:55:00,0,0.1577,0,Low,Random Forest
38681,105,370,2025-09-18 22:14:00,0,0.1125,0,Low,Random Forest
38682,642,351,2025-09-18 22:25:00,0,0.1451,0,Low,Random Forest
38684,2699,158,2025-09-18 22:30:00,0,0.1683,0,Low,Random Forest
38683,254,412,2025-09-18 22:30:00,0,0.2358,0,Low,Random Forest
38685,349,45,2025-09-18 23:03:00,0,0.19,0,Low,Random Forest
38686,88,252,2025-09-18 23:13:00,0,0.1764,0,Low,Random Forest
38687,988,102,2025-09-18 23:51:00,1,0.1626,0,Low,Random Forest
38688,334,359,2025-09-18 23:55:00,0,0.164,0,Low,Random Forest
38689,1292,252,2025-09-19 00:05:00,0,0.1486,0,Low,Random Forest
38690,588,252,2025-09-19 00:54:00,0,0.174,0,Low,Random Forest
38691,500,241,2025-09-19 01:07:00,0,0.2047,0,Low,Random Forest
38692,251,370,2025-09-19 01:56:00,0,0.1887,0,Low,Random Forest
38693,1427,241,2025-09-19 02:51:00,0,0.1778,0,Low,Random Forest
38694,1945,236,2025-09-19 03:48:00,1,0.1974,0,Low,Random Forest
38695,1303,88,2025-09-19 03:54:00,0,0.1955,0,Low,Random Forest
38696,648,370,2025-09-19 03:57:00,0,0.2588,0,Low,Random Forest
38697,1101,335,2025-09-19 04:24:00,1,0.3299,1,Medium,Random Forest
38698,255,252,2025-09-19 04:52:00,1,0.1451,0,Low,Random Forest
38699,1195,264,2025-09-19 05:45:00,0,0.1367,0,Low,Random Forest
38700,1888,433,2025-09-19 06:08:00,0,0.1467,0,Low,Random Forest
38702,1101,294,2025-09-19 06:20:00,1,0.2778,0,Low,Random Forest
38701,219,429,2025-09-19 06:20:00,1,0.1282,0,Low,Random Forest
38703,1087,133,2025-09-19 06:25:00,0,0.3456,1,Medium,Random Forest
38704,2166,406,2025-09-19 06:49:00,1,0.1669,0,Low,Random Forest
38705,835,275,2025-09-19 06:52:00,0,0.1357,0,Low,Random Forest
38706,113,110,2025-09-19 06:55:00,0,0.146,0,Low,Random Forest
38707,2317,370,2025-09-19 06:56:00,0,0.1397,0,Low,Random Forest
38708,1101,370,2025-09-19 07:00:00,0,0.1183,0,Low,Random Forest
38709,2461,433,2025-09-19 07:20:00,0,0.1299,0,Low,Random Forest
38710,1861,376,2025-09-19 07:21:00,1,0.1271,0,Low,Random Forest
38711,1996,132,2025-09-19 07:29:00,0,0.1344,0,Low,Random Forest
38712,2962,318,2025-09-19 07:41:00,0,0.3029,1,Medium,Random Forest
38713,2573,376,2025-09-19 07:44:00,0,0.1166,0,Low,Random Forest
38714,1229,349,2025-09-19 07:48:00,0,0.1277,0,Low,Random Forest
38715,1812,370,2025-09-19 07:49:00,0,0.1229,0,Low,Random Forest
38716,563,318,2025-09-19 07:57:00,0,0.2881,0,Low,Random Forest
38717,1493,90,2025-09-19 07:57:00,0,0.2778,0,Low,Random Forest
38718,1773,323,2025-09-19 08:08:00,0,0.2567,0,Low,Random Forest
38719,255,45,2025-09-19 08:10:00,0,0.2586,0,Low,Random Forest
38720,1182,158,2025-09-19 08:19:00,0,0.2198,0,Low,Random Forest
38721,2222,318,2025-09-19 08:23:00,0,0.3618,1,Medium,Random Forest
38722,1101,285,2025-09-19 08:29:00,0,0.4469,1,Medium,Random Forest
38723,1880,275,2025-09-19 08:30:00,0,0.172,0,Low,Random Forest
38724,1101,262,2025-09-19 08:34:00,1,0.7628,1,High,Random Forest
38725,212,433,2025-09-19 08:36:00,0,0.1891,0,Low,Random Forest
38726,2015,370,2025-09-19 08:38:00,0,0.1491,0,Low,Random Forest
38727,278,181,2025-09-19 08:49:00,0,0.2152,0,Low,Random Forest
38728,190,46,2025-09-19 08:57:00,1,0.3905,1,Medium,Random Forest
38729,2298,296,2025-09-19 08:57:00,0,0.2347,0,Low,Random Forest
38730,1698,318,2025-09-19 08:59:00,1,0.7531,1,High,Random Forest
38731,965,281,2025-09-19 09:12:00,0,0.1912,0,Low,Random Forest
38732,1636,336,2025-09-19 09:21:00,0,0.2419,0,Low,Random Forest
38733,749,241,2025-09-19 09:31:00,0,0.2414,0,Low,Random Forest
38734,266,375,2025-09-19 09:33:00,0,0.2654,0,Low,Random Forest
38735,2256,400,2025-09-19 09:40:00,1,0.8202,1,High,Random Forest
38736,1954,50,2025-09-19 09:47:00,0,0.2257,0,Low,Random Forest
38737,347,106,2025-09-19 09:50:00,0,0.2514,0,Low,Random Forest
38738,1373,296,2025-09-19 09:51:00,0,0.2129,0,Low,Random Forest
38740,651,81,2025-09-19 10:07:00,0,0.2861,0,Low,Random Forest
38739,2834,70,2025-09-19 10:07:00,0,0.2152,0,Low,Random Forest
38741,113,402,2025-09-19 10:08:00,0,0.1245,0,Low,Random Forest
38742,2672,365,2025-09-19 10:29:00,0,0.2287,0,Low,Random Forest
38743,2611,363,2025-09-19 10:32:00,0,0.1397,0,Low,Random Forest
38744,2886,442,2025-09-19 10:36:00,0,0.1393,0,Low,Random Forest
38745,1584,335,2025-09-19 10:42:00,0,0.2837,0,Low,Random Forest
38747,171,252,2025-09-19 11:05:00,0,0.1177,0,Low,Random Forest
38746,1195,316,2025-09-19 11:05:00,0,0.109,0,Low,Random Forest
38748,2661,169,2025-09-19 11:10:00,0,0.1326,0,Low,Random Forest
38749,856,252,2025-09-19 11:11:00,0,0.1112,0,Low,Random Forest
38750,567,335,2025-09-19 11:30:00,0,0.2865,0,Low,Random Forest
38751,821,433,2025-09-19 11:32:00,1,0.1546,0,Low,Random Forest
38752,441,406,2025-09-19 11:39:00,0,0.1838,0,Low,Random Forest
38753,2842,363,2025-09-19 12:06:00,0,0.1205,0,Low,Random Forest
38755,2774,392,2025-09-19 12:15:00,0,0.1213,0,Low,Random Forest
38754,2089,169,2025-09-19 12:15:00,1,0.1289,0,Low,Random Forest
38756,813,241,2025-09-19 12:20:00,0,0.1141,0,Low,Random Forest
38757,1866,86,2025-09-19 12:26:00,0,0.1249,0,Low,Random Forest
38758,163,218,2025-09-19 12:30:00,0,0.1183,0,Low,Random Forest
38759,1762,241,2025-09-19 12:37:00,0,0.1186,0,Low,Random Forest
38761,1742,363,2025-09-19 12:50:00,0,0.1243,0,Low,Random Forest
38760,1334,370,2025-09-19 12:50:00,0,0.1428,0,Low,Random Forest
38762,687,414,2025-09-19 12:59:00,0,0.1329,0,Low,Random Forest
38763,1454,370,2025-09-19 13:04:00,0,0.1264,0,Low,Random Forest
38765,815,316,2025-09-19 13:16:00,0,0.1429,0,Low,Random Forest
38764,255,262,2025-09-19 13:16:00,1,0.1293,0,Low,Random Forest
38766,464,370,2025-09-19 13:31:00,0,0.1105,0,Low,Random Forest
38767,2691,370,2025-09-19 13:41:00,1,0.1052,0,Low,Random Forest
38768,1101,316,2025-09-19 13:54:00,0,0.1048,0,Low,Random Forest
38769,2070,88,2025-09-19 14:00:00,1,0.1348,0,Low,Random Forest
38770,1087,181,2025-09-19 14:01:00,0,0.1452,0,Low,Random Forest
38771,2626,433,2025-09-19 14:01:00,1,0.1723,0,Low,Random Forest
38772,2255,124,2025-09-19 14:05:00,0,0.1208,0,Low,Random Forest
38773,163,370,2025-09-19 14:16:00,0,0.1753,0,Low,Random Forest
38774,1101,124,2025-09-19 14:27:00,0,0.146,0,Low,Random Forest
38775,1538,435,2025-09-19 14:31:00,0,0.1419,0,Low,Random Forest
38776,2040,435,2025-09-19 14:53:00,0,0.1263,0,Low,Random Forest
38777,1742,320,2025-09-19 15:05:00,1,0.1339,0,Low,Random Forest
38778,1644,77,2025-09-19 15:19:00,0,0.1207,0,Low,Random Forest
38779,2092,260,2025-09-19 15:46:00,0,0.1287,0,Low,Random Forest
38780,1986,337,2025-09-19 15:59:00,1,0.1965,0,Low,Random Forest
38781,1577,121,2025-09-19 16:00:00,0,0.2028,0,Low,Random Forest
38782,140,241,2025-09-19 16:02:00,0,0.1407,0,Low,Random Forest
38783,312,412,2025-09-19 16:09:00,0,0.2178,0,Low,Random Forest
38784,2889,324,2025-09-19 16:27:00,1,0.1411,0,Low,Random Forest
38785,2170,173,2025-09-19 16:32:00,1,0.2687,0,Low,Random Forest
38786,113,375,2025-09-19 16:40:00,0,0.1499,0,Low,Random Forest
38787,1089,370,2025-09-19 16:53:00,0,0.1199,0,Low,Random Forest
38788,1356,220,2025-09-19 16:57:00,1,0.2402,0,Low,Random Forest
38789,91,87,2025-09-19 16:59:00,0,0.1391,0,Low,Random Forest
38790,1866,51,2025-09-19 16:59:00,0,0.1448,0,Low,Random Forest
38791,113,241,2025-09-19 17:05:00,0,0.208,0,Low,Random Forest
38792,160,370,2025-09-19 17:20:00,0,0.113,0,Low,Random Forest
38793,123,132,2025-09-19 17:30:00,0,0.1245,0,Low,Random Forest
38794,2360,335,2025-09-19 17:32:00,1,0.2954,0,Low,Random Forest
38795,2691,262,2025-09-19 17:45:00,0,0.1132,0,Low,Random Forest
38796,1680,376,2025-09-19 17:50:00,0,0.1175,0,Low,Random Forest
38797,2395,370,2025-09-19 18:02:00,1,0.7864,1,High,Random Forest
38798,1101,86,2025-09-19 18:10:00,0,0.152,0,Low,Random Forest
38799,163,316,2025-09-19 18:13:00,0,0.2041,0,Low,Random Forest
38800,2194,74,2025-09-19 18:15:00,0,0.2095,0,Low,Random Forest
38801,818,241,2025-09-19 18:19:00,1,0.2063,0,Low,Random Forest
38802,2551,142,2025-09-19 18:31:00,0,0.2689,0,Low,Random Forest
38803,1636,241,2025-09-19 18:56:00,1,0.2816,0,Low,Random Forest
38804,1507,235,2025-09-19 18:59:00,0,0.1973,0,Low,Random Forest
38805,1303,363,2025-09-19 19:09:00,0,0.2086,0,Low,Random Forest
38806,1510,275,2025-09-19 19:19:00,0,0.2553,0,Low,Random Forest
38807,1812,307,2025-09-19 19:26:00,0,0.291,0,Low,Random Forest
38808,1455,262,2025-09-19 19:43:00,0,0.1515,0,Low,Random Forest
38809,2469,116,2025-09-19 19:53:00,0,0.2201,0,Low,Random Forest
38810,1406,262,2025-09-19 20:11:00,1,0.2063,0,Low,Random Forest
38811,1909,337,2025-09-19 20:15:00,0,0.2293,0,Low,Random Forest
38812,359,252,2025-09-19 20:20:00,1,0.2131,0,Low,Random Forest
38813,1644,77,2025-09-19 20:31:00,0,0.1596,0,Low,Random Forest
38814,360,359,2025-09-19 20:34:00,0,0.1787,0,Low,Random Forest
38816,2270,370,2025-09-19 20:41:00,0,0.1784,0,Low,Random Forest
38815,1433,376,2025-09-19 20:41:00,1,0.2634,0,Low,Random Forest
38817,419,241,2025-09-19 20:52:00,0,0.2469,0,Low,Random Forest
38818,502,370,2025-09-19 20:53:00,0,0.1599,0,Low,Random Forest
38819,1258,252,2025-09-19 21:16:00,0,0.1409,0,Low,Random Forest
38820,604,260,2025-09-19 21:25:00,0,0.1442,0,Low,Random Forest
38821,2934,99,2025-09-19 21:58:00,0,0.2986,0,Low,Random Forest
38822,1658,252,2025-09-19 22:17:00,0,0.1315,0,Low,Random Forest
38823,1664,135,2025-09-19 22:23:00,0,0.1536,0,Low,Random Forest
38824,1680,262,2025-09-19 22:33:00,0,0.1581,0,Low,Random Forest
38825,1939,351,2025-09-19 23:05:00,1,0.1608,0,Low,Random Forest
38826,1525,344,2025-09-19 23:27:00,0,0.1722,0,Low,Random Forest
38827,897,88,2025-09-20 01:25:00,1,0.1962,0,Low,Random Forest
38828,1594,370,2025-09-20 01:34:00,1,0.2794,0,Low,Random Forest
38829,1373,241,2025-09-20 02:03:00,0,0.2063,0,Low,Random Forest
38830,2400,131,2025-09-20 02:34:00,0,0.2379,0,Low,Random Forest
38831,2464,252,2025-09-20 03:41:00,1,0.2116,0,Low,Random Forest
38832,255,393,2025-09-20 04:49:00,0,0.1968,0,Low,Random Forest
38833,1101,241,2025-09-20 05:16:00,0,0.2455,0,Low,Random Forest
38834,1471,217,2025-09-20 05:27:00,0,0.1919,0,Low,Random Forest
38835,1101,351,2025-09-20 05:36:00,0,0.1246,0,Low,Random Forest
38836,778,102,2025-09-20 05:39:00,0,0.1456,0,Low,Random Forest
38837,255,241,2025-09-20 05:48:00,0,0.125,0,Low,Random Forest
38838,1932,387,2025-09-20 06:00:00,1,0.7815,1,High,Random Forest
38839,1812,77,2025-09-20 06:21:00,0,0.227,0,Low,Random Forest
38840,255,296,2025-09-20 06:52:00,0,0.1251,0,Low,Random Forest
38841,164,281,2025-09-20 07:07:00,0,0.169,0,Low,Random Forest
38842,2172,77,2025-09-20 07:10:00,0,0.1558,0,Low,Random Forest
38843,648,177,2025-09-20 07:15:00,0,0.1321,0,Low,Random Forest
38844,1246,363,2025-09-20 07:16:00,0,0.1354,0,Low,Random Forest
38845,1152,440,2025-09-20 07:19:00,0,0.3188,1,Medium,Random Forest
38846,2079,310,2025-09-20 07:24:00,0,0.1907,0,Low,Random Forest
38847,855,55,2025-09-20 07:26:00,0,0.1514,0,Low,Random Forest
38848,1101,236,2025-09-20 07:53:00,0,0.1185,0,Low,Random Forest
38849,1428,376,2025-09-20 07:56:00,0,0.2378,0,Low,Random Forest
38850,1463,370,2025-09-20 08:00:00,1,0.7879,1,High,Random Forest
38852,255,37,2025-09-20 08:07:00,1,0.2616,0,Low,Random Forest
38851,1101,148,2025-09-20 08:07:00,0,0.2453,0,Low,Random Forest
38853,2092,363,2025-09-20 08:09:00,1,0.2445,0,Low,Random Forest
38854,2901,296,2025-09-20 08:11:00,0,0.261,0,Low,Random Forest
38855,2107,370,2025-09-20 08:14:00,0,0.1907,0,Low,Random Forest
38856,1101,371,2025-09-20 08:17:00,1,0.2528,0,Low,Random Forest
38857,2298,363,2025-09-20 08:21:00,0,0.2577,0,Low,Random Forest
38858,429,376,2025-09-20 08:24:00,1,0.2554,0,Low,Random Forest
38859,2499,370,2025-09-20 08:29:00,0,0.2931,0,Low,Random Forest
38860,2691,45,2025-09-20 08:29:00,1,0.3057,1,Medium,Random Forest
38861,1803,260,2025-09-20 08:30:00,0,0.2973,0,Low,Random Forest
38862,703,181,2025-09-20 08:31:00,0,0.2654,0,Low,Random Forest
38863,2005,252,2025-09-20 08:36:00,0,0.2289,0,Low,Random Forest
38864,2700,180,2025-09-20 08:47:00,1,0.3664,1,Medium,Random Forest
38865,1877,74,2025-09-20 08:50:00,0,0.2178,0,Low,Random Forest
38866,1326,85,2025-09-20 08:52:00,0,0.2507,0,Low,Random Forest
38867,1636,106,2025-09-20 08:55:00,0,0.219,0,Low,Random Forest
38868,2380,433,2025-09-20 08:56:00,0,0.244,0,Low,Random Forest
38869,312,280,2025-09-20 09:03:00,0,0.2265,0,Low,Random Forest
38870,2255,376,2025-09-20 09:04:00,0,0.2376,0,Low,Random Forest
38871,659,252,2025-09-20 09:13:00,0,0.2308,0,Low,Random Forest
38872,1650,181,2025-09-20 09:16:00,1,0.2236,0,Low,Random Forest
38873,1875,88,2025-09-20 09:21:00,0,0.2805,0,Low,Random Forest
38874,2521,370,2025-09-20 09:29:00,0,0.2857,0,Low,Random Forest
38875,51,269,2025-09-20 09:30:00,0,0.3088,1,Medium,Random Forest
38876,1989,370,2025-09-20 09:31:00,0,0.3137,1,Medium,Random Forest
38877,1864,370,2025-09-20 09:33:00,1,0.3185,1,Medium,Random Forest
38878,2754,241,2025-09-20 09:37:00,0,0.2178,0,Low,Random Forest
38879,2924,296,2025-09-20 09:46:00,0,0.1954,0,Low,Random Forest
38880,1095,55,2025-09-20 09:55:00,1,0.8007,1,High,Random Forest
38881,163,370,2025-09-20 09:58:00,0,0.1861,0,Low,Random Forest
38882,2019,421,2025-09-20 10:02:00,1,0.1758,0,Low,Random Forest
38883,2701,404,2025-09-20 10:23:00,0,0.1622,0,Low,Random Forest
38884,1406,275,2025-09-20 10:31:00,0,0.1406,0,Low,Random Forest
38885,2698,120,2025-09-20 10:39:00,0,0.2354,0,Low,Random Forest
38886,740,335,2025-09-20 10:42:00,0,0.3675,1,Medium,Random Forest
38887,2123,213,2025-09-20 10:47:00,0,0.1901,0,Low,Random Forest
38889,1101,370,2025-09-20 10:49:00,0,0.1287,0,Low,Random Forest
38888,791,362,2025-09-20 10:49:00,0,0.1807,0,Low,Random Forest
38890,576,289,2025-09-20 11:38:00,0,0.1554,0,Low,Random Forest
38891,123,371,2025-09-20 11:43:00,0,0.1335,0,Low,Random Forest
38892,255,231,2025-09-20 12:16:00,0,0.2135,0,Low,Random Forest
38893,186,262,2025-09-20 12:18:00,0,0.1244,0,Low,Random Forest
38894,1875,217,2025-09-20 12:19:00,0,0.1934,0,Low,Random Forest
38895,2589,306,2025-09-20 12:24:00,0,0.1308,0,Low,Random Forest
38896,247,252,2025-09-20 12:26:00,0,0.1561,0,Low,Random Forest
38897,1101,442,2025-09-20 12:36:00,0,0.1345,0,Low,Random Forest
38898,1637,275,2025-09-20 12:59:00,0,0.146,0,Low,Random Forest
38899,2691,370,2025-09-20 13:08:00,1,0.123,0,Low,Random Forest
38900,1732,363,2025-09-20 13:17:00,1,0.1943,0,Low,Random Forest
38901,1125,437,2025-09-20 13:29:00,0,0.1537,0,Low,Random Forest
38902,1126,225,2025-09-20 13:42:00,0,0.1423,0,Low,Random Forest
38903,1416,370,2025-09-20 13:52:00,0,0.1313,0,Low,Random Forest
38904,2150,376,2025-09-20 13:59:00,0,0.1573,0,Low,Random Forest
38905,219,370,2025-09-20 14:01:00,1,0.1243,0,Low,Random Forest
38906,1101,336,2025-09-20 14:03:00,0,0.132,0,Low,Random Forest
38907,2170,406,2025-09-20 14:12:00,0,0.126,0,Low,Random Forest
38908,1866,38,2025-09-20 14:14:00,0,0.1323,0,Low,Random Forest
38909,1671,241,2025-09-20 14:18:00,0,0.1426,0,Low,Random Forest
38910,315,241,2025-09-20 14:36:00,0,0.141,0,Low,Random Forest
38911,1384,370,2025-09-20 14:40:00,0,0.1556,0,Low,Random Forest
38912,588,199,2025-09-20 14:52:00,0,0.2558,0,Low,Random Forest
38913,1101,426,2025-09-20 15:34:00,0,0.1436,0,Low,Random Forest
38914,2348,370,2025-09-20 15:40:00,0,0.1295,0,Low,Random Forest
38915,1730,252,2025-09-20 15:51:00,0,0.1306,0,Low,Random Forest
38916,2435,252,2025-09-20 15:55:00,1,0.1494,0,Low,Random Forest
38917,1150,241,2025-09-20 16:01:00,0,0.121,0,Low,Random Forest
38918,2507,181,2025-09-20 16:02:00,0,0.1868,0,Low,Random Forest
38919,171,376,2025-09-20 16:09:00,1,0.139,0,Low,Random Forest
38920,2134,181,2025-09-20 16:15:00,0,0.1583,0,Low,Random Forest
38921,244,68,2025-09-20 16:16:00,0,0.1971,0,Low,Random Forest
38922,1373,436,2025-09-20 16:28:00,0,0.2187,0,Low,Random Forest
38923,2092,376,2025-09-20 16:34:00,1,0.7559,1,High,Random Forest
38924,27,225,2025-09-20 16:37:00,0,0.132,0,Low,Random Forest
38925,1389,241,2025-09-20 16:39:00,1,0.1441,0,Low,Random Forest
38926,2882,177,2025-09-20 16:42:00,0,0.1542,0,Low,Random Forest
38927,434,260,2025-09-20 16:42:00,0,0.1218,0,Low,Random Forest
38928,864,45,2025-09-20 16:50:00,0,0.1614,0,Low,Random Forest
38929,171,260,2025-09-20 16:53:00,0,0.1287,0,Low,Random Forest
38930,2563,370,2025-09-20 17:01:00,1,0.1523,0,Low,Random Forest
38931,113,370,2025-09-20 17:02:00,0,0.1466,0,Low,Random Forest
38932,1101,305,2025-09-20 17:07:00,0,0.1516,0,Low,Random Forest
38933,363,297,2025-09-20 17:11:00,1,0.2455,0,Low,Random Forest
38934,255,121,2025-09-20 17:14:00,0,0.2251,0,Low,Random Forest
38935,163,77,2025-09-20 17:24:00,1,0.1442,0,Low,Random Forest
38936,2161,363,2025-09-20 17:35:00,0,0.1576,0,Low,Random Forest
38937,171,376,2025-09-20 17:44:00,0,0.1907,0,Low,Random Forest
38938,2331,72,2025-09-20 17:44:00,0,0.2127,0,Low,Random Forest
38939,334,146,2025-09-20 17:45:00,0,0.1618,0,Low,Random Forest
38940,823,241,2025-09-20 17:45:00,0,0.1228,0,Low,Random Forest
38941,255,4,2025-09-20 17:49:00,1,0.3568,1,Medium,Random Forest
38942,1101,376,2025-09-20 17:51:00,0,0.1291,0,Low,Random Forest
38943,2414,433,2025-09-20 17:58:00,0,0.1471,0,Low,Random Forest
38944,2791,355,2025-09-20 18:04:00,0,0.3163,1,Medium,Random Forest
38945,113,370,2025-09-20 18:06:00,0,0.3302,1,Medium,Random Forest
38946,1812,68,2025-09-20 18:09:00,1,0.2945,0,Low,Random Forest
38947,1583,11,2025-09-20 18:16:00,0,0.2524,0,Low,Random Forest
38948,113,412,2025-09-20 18:21:00,1,0.3772,1,Medium,Random Forest
38949,2213,124,2025-09-20 18:23:00,0,0.2366,0,Low,Random Forest
38950,23,449,2025-09-20 18:24:00,0,0.3654,1,Medium,Random Forest
38951,2283,236,2025-09-20 18:29:00,0,0.1976,0,Low,Random Forest
38952,1556,376,2025-09-20 18:30:00,0,0.2627,0,Low,Random Forest
38953,1417,421,2025-09-20 18:31:00,0,0.2558,0,Low,Random Forest
38954,2651,241,2025-09-20 18:35:00,0,0.2598,0,Low,Random Forest
38956,2213,318,2025-09-20 18:43:00,1,0.4114,1,Medium,Random Forest
38955,293,370,2025-09-20 18:43:00,0,0.2345,0,Low,Random Forest
38957,2691,147,2025-09-20 18:44:00,0,0.2449,0,Low,Random Forest
38958,113,281,2025-09-20 19:02:00,0,0.2885,0,Low,Random Forest
38959,483,236,2025-09-20 19:05:00,0,0.331,1,Medium,Random Forest
38960,255,323,2025-09-20 19:13:00,0,0.32,1,Medium,Random Forest
38961,1681,45,2025-09-20 19:33:00,0,0.2403,0,Low,Random Forest
38962,603,241,2025-09-20 19:35:00,1,0.2898,0,Low,Random Forest
38963,1356,370,2025-09-20 19:39:00,0,0.1745,0,Low,Random Forest
38964,1101,387,2025-09-20 19:45:00,0,0.1715,0,Low,Random Forest
38965,113,181,2025-09-20 19:52:00,0,0.2185,0,Low,Random Forest
38966,1249,336,2025-09-20 19:53:00,0,0.3295,1,Medium,Random Forest
38967,699,241,2025-09-20 19:56:00,0,0.2849,0,Low,Random Forest
38969,113,241,2025-09-20 20:11:00,0,0.2675,0,Low,Random Forest
38968,1819,406,2025-09-20 20:11:00,0,0.2597,0,Low,Random Forest
38970,1101,370,2025-09-20 20:22:00,0,0.2985,0,Low,Random Forest
38971,2826,64,2025-09-20 20:26:00,1,0.232,0,Low,Random Forest
38972,1757,441,2025-09-20 20:38:00,0,0.2562,0,Low,Random Forest
38973,460,184,2025-09-20 20:46:00,0,0.2947,0,Low,Random Forest
38974,255,238,2025-09-20 21:05:00,0,0.1437,0,Low,Random Forest
38975,1812,226,2025-09-20 21:10:00,0,0.1472,0,Low,Random Forest
38976,1875,426,2025-09-20 21:42:00,0,0.227,0,Low,Random Forest
38977,350,376,2025-09-20 22:20:00,0,0.1301,0,Low,Random Forest
38978,1193,370,2025-09-20 22:31:00,0,0.1466,0,Low,Random Forest
38979,1554,164,2025-09-20 23:27:00,0,0.1968,0,Low,Random Forest
38980,63,159,2025-09-20 23:31:00,0,0.2251,0,Low,Random Forest
38981,2309,77,2025-09-20 23:39:00,0,0.1963,0,Low,Random Forest
38982,2708,88,2025-09-21 00:29:00,0,0.2832,0,Low,Random Forest
38983,2187,275,2025-09-21 00:33:00,0,0.2513,0,Low,Random Forest
38984,2795,32,2025-09-21 01:19:00,1,0.3296,1,Medium,Random Forest
38985,2781,328,2025-09-21 02:01:00,0,0.2331,0,Low,Random Forest
38986,2379,241,2025-09-21 02:16:00,1,0.262,0,Low,Random Forest
38987,2225,124,2025-09-21 03:09:00,0,0.2327,0,Low,Random Forest
38988,854,337,2025-09-21 04:52:00,0,0.2785,0,Low,Random Forest
38989,2397,259,2025-09-21 05:12:00,0,0.145,0,Low,Random Forest
38990,2251,106,2025-09-21 05:54:00,0,0.1515,0,Low,Random Forest
38991,1258,68,2025-09-21 06:22:00,1,0.1429,0,Low,Random Forest
38992,1900,370,2025-09-21 06:29:00,0,0.1635,0,Low,Random Forest
38993,255,180,2025-09-21 06:37:00,0,0.3528,1,Medium,Random Forest
38994,1210,45,2025-09-21 06:39:00,0,0.1807,0,Low,Random Forest
38995,880,370,2025-09-21 06:45:00,0,0.1588,0,Low,Random Forest
38996,1632,363,2025-09-21 07:12:00,0,0.1613,0,Low,Random Forest
38997,2499,271,2025-09-21 07:13:00,0,0.1378,0,Low,Random Forest
38998,2568,262,2025-09-21 07:14:00,0,0.192,0,Low,Random Forest
38999,2791,74,2025-09-21 07:21:00,1,0.18,0,Low,Random Forest
39000,2317,252,2025-09-21 07:37:00,0,0.1257,0,Low,Random Forest
39001,225,252,2025-09-21 07:42:00,0,0.1415,0,Low,Random Forest
39002,1525,370,2025-09-21 07:44:00,0,0.1306,0,Low,Random Forest
39003,1089,106,2025-09-21 07:46:00,0,0.1314,0,Low,Random Forest
39004,1105,406,2025-09-21 07:49:00,1,0.1665,0,Low,Random Forest
39005,2640,260,2025-09-21 07:51:00,0,0.1512,0,Low,Random Forest
39006,2346,406,2025-09-21 07:59:00,0,0.1407,0,Low,Random Forest
39007,652,241,2025-09-21 07:59:00,0,0.2178,0,Low,Random Forest
39008,312,275,2025-09-21 08:07:00,0,0.2695,0,Low,Random Forest
39009,219,181,2025-09-21 08:10:00,0,0.229,0,Low,Random Forest
39011,564,336,2025-09-21 08:12:00,0,0.2105,0,Low,Random Forest
39010,908,352,2025-09-21 08:12:00,1,0.2813,0,Low,Random Forest
39012,915,346,2025-09-21 08:18:00,1,0.2798,0,Low,Random Forest
39013,1500,370,2025-09-21 08:23:00,0,0.2484,0,Low,Random Forest
39014,2480,362,2025-09-21 08:24:00,1,0.2654,0,Low,Random Forest
39015,1500,241,2025-09-21 08:32:00,1,0.3084,1,Medium,Random Forest
39016,597,106,2025-09-21 08:33:00,1,0.2813,0,Low,Random Forest
39017,113,323,2025-09-21 08:35:00,0,0.2788,0,Low,Random Forest
39018,1935,241,2025-09-21 08:39:00,1,0.3166,1,Medium,Random Forest
39019,1709,433,2025-09-21 08:41:00,0,0.2122,0,Low,Random Forest
39020,1536,323,2025-09-21 08:44:00,0,0.2794,0,Low,Random Forest
39021,160,390,2025-09-21 08:47:00,1,0.3009,1,Medium,Random Forest
39022,2968,241,2025-09-21 09:04:00,0,0.2869,0,Low,Random Forest
39023,1612,412,2025-09-21 09:12:00,1,0.3651,1,Medium,Random Forest
39024,2708,181,2025-09-21 09:20:00,0,0.2962,0,Low,Random Forest
39025,1738,370,2025-09-21 09:24:00,0,0.2851,0,Low,Random Forest
39026,113,212,2025-09-21 09:31:00,1,0.2931,0,Low,Random Forest
39027,1150,181,2025-09-21 09:36:00,0,0.2337,0,Low,Random Forest
39028,2651,203,2025-09-21 09:37:00,0,0.2114,0,Low,Random Forest
39029,175,363,2025-09-21 09:38:00,0,0.2653,0,Low,Random Forest
39030,864,370,2025-09-21 09:47:00,0,0.2586,0,Low,Random Forest
39031,1737,344,2025-09-21 10:11:00,0,0.1595,0,Low,Random Forest
39032,1286,241,2025-09-21 10:13:00,0,0.1432,0,Low,Random Forest
39033,1557,387,2025-09-21 10:37:00,0,0.2484,0,Low,Random Forest
39034,2642,65,2025-09-21 10:46:00,0,0.1527,0,Low,Random Forest
39035,195,243,2025-09-21 11:33:00,1,0.1372,0,Low,Random Forest
39036,1003,77,2025-09-21 11:47:00,0,0.1324,0,Low,Random Forest
39038,855,252,2025-09-21 12:08:00,0,0.1282,0,Low,Random Forest
39037,1356,363,2025-09-21 12:08:00,0,0.146,0,Low,Random Forest
39039,1101,376,2025-09-21 12:18:00,0,0.1113,0,Low,Random Forest
39040,1896,446,2025-09-21 12:25:00,0,0.1985,0,Low,Random Forest
39042,2911,370,2025-09-21 12:25:00,0,0.137,0,Low,Random Forest
39041,1455,51,2025-09-21 12:25:00,0,0.1438,0,Low,Random Forest
39043,1039,181,2025-09-21 12:44:00,0,0.1802,0,Low,Random Forest
39044,2062,436,2025-09-21 12:45:00,0,0.1668,0,Low,Random Forest
39045,1101,180,2025-09-21 12:55:00,0,0.2876,0,Low,Random Forest
39046,1225,275,2025-09-21 12:57:00,0,0.1626,0,Low,Random Forest
39047,2699,236,2025-09-21 12:59:00,1,0.1433,0,Low,Random Forest
39048,163,275,2025-09-21 13:08:00,0,0.1474,0,Low,Random Forest
39049,912,181,2025-09-21 13:15:00,0,0.1599,0,Low,Random Forest
39050,2210,45,2025-09-21 13:34:00,0,0.175,0,Low,Random Forest
39051,2499,252,2025-09-21 13:35:00,0,0.1202,0,Low,Random Forest
39052,427,433,2025-09-21 13:52:00,0,0.1942,0,Low,Random Forest
39053,140,247,2025-09-21 14:10:00,1,0.2192,0,Low,Random Forest
39054,1101,60,2025-09-21 14:18:00,0,0.1597,0,Low,Random Forest
39055,1990,406,2025-09-21 14:26:00,1,0.1878,0,Low,Random Forest
39056,1130,236,2025-09-21 14:32:00,0,0.149,0,Low,Random Forest
39057,1749,55,2025-09-21 14:36:00,0,0.1547,0,Low,Random Forest
39058,1213,241,2025-09-21 14:59:00,0,0.1561,0,Low,Random Forest
39059,1101,231,2025-09-21 15:09:00,0,0.1958,0,Low,Random Forest
39060,2881,273,2025-09-21 15:40:00,0,0.1339,0,Low,Random Forest
39061,1459,51,2025-09-21 15:53:00,1,0.1515,0,Low,Random Forest
39062,2005,371,2025-09-21 15:57:00,0,0.1625,0,Low,Random Forest
39063,225,50,2025-09-21 16:04:00,0,0.1737,0,Low,Random Forest
39064,1821,376,2025-09-21 16:05:00,0,0.1516,0,Low,Random Forest
39065,568,355,2025-09-21 16:06:00,0,0.1667,0,Low,Random Forest
39066,2216,370,2025-09-21 16:38:00,0,0.2284,0,Low,Random Forest
39067,251,120,2025-09-21 16:47:00,0,0.2374,0,Low,Random Forest
39068,1101,370,2025-09-21 16:56:00,0,0.1443,0,Low,Random Forest
39070,113,92,2025-09-21 17:00:00,0,0.155,0,Low,Random Forest
39069,1848,231,2025-09-21 17:00:00,0,0.2091,0,Low,Random Forest
39071,2537,433,2025-09-21 17:22:00,0,0.1545,0,Low,Random Forest
39072,838,341,2025-09-21 17:23:00,1,0.1551,0,Low,Random Forest
39073,255,50,2025-09-21 17:23:00,0,0.1698,0,Low,Random Forest
39075,1101,176,2025-09-21 17:31:00,0,0.1301,0,Low,Random Forest
39074,1986,51,2025-09-21 17:31:00,1,0.1669,0,Low,Random Forest
39076,2661,241,2025-09-21 17:41:00,0,0.1279,0,Low,Random Forest
39077,2256,241,2025-09-21 17:48:00,0,0.1343,0,Low,Random Forest
39078,1303,202,2025-09-21 17:58:00,0,0.1581,0,Low,Random Forest
39079,2872,281,2025-09-21 18:03:00,0,0.2815,0,Low,Random Forest
39080,1868,370,2025-09-21 18:09:00,0,0.2758,0,Low,Random Forest
39081,2914,281,2025-09-21 18:10:00,0,0.2376,0,Low,Random Forest
39083,2397,312,2025-09-21 18:23:00,0,0.2625,0,Low,Random Forest
39082,2141,332,2025-09-21 18:23:00,0,0.2556,0,Low,Random Forest
39084,2667,370,2025-09-21 18:31:00,1,0.2999,0,Low,Random Forest
39085,1101,406,2025-09-21 18:34:00,1,0.2351,0,Low,Random Forest
39086,1636,213,2025-09-21 18:42:00,0,0.3358,1,Medium,Random Forest
39087,1707,370,2025-09-21 18:51:00,0,0.2755,0,Low,Random Forest
39088,88,318,2025-09-21 18:57:00,0,0.4325,1,Medium,Random Forest
39089,1188,370,2025-09-21 19:02:00,1,0.3116,1,Medium,Random Forest
39090,992,376,2025-09-21 19:07:00,0,0.1952,0,Low,Random Forest
39091,821,138,2025-09-21 19:16:00,1,0.3083,1,Medium,Random Forest
39093,1636,225,2025-09-21 19:17:00,1,0.2313,0,Low,Random Forest
39092,1812,180,2025-09-21 19:17:00,0,0.3076,1,Medium,Random Forest
39094,255,370,2025-09-21 19:22:00,1,0.3064,1,Medium,Random Forest
39095,434,370,2025-09-21 19:23:00,0,0.3023,1,Medium,Random Forest
39096,219,318,2025-09-21 19:39:00,0,0.3873,1,Medium,Random Forest
39097,2000,172,2025-09-21 19:41:00,0,0.2737,0,Low,Random Forest
39098,857,241,2025-09-21 19:44:00,0,0.2641,0,Low,Random Forest
39100,1889,45,2025-09-21 19:52:00,0,0.2874,0,Low,Random Forest
39099,2273,252,2025-09-21 19:52:00,1,0.2379,0,Low,Random Forest
39101,1101,241,2025-09-21 20:04:00,1,0.2134,0,Low,Random Forest
39102,1268,37,2025-09-21 20:10:00,0,0.3217,1,Medium,Random Forest
39103,1675,285,2025-09-21 20:14:00,0,0.4253,1,Medium,Random Forest
39104,1795,363,2025-09-21 20:19:00,0,0.2579,0,Low,Random Forest
39105,1511,37,2025-09-21 20:21:00,0,0.3026,1,Medium,Random Forest
39106,2445,181,2025-09-21 20:22:00,1,0.3036,1,Medium,Random Forest
39107,255,412,2025-09-21 20:23:00,0,0.3598,1,Medium,Random Forest
39108,1492,241,2025-09-21 20:38:00,0,0.2508,0,Low,Random Forest
39109,1044,262,2025-09-21 20:47:00,0,0.2158,0,Low,Random Forest
39111,2965,132,2025-09-21 20:49:00,1,0.2876,0,Low,Random Forest
39110,232,136,2025-09-21 20:49:00,0,0.2464,0,Low,Random Forest
39112,255,335,2025-09-21 20:54:00,1,0.4603,1,Medium,Random Forest
39113,113,416,2025-09-21 21:03:00,0,0.3394,1,Medium,Random Forest
39114,2251,306,2025-09-21 21:12:00,1,0.8188,1,High,Random Forest
39115,2577,370,2025-09-21 21:31:00,1,0.7608,1,High,Random Forest
39116,528,318,2025-09-21 21:37:00,0,0.3499,1,Medium,Random Forest
39117,1781,370,2025-09-21 21:50:00,0,0.169,0,Low,Random Forest
39118,1721,351,2025-09-21 21:57:00,0,0.1692,0,Low,Random Forest
39119,2380,252,2025-09-21 22:04:00,0,0.2048,0,Low,Random Forest
39120,397,280,2025-09-21 22:07:00,0,0.1427,0,Low,Random Forest
39121,1303,412,2025-09-21 22:17:00,0,0.1939,0,Low,Random Forest
39122,1249,241,2025-09-21 23:08:00,1,0.1929,0,Low,Random Forest
39123,2499,328,2025-09-21 23:22:00,0,0.2014,0,Low,Random Forest
39124,1225,260,2025-09-22 00:03:00,1,0.1722,0,Low,Random Forest
39125,2749,260,2025-09-22 00:40:00,0,0.1925,0,Low,Random Forest
39126,985,435,2025-09-22 00:42:00,1,0.7818,1,High,Random Forest
39127,1101,275,2025-09-22 00:50:00,1,0.1813,0,Low,Random Forest
39128,349,64,2025-09-22 01:08:00,0,0.2139,0,Low,Random Forest
39129,2834,414,2025-09-22 01:17:00,0,0.181,0,Low,Random Forest
39130,1101,323,2025-09-22 01:18:00,1,0.1678,0,Low,Random Forest
39131,1558,414,2025-09-22 01:34:00,1,0.208,0,Low,Random Forest
39132,1303,363,2025-09-22 02:12:00,0,0.1875,0,Low,Random Forest
39133,1101,46,2025-09-22 02:14:00,0,0.3281,1,Medium,Random Forest
39134,2764,433,2025-09-22 03:02:00,0,0.2036,0,Low,Random Forest
39135,315,427,2025-09-22 04:13:00,1,0.2429,0,Low,Random Forest
39136,2953,363,2025-09-22 04:30:00,0,0.1702,0,Low,Random Forest
39137,312,363,2025-09-22 05:30:00,1,0.1357,0,Low,Random Forest
39138,1876,252,2025-09-22 05:37:00,0,0.133,0,Low,Random Forest
39139,1225,252,2025-09-22 05:40:00,0,0.1107,0,Low,Random Forest
39140,49,360,2025-09-22 05:51:00,0,0.1486,0,Low,Random Forest
39141,1742,260,2025-09-22 05:52:00,0,0.2033,0,Low,Random Forest
39142,1653,252,2025-09-22 06:37:00,0,0.1262,0,Low,Random Forest
39143,160,3,2025-09-22 07:02:00,0,0.1439,0,Low,Random Forest
39144,1556,154,2025-09-22 07:11:00,0,0.1505,0,Low,Random Forest
39145,1535,241,2025-09-22 07:13:00,0,0.1198,0,Low,Random Forest
39146,1101,60,2025-09-22 07:16:00,0,0.1496,0,Low,Random Forest
39147,2218,418,2025-09-22 07:16:00,0,0.1217,0,Low,Random Forest
39149,1636,231,2025-09-22 07:21:00,0,0.1746,0,Low,Random Forest
39148,1303,376,2025-09-22 07:21:00,1,0.1343,0,Low,Random Forest
39150,160,429,2025-09-22 07:32:00,0,0.1406,0,Low,Random Forest
39151,1022,48,2025-09-22 07:52:00,0,0.1462,0,Low,Random Forest
39152,2170,70,2025-09-22 07:54:00,0,0.2563,0,Low,Random Forest
39153,475,161,2025-09-22 08:02:00,1,0.2798,0,Low,Random Forest
39154,255,316,2025-09-22 08:07:00,0,0.2269,0,Low,Random Forest
39155,2781,370,2025-09-22 08:09:00,0,0.1521,0,Low,Random Forest
39156,320,363,2025-09-22 08:21:00,0,0.1987,0,Low,Random Forest
39157,2172,321,2025-09-22 08:22:00,0,0.186,0,Low,Random Forest
39158,1455,406,2025-09-22 08:27:00,0,0.2093,0,Low,Random Forest
39159,2242,323,2025-09-22 08:38:00,0,0.165,0,Low,Random Forest
39160,210,442,2025-09-22 08:38:00,1,0.2021,0,Low,Random Forest
39161,2677,376,2025-09-22 08:39:00,1,0.2022,0,Low,Random Forest
39162,1295,106,2025-09-22 08:40:00,0,0.1735,0,Low,Random Forest
39164,1837,387,2025-09-22 08:44:00,0,0.2317,0,Low,Random Forest
39163,162,370,2025-09-22 08:44:00,0,0.1482,0,Low,Random Forest
39165,1880,275,2025-09-22 08:54:00,0,0.1651,0,Low,Random Forest
39166,2161,9,2025-09-22 08:55:00,0,0.2183,0,Low,Random Forest
39167,1875,316,2025-09-22 08:56:00,0,0.1709,0,Low,Random Forest
39168,1126,323,2025-09-22 08:57:00,1,0.1779,0,Low,Random Forest
39169,1487,74,2025-09-22 09:04:00,0,0.2277,0,Low,Random Forest
39171,1101,311,2025-09-22 09:09:00,1,0.1512,0,Low,Random Forest
39170,2794,433,2025-09-22 09:09:00,0,0.2001,0,Low,Random Forest
39172,2869,106,2025-09-22 09:14:00,1,0.1976,0,Low,Random Forest
39173,1885,311,2025-09-22 09:20:00,1,0.2535,0,Low,Random Forest
39174,1997,3,2025-09-22 09:25:00,0,0.1975,0,Low,Random Forest
39175,1970,370,2025-09-22 09:49:00,0,0.2474,0,Low,Random Forest
39176,1455,370,2025-09-22 10:10:00,0,0.1207,0,Low,Random Forest
39177,1864,241,2025-09-22 10:12:00,0,0.1331,0,Low,Random Forest
39179,255,318,2025-09-22 10:24:00,1,0.2645,0,Low,Random Forest
39178,113,446,2025-09-22 10:24:00,0,0.223,0,Low,Random Forest
39180,2251,370,2025-09-22 11:06:00,1,0.1374,0,Low,Random Forest
39181,2325,370,2025-09-22 11:30:00,0,0.1333,0,Low,Random Forest
39182,163,370,2025-09-22 11:47:00,0,0.131,0,Low,Random Forest
39183,1101,116,2025-09-22 11:53:00,0,0.1186,0,Low,Random Forest
39184,2311,340,2025-09-22 11:54:00,0,0.1464,0,Low,Random Forest
39185,2361,7,2025-09-22 11:57:00,0,0.1519,0,Low,Random Forest
39186,113,435,2025-09-22 11:58:00,0,0.1306,0,Low,Random Forest
39187,1174,370,2025-09-22 12:01:00,0,0.1418,0,Low,Random Forest
39188,2255,406,2025-09-22 12:16:00,0,0.1299,0,Low,Random Forest
39189,2810,306,2025-09-22 12:20:00,0,0.1216,0,Low,Random Forest
39190,827,45,2025-09-22 12:53:00,0,0.1566,0,Low,Random Forest
39191,1605,370,2025-09-22 13:11:00,1,0.1196,0,Low,Random Forest
39192,255,323,2025-09-22 13:16:00,0,0.1114,0,Low,Random Forest
39193,255,260,2025-09-22 13:21:00,0,0.1074,0,Low,Random Forest
39194,171,363,2025-09-22 13:37:00,0,0.1233,0,Low,Random Forest
39195,351,72,2025-09-22 13:38:00,1,0.1962,0,Low,Random Forest
39196,1388,241,2025-09-22 13:39:00,0,0.1188,0,Low,Random Forest
39197,2400,410,2025-09-22 13:43:00,0,0.2044,0,Low,Random Forest
39198,389,296,2025-09-22 13:50:00,0,0.117,0,Low,Random Forest
39199,2691,370,2025-09-22 14:13:00,0,0.109,0,Low,Random Forest
39200,1150,426,2025-09-22 14:19:00,0,0.1368,0,Low,Random Forest
39201,1413,370,2025-09-22 14:43:00,0,0.1079,0,Low,Random Forest
39202,1101,414,2025-09-22 14:49:00,0,0.1188,0,Low,Random Forest
39203,852,106,2025-09-22 15:02:00,0,0.1145,0,Low,Random Forest
39204,2688,83,2025-09-22 15:04:00,0,0.1274,0,Low,Random Forest
39205,2092,4,2025-09-22 15:06:00,0,0.2511,0,Low,Random Forest
39206,1889,335,2025-09-22 15:11:00,0,0.2568,0,Low,Random Forest
39207,2172,148,2025-09-22 15:22:00,0,0.1275,0,Low,Random Forest
39208,349,77,2025-09-22 15:24:00,0,0.126,0,Low,Random Forest
39209,2672,241,2025-09-22 15:47:00,1,0.1418,0,Low,Random Forest
39210,977,387,2025-09-22 15:50:00,0,0.1783,0,Low,Random Forest
39211,895,440,2025-09-22 15:54:00,1,0.2429,0,Low,Random Forest
39213,334,51,2025-09-22 16:02:00,0,0.1481,0,Low,Random Forest
39212,363,242,2025-09-22 16:02:00,0,0.1822,0,Low,Random Forest
39214,255,116,2025-09-22 16:03:00,1,0.1445,0,Low,Random Forest
39215,334,216,2025-09-22 16:12:00,1,0.1173,0,Low,Random Forest
39216,2946,252,2025-09-22 16:18:00,0,0.1183,0,Low,Random Forest
39217,1101,370,2025-09-22 16:22:00,0,0.1128,0,Low,Random Forest
39218,123,316,2025-09-22 16:25:00,0,0.1125,0,Low,Random Forest
39219,2022,260,2025-09-22 16:33:00,0,0.1314,0,Low,Random Forest
39220,287,259,2025-09-22 16:35:00,0,0.147,0,Low,Random Forest
39221,2696,252,2025-09-22 16:40:00,0,0.1044,0,Low,Random Forest
39222,1852,55,2025-09-22 16:52:00,0,0.169,0,Low,Random Forest
39223,1101,20,2025-09-22 16:55:00,0,0.2837,0,Low,Random Forest
39224,36,63,2025-09-22 16:58:00,0,0.1301,0,Low,Random Forest
39225,1101,370,2025-09-22 17:02:00,0,0.1097,0,Low,Random Forest
39226,2141,79,2025-09-22 17:02:00,0,0.1443,0,Low,Random Forest
39227,1881,21,2025-09-22 17:08:00,0,0.1325,0,Low,Random Forest
39228,442,318,2025-09-22 17:09:00,0,0.2755,0,Low,Random Forest
39229,2589,370,2025-09-22 17:16:00,0,0.1354,0,Low,Random Forest
39230,1540,124,2025-09-22 17:19:00,1,0.1468,0,Low,Random Forest
39231,1193,370,2025-09-22 17:20:00,0,0.1241,0,Low,Random Forest
39232,2928,335,2025-09-22 17:24:00,0,0.2998,0,Low,Random Forest
39233,856,45,2025-09-22 17:25:00,1,0.1752,0,Low,Random Forest
39234,2546,88,2025-09-22 17:37:00,0,0.1418,0,Low,Random Forest
39235,1292,241,2025-09-22 17:40:00,0,0.1317,0,Low,Random Forest
39236,514,64,2025-09-22 17:44:00,0,0.1254,0,Low,Random Forest
39237,184,46,2025-09-22 17:45:00,0,0.2645,0,Low,Random Forest
39238,2870,187,2025-09-22 17:48:00,0,0.1289,0,Low,Random Forest
39239,2550,296,2025-09-22 17:49:00,0,0.1656,0,Low,Random Forest
39240,701,88,2025-09-22 17:54:00,1,0.1265,0,Low,Random Forest
39241,1039,433,2025-09-22 17:55:00,0,0.1356,0,Low,Random Forest
39242,258,285,2025-09-22 17:56:00,0,0.3006,1,Medium,Random Forest
39243,1575,180,2025-09-22 18:04:00,1,0.3693,1,Medium,Random Forest
39244,163,275,2025-09-22 18:20:00,0,0.2066,0,Low,Random Forest
39245,892,195,2025-09-22 18:24:00,0,0.2509,0,Low,Random Forest
39246,138,74,2025-09-22 18:31:00,0,0.3143,1,Medium,Random Forest
39247,1812,89,2025-09-22 18:35:00,0,0.2252,0,Low,Random Forest
39248,1101,370,2025-09-22 18:39:00,0,0.1521,0,Low,Random Forest
39249,1416,241,2025-09-22 18:41:00,1,0.2429,0,Low,Random Forest
39250,164,252,2025-09-22 18:44:00,0,0.2073,0,Low,Random Forest
39251,1101,351,2025-09-22 18:48:00,0,0.1636,0,Low,Random Forest
39252,572,51,2025-09-22 18:55:00,1,0.2227,0,Low,Random Forest
39253,113,106,2025-09-22 19:02:00,0,0.2158,0,Low,Random Forest
39255,2170,252,2025-09-22 19:05:00,0,0.2287,0,Low,Random Forest
39254,1126,55,2025-09-22 19:05:00,0,0.1993,0,Low,Random Forest
39256,1101,15,2025-09-22 19:10:00,0,0.2348,0,Low,Random Forest
39257,821,370,2025-09-22 19:12:00,0,0.1542,0,Low,Random Forest
39258,844,86,2025-09-22 19:13:00,0,0.2104,0,Low,Random Forest
39259,958,370,2025-09-22 19:23:00,1,0.231,0,Low,Random Forest
39260,2006,318,2025-09-22 19:23:00,0,0.4002,1,Medium,Random Forest
39261,1101,107,2025-09-22 19:26:00,1,0.4161,1,Medium,Random Forest
39262,1812,296,2025-09-22 19:35:00,0,0.2006,0,Low,Random Forest
39263,745,275,2025-09-22 19:36:00,0,0.2101,0,Low,Random Forest
39264,255,323,2025-09-22 19:38:00,1,0.2013,0,Low,Random Forest
39265,805,125,2025-09-22 19:43:00,0,0.2773,0,Low,Random Forest
39266,1101,318,2025-09-22 20:03:00,1,0.4334,1,Medium,Random Forest
39267,1719,241,2025-09-22 20:15:00,1,0.2255,0,Low,Random Forest
39268,2774,336,2025-09-22 20:39:00,0,0.212,0,Low,Random Forest
39269,2623,77,2025-09-22 20:39:00,0,0.1708,0,Low,Random Forest
39270,2468,241,2025-09-22 20:44:00,0,0.1867,0,Low,Random Forest
39271,210,318,2025-09-22 20:56:00,0,0.4983,1,Medium,Random Forest
39272,2965,370,2025-09-22 21:07:00,0,0.1254,0,Low,Random Forest
39273,2166,241,2025-09-22 21:09:00,0,0.1371,0,Low,Random Forest
39274,255,28,2025-09-22 21:17:00,0,0.1327,0,Low,Random Forest
39275,2886,26,2025-09-22 21:19:00,0,0.148,0,Low,Random Forest
39276,1902,108,2025-09-22 21:29:00,0,0.1208,0,Low,Random Forest
39277,1812,335,2025-09-22 22:35:00,0,0.3435,1,Medium,Random Forest
39278,163,180,2025-09-22 22:59:00,0,0.299,0,Low,Random Forest
39279,1896,6,2025-09-22 23:18:00,0,0.1602,0,Low,Random Forest
39280,1101,218,2025-09-22 23:56:00,0,0.1517,0,Low,Random Forest
39281,1934,241,2025-09-23 00:55:00,0,0.2668,0,Low,Random Forest
39282,429,185,2025-09-23 01:09:00,1,0.3846,1,Medium,Random Forest
39283,1101,370,2025-09-23 04:56:00,1,0.1653,0,Low,Random Forest
39284,2096,99,2025-09-23 05:02:00,0,0.2392,0,Low,Random Forest
39285,1878,201,2025-09-23 05:06:00,0,0.1279,0,Low,Random Forest
39286,1251,132,2025-09-23 05:19:00,0,0.1341,0,Low,Random Forest
39287,491,370,2025-09-23 05:39:00,0,0.1165,0,Low,Random Forest
39288,2819,376,2025-09-23 05:46:00,1,0.1346,0,Low,Random Forest
39289,2463,275,2025-09-23 06:07:00,0,0.1159,0,Low,Random Forest
39290,796,376,2025-09-23 06:08:00,0,0.1413,0,Low,Random Forest
39291,2092,370,2025-09-23 06:13:00,0,0.1184,0,Low,Random Forest
39292,1754,64,2025-09-23 06:24:00,0,0.12,0,Low,Random Forest
39293,984,59,2025-09-23 07:03:00,0,0.1381,0,Low,Random Forest
39294,171,33,2025-09-23 07:05:00,0,0.1526,0,Low,Random Forest
39295,1101,241,2025-09-23 07:12:00,0,0.1304,0,Low,Random Forest
39296,1101,370,2025-09-23 07:24:00,0,0.1214,0,Low,Random Forest
39297,2397,433,2025-09-23 07:36:00,0,0.1493,0,Low,Random Forest
39298,113,273,2025-09-23 07:56:00,0,0.185,0,Low,Random Forest
39299,789,45,2025-09-23 07:57:00,0,0.1848,0,Low,Random Forest
39300,1607,370,2025-09-23 08:09:00,0,0.2243,0,Low,Random Forest
39301,946,370,2025-09-23 08:10:00,0,0.2258,0,Low,Random Forest
39302,604,318,2025-09-23 08:15:00,1,0.3551,1,Medium,Random Forest
39303,312,328,2025-09-23 08:19:00,0,0.2028,0,Low,Random Forest
39305,743,370,2025-09-23 08:25:00,0,0.2231,0,Low,Random Forest
39304,1455,3,2025-09-23 08:25:00,0,0.2645,0,Low,Random Forest
39306,2092,220,2025-09-23 08:26:00,0,0.3489,1,Medium,Random Forest
39307,2255,328,2025-09-23 08:26:00,0,0.2051,0,Low,Random Forest
39308,219,363,2025-09-23 08:31:00,0,0.1734,0,Low,Random Forest
39309,152,124,2025-09-23 08:35:00,1,0.2353,0,Low,Random Forest
39311,421,262,2025-09-23 08:40:00,0,0.2756,0,Low,Random Forest
39310,254,370,2025-09-23 08:40:00,0,0.1505,0,Low,Random Forest
39312,1866,370,2025-09-23 08:41:00,0,0.2168,0,Low,Random Forest
39314,2420,241,2025-09-23 08:42:00,0,0.2478,0,Low,Random Forest
39313,1407,241,2025-09-23 08:42:00,0,0.1682,0,Low,Random Forest
39315,983,370,2025-09-23 08:43:00,1,0.2393,0,Low,Random Forest
39316,1193,252,2025-09-23 08:43:00,0,0.1586,0,Low,Random Forest
39317,219,260,2025-09-23 08:44:00,1,0.176,0,Low,Random Forest
39318,255,241,2025-09-23 08:44:00,0,0.1772,0,Low,Random Forest
39319,164,257,2025-09-23 09:04:00,0,0.2254,0,Low,Random Forest
39320,1896,350,2025-09-23 09:07:00,0,0.1691,0,Low,Random Forest
39321,2369,402,2025-09-23 09:12:00,0,0.2462,0,Low,Random Forest
39322,1101,213,2025-09-23 09:16:00,0,0.2091,0,Low,Random Forest
39323,1875,316,2025-09-23 09:25:00,0,0.1596,0,Low,Random Forest
39324,852,370,2025-09-23 09:38:00,0,0.2261,0,Low,Random Forest
39325,1877,16,2025-09-23 09:39:00,1,0.2087,0,Low,Random Forest
39326,2928,316,2025-09-23 09:45:00,0,0.1692,0,Low,Random Forest
39327,1416,51,2025-09-23 10:00:00,0,0.1202,0,Low,Random Forest
39328,1639,236,2025-09-23 10:04:00,0,0.1232,0,Low,Random Forest
39329,503,11,2025-09-23 10:14:00,0,0.1297,0,Low,Random Forest
39330,1525,433,2025-09-23 11:01:00,1,0.123,0,Low,Random Forest
39331,1101,370,2025-09-23 11:03:00,0,0.1243,0,Low,Random Forest
39332,1922,406,2025-09-23 11:19:00,0,0.1192,0,Low,Random Forest
39333,603,180,2025-09-23 11:26:00,0,0.3531,1,Medium,Random Forest
39334,1455,370,2025-09-23 11:41:00,0,0.1332,0,Low,Random Forest
39335,1106,259,2025-09-23 11:51:00,1,0.1257,0,Low,Random Forest
39336,1913,370,2025-09-23 11:52:00,0,0.1114,0,Low,Random Forest
39337,1185,332,2025-09-23 12:05:00,0,0.1252,0,Low,Random Forest
39338,2824,363,2025-09-23 12:06:00,0,0.1718,0,Low,Random Forest
39339,2180,55,2025-09-23 12:10:00,0,0.1225,0,Low,Random Forest
39340,1903,370,2025-09-23 12:14:00,0,0.1242,0,Low,Random Forest
39341,1260,389,2025-09-23 12:18:00,0,0.1506,0,Low,Random Forest
39342,1335,259,2025-09-23 12:20:00,0,0.1625,0,Low,Random Forest
39343,2019,100,2025-09-23 12:27:00,0,0.1285,0,Low,Random Forest
39344,1087,370,2025-09-23 12:45:00,0,0.1135,0,Low,Random Forest
39345,1880,68,2025-09-23 13:02:00,0,0.1188,0,Low,Random Forest
39347,255,3,2025-09-23 13:23:00,0,0.1172,0,Low,Random Forest
39346,2600,370,2025-09-23 13:23:00,0,0.1422,0,Low,Random Forest
39348,1101,363,2025-09-23 13:34:00,0,0.1132,0,Low,Random Forest
39349,1033,129,2025-09-23 13:56:00,0,0.1529,0,Low,Random Forest
39350,1653,300,2025-09-23 13:58:00,0,0.1341,0,Low,Random Forest
39351,483,262,2025-09-23 14:07:00,0,0.1072,0,Low,Random Forest
39352,478,433,2025-09-23 14:15:00,0,0.1575,0,Low,Random Forest
39353,1147,201,2025-09-23 14:26:00,0,0.123,0,Low,Random Forest
39354,2044,294,2025-09-23 14:31:00,0,0.2894,0,Low,Random Forest
39355,1774,241,2025-09-23 14:46:00,1,0.1299,0,Low,Random Forest
39356,312,406,2025-09-23 15:09:00,0,0.1122,0,Low,Random Forest
39357,1608,231,2025-09-23 15:36:00,0,0.1852,0,Low,Random Forest
39358,1861,241,2025-09-23 15:41:00,1,0.1453,0,Low,Random Forest
39359,2867,363,2025-09-23 15:46:00,0,0.1121,0,Low,Random Forest
39360,1105,138,2025-09-23 15:55:00,0,0.1578,0,Low,Random Forest
39361,255,446,2025-09-23 15:56:00,1,0.1517,0,Low,Random Forest
39362,2675,318,2025-09-23 16:07:00,0,0.2685,0,Low,Random Forest
39363,1039,370,2025-09-23 16:20:00,0,0.1302,0,Low,Random Forest
39364,255,45,2025-09-23 16:37:00,0,0.1423,0,Low,Random Forest
39365,2928,376,2025-09-23 16:39:00,0,0.1191,0,Low,Random Forest
39366,2592,262,2025-09-23 16:45:00,0,0.1139,0,Low,Random Forest
39367,1181,370,2025-09-23 16:56:00,0,0.1112,0,Low,Random Forest
39368,1889,376,2025-09-23 16:56:00,0,0.1094,0,Low,Random Forest
39369,1101,370,2025-09-23 16:58:00,0,0.1119,0,Low,Random Forest
39370,1577,241,2025-09-23 17:01:00,0,0.1211,0,Low,Random Forest
39371,1140,60,2025-09-23 17:02:00,0,0.1613,0,Low,Random Forest
39372,2818,275,2025-09-23 17:11:00,0,0.1137,0,Low,Random Forest
39373,807,252,2025-09-23 17:24:00,0,0.1289,0,Low,Random Forest
39374,1031,241,2025-09-23 17:28:00,0,0.1049,0,Low,Random Forest
39375,1848,353,2025-09-23 17:29:00,0,0.3106,1,Medium,Random Forest
39376,1899,236,2025-09-23 17:29:00,0,0.188,0,Low,Random Forest
39377,419,231,2025-09-23 17:35:00,0,0.2349,0,Low,Random Forest
39378,1455,412,2025-09-23 17:36:00,1,0.1769,0,Low,Random Forest
39379,2639,307,2025-09-23 17:37:00,0,0.1963,0,Low,Random Forest
39380,739,252,2025-09-23 17:39:00,0,0.1024,0,Low,Random Forest
39381,255,260,2025-09-23 17:43:00,0,0.1109,0,Low,Random Forest
39382,1475,181,2025-09-23 17:50:00,0,0.1286,0,Low,Random Forest
39383,1101,201,2025-09-23 17:57:00,0,0.1168,0,Low,Random Forest
39384,687,252,2025-09-23 18:03:00,0,0.1984,0,Low,Random Forest
39385,1101,201,2025-09-23 18:07:00,0,0.2197,0,Low,Random Forest
39387,270,435,2025-09-23 18:10:00,0,0.3008,1,Medium,Random Forest
39386,2206,421,2025-09-23 18:10:00,0,0.1729,0,Low,Random Forest
39388,983,300,2025-09-23 18:23:00,0,0.2077,0,Low,Random Forest
39389,1589,46,2025-09-23 18:23:00,0,0.3774,1,Medium,Random Forest
39390,1583,77,2025-09-23 18:26:00,0,0.1656,0,Low,Random Forest
39391,2459,260,2025-09-23 18:27:00,1,0.1877,0,Low,Random Forest
39392,2388,285,2025-09-23 18:33:00,0,0.4242,1,Medium,Random Forest
39393,844,252,2025-09-23 18:37:00,0,0.1587,0,Low,Random Forest
39394,1693,241,2025-09-23 18:38:00,0,0.1714,0,Low,Random Forest
39395,575,241,2025-09-23 18:52:00,0,0.2561,0,Low,Random Forest
39396,479,318,2025-09-23 19:05:00,0,0.323,1,Medium,Random Forest
39397,1479,241,2025-09-23 19:15:00,1,0.2319,0,Low,Random Forest
39398,2194,370,2025-09-23 19:21:00,0,0.1292,0,Low,Random Forest
39399,1812,370,2025-09-23 19:36:00,0,0.152,0,Low,Random Forest
39400,177,363,2025-09-23 19:57:00,0,0.1589,0,Low,Random Forest
39401,1455,371,2025-09-23 20:01:00,1,0.256,0,Low,Random Forest
39402,789,332,2025-09-23 20:10:00,1,0.8343,1,High,Random Forest
39403,2819,406,2025-09-23 20:17:00,0,0.1744,0,Low,Random Forest
39406,113,88,2025-09-23 20:23:00,0,0.2525,0,Low,Random Forest
39405,1596,337,2025-09-23 20:23:00,1,0.3055,1,Medium,Random Forest
39404,113,337,2025-09-23 20:23:00,0,0.1971,0,Low,Random Forest
39407,2210,218,2025-09-23 20:25:00,0,0.1834,0,Low,Random Forest
39408,175,79,2025-09-23 20:59:00,0,0.1928,0,Low,Random Forest
39409,1812,370,2025-09-23 21:01:00,0,0.1176,0,Low,Random Forest
39410,2255,241,2025-09-23 22:08:00,0,0.1301,0,Low,Random Forest
39411,2251,241,2025-09-23 22:11:00,0,0.1291,0,Low,Random Forest
39412,1455,376,2025-09-23 22:27:00,0,0.1214,0,Low,Random Forest
39413,163,152,2025-09-23 22:39:00,0,0.1316,0,Low,Random Forest
39415,2815,335,2025-09-23 23:19:00,1,0.372,1,Medium,Random Forest
39414,1515,406,2025-09-23 23:19:00,0,0.1493,0,Low,Random Forest
39416,254,406,2025-09-23 23:27:00,0,0.1314,0,Low,Random Forest
39417,1107,429,2025-09-23 23:41:00,1,0.1595,0,Low,Random Forest
39418,1636,175,2025-09-24 03:00:00,0,0.2269,0,Low,Random Forest
39419,1986,241,2025-09-24 03:57:00,0,0.1778,0,Low,Random Forest
39420,2415,376,2025-09-24 04:00:00,0,0.1704,0,Low,Random Forest
39421,82,45,2025-09-24 05:02:00,0,0.1673,0,Low,Random Forest
39422,1447,55,2025-09-24 05:02:00,0,0.1409,0,Low,Random Forest
39423,2580,370,2025-09-24 05:17:00,0,0.1207,0,Low,Random Forest
39424,1101,241,2025-09-24 05:39:00,0,0.1245,0,Low,Random Forest
39425,341,256,2025-09-24 05:49:00,0,0.1531,0,Low,Random Forest
39426,1160,74,2025-09-24 05:59:00,0,0.1574,0,Low,Random Forest
39427,968,180,2025-09-24 06:02:00,1,0.3259,1,Medium,Random Forest
39428,334,376,2025-09-24 06:04:00,0,0.1164,0,Low,Random Forest
39429,255,433,2025-09-24 06:09:00,0,0.124,0,Low,Random Forest
39430,1455,241,2025-09-24 06:14:00,0,0.1264,0,Low,Random Forest
39431,526,231,2025-09-24 06:18:00,0,0.2051,0,Low,Random Forest
39432,1101,306,2025-09-24 06:43:00,0,0.1278,0,Low,Random Forest
39433,233,370,2025-09-24 07:00:00,0,0.1303,0,Low,Random Forest
39434,163,281,2025-09-24 07:11:00,0,0.1492,0,Low,Random Forest
39435,1645,398,2025-09-24 07:15:00,0,0.1252,0,Low,Random Forest
39436,1495,354,2025-09-24 07:23:00,0,0.1957,0,Low,Random Forest
39437,159,187,2025-09-24 07:35:00,0,0.1327,0,Low,Random Forest
39438,1101,74,2025-09-24 07:35:00,1,0.1408,0,Low,Random Forest
39439,2158,120,2025-09-24 07:38:00,0,0.2394,0,Low,Random Forest
39440,1285,335,2025-09-24 07:51:00,0,0.279,0,Low,Random Forest
39441,1101,48,2025-09-24 07:55:00,0,0.1125,0,Low,Random Forest
39442,983,241,2025-09-24 07:58:00,0,0.1152,0,Low,Random Forest
39443,268,55,2025-09-24 08:06:00,1,0.2759,0,Low,Random Forest
39444,1939,271,2025-09-24 08:17:00,1,0.2016,0,Low,Random Forest
39445,1875,344,2025-09-24 08:21:00,0,0.1652,0,Low,Random Forest
39446,255,296,2025-09-24 08:24:00,0,0.237,0,Low,Random Forest
39447,2871,77,2025-09-24 08:25:00,0,0.1751,0,Low,Random Forest
39448,1362,376,2025-09-24 08:25:00,0,0.1444,0,Low,Random Forest
39449,1336,307,2025-09-24 08:42:00,0,0.2073,0,Low,Random Forest
39450,2103,138,2025-09-24 08:49:00,0,0.3055,1,Medium,Random Forest
39451,1101,70,2025-09-24 08:50:00,0,0.3353,1,Medium,Random Forest
39452,1402,363,2025-09-24 08:52:00,1,0.2456,0,Low,Random Forest
39453,665,180,2025-09-24 08:58:00,1,0.3931,1,Medium,Random Forest
39454,2179,151,2025-09-24 09:02:00,1,0.2439,0,Low,Random Forest
39455,2317,60,2025-09-24 09:02:00,0,0.2943,0,Low,Random Forest
39456,222,86,2025-09-24 09:11:00,0,0.1905,0,Low,Random Forest
39457,1653,363,2025-09-24 09:28:00,0,0.1555,0,Low,Random Forest
39458,255,203,2025-09-24 09:36:00,1,0.2758,0,Low,Random Forest
39459,649,360,2025-09-24 09:38:00,0,0.1869,0,Low,Random Forest
39460,2542,262,2025-09-24 09:42:00,0,0.2099,0,Low,Random Forest
39461,434,271,2025-09-24 09:56:00,0,0.1759,0,Low,Random Forest
39462,397,446,2025-09-24 09:58:00,0,0.2655,0,Low,Random Forest
39463,1330,439,2025-09-24 10:11:00,0,0.1442,0,Low,Random Forest
39464,1636,68,2025-09-24 10:35:00,0,0.1181,0,Low,Random Forest
39465,175,252,2025-09-24 11:13:00,0,0.1106,0,Low,Random Forest
39466,1363,370,2025-09-24 11:24:00,0,0.1299,0,Low,Random Forest
39467,113,363,2025-09-24 11:35:00,0,0.1175,0,Low,Random Forest
39468,2871,252,2025-09-24 11:40:00,0,0.1391,0,Low,Random Forest
39469,1996,349,2025-09-24 11:47:00,0,0.128,0,Low,Random Forest
39470,2834,4,2025-09-24 11:49:00,1,0.2614,0,Low,Random Forest
39471,1105,311,2025-09-24 11:54:00,0,0.1586,0,Low,Random Forest
39472,1742,31,2025-09-24 12:25:00,1,0.1643,0,Low,Random Forest
39473,2135,446,2025-09-24 12:27:00,0,0.1642,0,Low,Random Forest
39474,1093,81,2025-09-24 12:27:00,0,0.2775,0,Low,Random Forest
39475,1899,376,2025-09-24 12:33:00,0,0.1387,0,Low,Random Forest
39476,2696,45,2025-09-24 12:36:00,0,0.1707,0,Low,Random Forest
39477,1875,370,2025-09-24 12:37:00,0,0.1188,0,Low,Random Forest
39478,219,335,2025-09-24 12:41:00,1,0.7624,1,High,Random Forest
39479,1101,324,2025-09-24 12:46:00,0,0.1307,0,Low,Random Forest
39480,2306,376,2025-09-24 12:47:00,0,0.114,0,Low,Random Forest
39481,1464,241,2025-09-24 12:51:00,0,0.1117,0,Low,Random Forest
39482,175,318,2025-09-24 12:59:00,0,0.3154,1,Medium,Random Forest
39483,1071,433,2025-09-24 13:06:00,0,0.1408,0,Low,Random Forest
39484,1089,181,2025-09-24 13:20:00,0,0.1382,0,Low,Random Forest
39485,2125,236,2025-09-24 13:23:00,0,0.1143,0,Low,Random Forest
39486,546,3,2025-09-24 13:46:00,0,0.1533,0,Low,Random Forest
39487,21,318,2025-09-24 13:48:00,0,0.2975,0,Low,Random Forest
39488,1928,252,2025-09-24 14:15:00,0,0.1536,0,Low,Random Forest
39489,1412,412,2025-09-24 14:33:00,0,0.2148,0,Low,Random Forest
39490,1351,217,2025-09-24 14:35:00,0,0.1548,0,Low,Random Forest
39491,1740,370,2025-09-24 14:46:00,0,0.1533,0,Low,Random Forest
39492,1848,435,2025-09-24 14:51:00,0,0.1305,0,Low,Random Forest
39493,929,370,2025-09-24 14:59:00,0,0.1093,0,Low,Random Forest
39494,1944,262,2025-09-24 15:03:00,0,0.115,0,Low,Random Forest
39495,331,318,2025-09-24 15:07:00,0,0.2907,0,Low,Random Forest
39496,1812,370,2025-09-24 15:23:00,0,0.116,0,Low,Random Forest
39497,568,406,2025-09-24 15:56:00,0,0.1472,0,Low,Random Forest
39498,690,48,2025-09-24 15:57:00,1,0.133,0,Low,Random Forest
39499,2161,435,2025-09-24 16:02:00,1,0.7616,1,High,Random Forest
39500,2110,177,2025-09-24 16:09:00,0,0.1277,0,Low,Random Forest
39502,2397,318,2025-09-24 16:20:00,0,0.2842,0,Low,Random Forest
39503,1975,180,2025-09-24 16:20:00,0,0.2927,0,Low,Random Forest
39501,1233,77,2025-09-24 16:20:00,1,0.1185,0,Low,Random Forest
39504,1225,370,2025-09-24 16:29:00,0,0.1244,0,Low,Random Forest
39505,434,370,2025-09-24 16:32:00,0,0.1201,0,Low,Random Forest
39506,1101,370,2025-09-24 16:35:00,1,0.109,0,Low,Random Forest
39507,669,328,2025-09-24 16:45:00,0,0.1802,0,Low,Random Forest
39508,142,231,2025-09-24 16:46:00,0,0.1764,0,Low,Random Forest
39509,1323,51,2025-09-24 16:49:00,0,0.1234,0,Low,Random Forest
39510,255,64,2025-09-24 17:01:00,0,0.1376,0,Low,Random Forest
39511,2661,370,2025-09-24 17:02:00,1,0.1119,0,Low,Random Forest
39512,1681,433,2025-09-24 17:08:00,0,0.1363,0,Low,Random Forest
39513,163,283,2025-09-24 17:14:00,0,0.1207,0,Low,Random Forest
39514,1101,363,2025-09-24 17:16:00,1,0.1152,0,Low,Random Forest
39515,255,363,2025-09-24 17:16:00,0,0.1521,0,Low,Random Forest
39516,2377,260,2025-09-24 17:21:00,0,0.1252,0,Low,Random Forest
39517,168,292,2025-09-24 17:22:00,0,0.138,0,Low,Random Forest
39518,699,169,2025-09-24 17:23:00,0,0.1465,0,Low,Random Forest
39519,1413,106,2025-09-24 17:25:00,0,0.1142,0,Low,Random Forest
39520,302,323,2025-09-24 17:26:00,0,0.1215,0,Low,Random Forest
39521,258,102,2025-09-24 17:37:00,1,0.1356,0,Low,Random Forest
39522,1191,288,2025-09-24 17:38:00,1,0.1611,0,Low,Random Forest
39523,255,262,2025-09-24 17:48:00,0,0.1083,0,Low,Random Forest
39524,2162,184,2025-09-24 17:55:00,0,0.127,0,Low,Random Forest
39525,1653,208,2025-09-24 18:09:00,0,0.2922,0,Low,Random Forest
39526,1101,55,2025-09-24 18:30:00,0,0.2721,0,Low,Random Forest
39527,163,11,2025-09-24 18:38:00,1,0.2351,0,Low,Random Forest
39528,1160,309,2025-09-24 18:48:00,1,0.2465,0,Low,Random Forest
39529,1101,433,2025-09-24 18:58:00,0,0.1748,0,Low,Random Forest
39530,2317,241,2025-09-24 19:01:00,0,0.2155,0,Low,Random Forest
39532,2754,435,2025-09-24 19:10:00,0,0.233,0,Low,Random Forest
39531,1152,241,2025-09-24 19:10:00,0,0.2695,0,Low,Random Forest
39533,2926,313,2025-09-24 19:11:00,0,0.2219,0,Low,Random Forest
39534,2974,363,2025-09-24 19:14:00,0,0.2367,0,Low,Random Forest
39535,413,181,2025-09-24 19:27:00,0,0.1788,0,Low,Random Forest
39536,491,260,2025-09-24 19:34:00,0,0.1871,0,Low,Random Forest
39537,175,306,2025-09-24 19:36:00,0,0.2355,0,Low,Random Forest
39538,2170,86,2025-09-24 19:37:00,1,0.2801,0,Low,Random Forest
39540,2092,1,2025-09-24 19:48:00,0,0.2569,0,Low,Random Forest
39539,113,252,2025-09-24 19:48:00,0,0.1972,0,Low,Random Forest
39541,1525,55,2025-09-24 19:50:00,0,0.2392,0,Low,Random Forest
39542,403,106,2025-09-24 19:54:00,1,0.1954,0,Low,Random Forest
39543,835,236,2025-09-24 19:59:00,0,0.164,0,Low,Random Forest
39544,2222,426,2025-09-24 20:04:00,0,0.2618,0,Low,Random Forest
39545,1482,124,2025-09-24 20:05:00,1,0.8245,1,High,Random Forest
39546,1148,260,2025-09-24 20:11:00,0,0.1765,0,Low,Random Forest
39547,1707,370,2025-09-24 20:12:00,0,0.1589,0,Low,Random Forest
39548,2787,306,2025-09-24 20:14:00,0,0.1853,0,Low,Random Forest
39549,1362,412,2025-09-24 20:33:00,1,0.264,0,Low,Random Forest
39550,385,376,2025-09-24 20:38:00,0,0.1774,0,Low,Random Forest
39551,1195,6,2025-09-24 20:46:00,1,0.2385,0,Low,Random Forest
39552,2794,370,2025-09-24 20:56:00,0,0.1322,0,Low,Random Forest
39553,1966,241,2025-09-24 21:17:00,1,0.1148,0,Low,Random Forest
39554,2592,180,2025-09-24 21:36:00,0,0.3605,1,Medium,Random Forest
39555,121,124,2025-09-24 21:41:00,0,0.1241,0,Low,Random Forest
39556,1743,180,2025-09-24 21:50:00,0,0.3306,1,Medium,Random Forest
39557,233,242,2025-09-24 22:02:00,0,0.1543,0,Low,Random Forest
39558,1203,180,2025-09-24 22:02:00,0,0.3285,1,Medium,Random Forest
39559,2725,241,2025-09-24 22:27:00,1,0.1289,0,Low,Random Forest
39560,2704,51,2025-09-24 22:33:00,0,0.1428,0,Low,Random Forest
39561,2398,428,2025-09-24 22:42:00,0,0.141,0,Low,Random Forest
39562,1225,370,2025-09-24 22:45:00,0,0.1208,0,Low,Random Forest
39563,1444,16,2025-09-24 22:46:00,1,0.1269,0,Low,Random Forest
39564,2570,376,2025-09-24 22:48:00,0,0.15,0,Low,Random Forest
39565,1848,363,2025-09-24 22:50:00,0,0.1406,0,Low,Random Forest
39566,954,409,2025-09-24 22:56:00,0,0.1331,0,Low,Random Forest
39567,1636,318,2025-09-24 22:57:00,1,0.3106,1,Medium,Random Forest
39568,2778,201,2025-09-24 23:36:00,0,0.174,0,Low,Random Forest
39569,1028,370,2025-09-24 23:50:00,0,0.1388,0,Low,Random Forest
39570,49,241,2025-09-25 00:37:00,0,0.2074,0,Low,Random Forest
39571,219,98,2025-09-25 03:34:00,1,0.2481,0,Low,Random Forest
39572,1636,363,2025-09-25 04:24:00,1,0.7484,1,High,Random Forest
39573,1101,216,2025-09-25 05:31:00,0,0.1227,0,Low,Random Forest
39574,1768,370,2025-09-25 05:33:00,0,0.1481,0,Low,Random Forest
39575,29,429,2025-09-25 06:00:00,0,0.1153,0,Low,Random Forest
39576,1233,363,2025-09-25 06:13:00,0,0.1181,0,Low,Random Forest
39577,2088,275,2025-09-25 06:32:00,0,0.1363,0,Low,Random Forest
39578,225,241,2025-09-25 06:34:00,0,0.1249,0,Low,Random Forest
39579,1934,241,2025-09-25 06:38:00,1,0.1144,0,Low,Random Forest
39580,1896,370,2025-09-25 06:38:00,0,0.1108,0,Low,Random Forest
39581,1069,231,2025-09-25 06:49:00,1,0.2113,0,Low,Random Forest
39582,2925,311,2025-09-25 06:57:00,1,0.1691,0,Low,Random Forest
39583,131,208,2025-09-25 07:00:00,0,0.13,0,Low,Random Forest
39584,2970,370,2025-09-25 07:27:00,0,0.1331,0,Low,Random Forest
39585,1676,323,2025-09-25 07:47:00,0,0.137,0,Low,Random Forest
39586,291,124,2025-09-25 07:54:00,0,0.164,0,Low,Random Forest
39587,2181,370,2025-09-25 07:59:00,0,0.1229,0,Low,Random Forest
39588,1800,433,2025-09-25 08:10:00,0,0.2334,0,Low,Random Forest
39589,1445,31,2025-09-25 08:12:00,0,0.1695,0,Low,Random Forest
39590,360,252,2025-09-25 08:14:00,0,0.1917,0,Low,Random Forest
39591,1101,275,2025-09-25 08:18:00,1,0.2273,0,Low,Random Forest
39592,1509,45,2025-09-25 08:26:00,0,0.2496,0,Low,Random Forest
39593,1234,335,2025-09-25 08:32:00,0,0.3676,1,Medium,Random Forest
39594,1884,236,2025-09-25 08:43:00,0,0.2712,0,Low,Random Forest
39595,1756,208,2025-09-25 08:47:00,1,0.2488,0,Low,Random Forest
39596,2762,241,2025-09-25 09:02:00,0,0.1632,0,Low,Random Forest
39597,255,31,2025-09-25 09:04:00,1,0.8179,1,High,Random Forest
39598,2255,55,2025-09-25 09:18:00,0,0.268,0,Low,Random Forest
39599,898,75,2025-09-25 09:21:00,0,0.1851,0,Low,Random Forest
39600,2251,311,2025-09-25 09:23:00,0,0.2297,0,Low,Random Forest
39601,1229,236,2025-09-25 09:33:00,0,0.2083,0,Low,Random Forest
39602,348,335,2025-09-25 10:10:00,1,0.3193,1,Medium,Random Forest
39603,2691,88,2025-09-25 10:13:00,0,0.1299,0,Low,Random Forest
39604,660,241,2025-09-25 10:20:00,0,0.1228,0,Low,Random Forest
39605,1043,323,2025-09-25 10:44:00,0,0.1431,0,Low,Random Forest
39606,255,318,2025-09-25 10:46:00,1,0.2849,0,Low,Random Forest
39607,2376,79,2025-09-25 11:22:00,0,0.1373,0,Low,Random Forest
39608,1105,370,2025-09-25 11:23:00,0,0.1249,0,Low,Random Forest
39609,255,64,2025-09-25 11:27:00,0,0.1185,0,Low,Random Forest
39610,2740,74,2025-09-25 11:42:00,0,0.1422,0,Low,Random Forest
39611,1101,335,2025-09-25 11:45:00,0,0.3365,1,Medium,Random Forest
39613,1814,335,2025-09-25 12:12:00,1,0.2941,0,Low,Random Forest
39612,228,370,2025-09-25 12:12:00,0,0.1272,0,Low,Random Forest
39614,2074,318,2025-09-25 12:14:00,1,0.3215,1,Medium,Random Forest
39615,434,157,2025-09-25 12:20:00,0,0.1429,0,Low,Random Forest
39616,2369,46,2025-09-25 12:29:00,0,0.307,1,Medium,Random Forest
39617,2522,220,2025-09-25 12:34:00,0,0.2471,0,Low,Random Forest
39618,1351,362,2025-09-25 12:37:00,0,0.14,0,Low,Random Forest
39619,1913,241,2025-09-25 13:02:00,0,0.1405,0,Low,Random Forest
39620,255,296,2025-09-25 13:12:00,1,0.1127,0,Low,Random Forest
39621,254,370,2025-09-25 13:14:00,0,0.1134,0,Low,Random Forest
39622,1195,404,2025-09-25 13:35:00,0,0.1411,0,Low,Random Forest
39623,255,289,2025-09-25 13:36:00,0,0.1322,0,Low,Random Forest
39624,1084,77,2025-09-25 13:46:00,1,0.1177,0,Low,Random Forest
39625,1101,395,2025-09-25 14:10:00,0,0.1266,0,Low,Random Forest
39626,35,370,2025-09-25 14:15:00,0,0.1169,0,Low,Random Forest
39627,219,376,2025-09-25 14:23:00,0,0.1206,0,Low,Random Forest
39628,2499,45,2025-09-25 14:35:00,0,0.1493,0,Low,Random Forest
39629,984,318,2025-09-25 14:49:00,0,0.3309,1,Medium,Random Forest
39630,2978,406,2025-09-25 14:50:00,0,0.1465,0,Low,Random Forest
39631,1101,362,2025-09-25 14:50:00,0,0.1133,0,Low,Random Forest
39632,1089,382,2025-09-25 14:50:00,0,0.1272,0,Low,Random Forest
39633,1362,376,2025-09-25 14:54:00,0,0.1149,0,Low,Random Forest
39634,1101,363,2025-09-25 15:01:00,0,0.1263,0,Low,Random Forest
39635,1101,262,2025-09-25 15:03:00,0,0.1151,0,Low,Random Forest
39636,1101,241,2025-09-25 15:10:00,0,0.1476,0,Low,Random Forest
39637,1944,45,2025-09-25 15:17:00,0,0.1394,0,Low,Random Forest
39638,2255,318,2025-09-25 15:34:00,1,0.3,0,Medium,Random Forest
39639,1101,77,2025-09-25 15:42:00,0,0.1072,0,Low,Random Forest
39640,789,390,2025-09-25 15:44:00,1,0.1457,0,Low,Random Forest
39641,2568,370,2025-09-25 15:59:00,0,0.1127,0,Low,Random Forest
39642,20,55,2025-09-25 16:08:00,0,0.1289,0,Low,Random Forest
39643,2854,77,2025-09-25 16:09:00,0,0.1096,0,Low,Random Forest
39644,427,370,2025-09-25 16:15:00,0,0.1162,0,Low,Random Forest
39645,1087,306,2025-09-25 16:29:00,0,0.1214,0,Low,Random Forest
39646,147,252,2025-09-25 16:36:00,0,0.1185,0,Low,Random Forest
39647,1848,241,2025-09-25 16:49:00,0,0.1196,0,Low,Random Forest
39648,1427,428,2025-09-25 16:52:00,0,0.1527,0,Low,Random Forest
39649,233,241,2025-09-25 16:55:00,0,0.1481,0,Low,Random Forest
39650,14,63,2025-09-25 16:58:00,0,0.1431,0,Low,Random Forest
39651,895,262,2025-09-25 16:58:00,0,0.1196,0,Low,Random Forest
39652,791,46,2025-09-25 17:01:00,0,0.2797,0,Low,Random Forest
39653,1653,376,2025-09-25 17:05:00,0,0.1183,0,Low,Random Forest
39654,2299,51,2025-09-25 17:10:00,0,0.1349,0,Low,Random Forest
39655,174,42,2025-09-25 17:15:00,0,0.124,0,Low,Random Forest
39656,222,181,2025-09-25 17:22:00,0,0.1686,0,Low,Random Forest
39657,2819,241,2025-09-25 17:27:00,0,0.1106,0,Low,Random Forest
39658,2834,241,2025-09-25 17:37:00,0,0.1179,0,Low,Random Forest
39659,630,159,2025-09-25 17:47:00,0,0.1198,0,Low,Random Forest
39660,821,151,2025-09-25 17:51:00,0,0.1329,0,Low,Random Forest
39661,2600,124,2025-09-25 17:55:00,0,0.1192,0,Low,Random Forest
39662,373,106,2025-09-25 18:00:00,0,0.2704,0,Low,Random Forest
39663,255,370,2025-09-25 18:05:00,0,0.2546,0,Low,Random Forest
39664,2360,259,2025-09-25 18:06:00,0,0.2156,0,Low,Random Forest
39665,1126,3,2025-09-25 18:08:00,0,0.2407,0,Low,Random Forest
39666,976,260,2025-09-25 18:11:00,0,0.1598,0,Low,Random Forest
39667,353,77,2025-09-25 18:12:00,0,0.2451,0,Low,Random Forest
39668,798,49,2025-09-25 18:14:00,0,0.4027,1,Medium,Random Forest
39669,1974,370,2025-09-25 18:14:00,0,0.1946,0,Low,Random Forest
39670,1072,406,2025-09-25 18:15:00,0,0.1803,0,Low,Random Forest
39671,1101,241,2025-09-25 18:21:00,0,0.164,0,Low,Random Forest
39672,1422,241,2025-09-25 18:22:00,0,0.2475,0,Low,Random Forest
39673,2479,262,2025-09-25 18:24:00,1,0.2217,0,Low,Random Forest
39674,137,370,2025-09-25 18:29:00,0,0.1509,0,Low,Random Forest
39675,947,406,2025-09-25 18:39:00,0,0.2295,0,Low,Random Forest
39676,2863,316,2025-09-25 18:39:00,1,0.2241,0,Low,Random Forest
39678,922,226,2025-09-25 18:42:00,0,0.2944,0,Low,Random Forest
39677,1573,51,2025-09-25 18:42:00,0,0.2191,0,Low,Random Forest
39679,171,328,2025-09-25 18:45:00,0,0.1644,0,Low,Random Forest
39680,255,370,2025-09-25 18:47:00,0,0.1615,0,Low,Random Forest
39681,2936,304,2025-09-25 18:48:00,0,0.2558,0,Low,Random Forest
39682,482,252,2025-09-25 18:54:00,0,0.1987,0,Low,Random Forest
39683,113,328,2025-09-25 18:55:00,1,0.1858,0,Low,Random Forest
39684,255,241,2025-09-25 18:55:00,0,0.2219,0,Low,Random Forest
39686,1812,77,2025-09-25 19:10:00,0,0.2263,0,Low,Random Forest
39685,1800,111,2025-09-25 19:10:00,0,0.1812,0,Low,Random Forest
39687,2266,300,2025-09-25 19:16:00,0,0.2435,0,Low,Random Forest
39688,2298,124,2025-09-25 19:18:00,0,0.1823,0,Low,Random Forest
39690,785,3,2025-09-25 19:28:00,1,0.1858,0,Low,Random Forest
39689,1416,363,2025-09-25 19:28:00,0,0.2103,0,Low,Random Forest
39691,2492,181,2025-09-25 19:29:00,0,0.2415,0,Low,Random Forest
39692,1848,241,2025-09-25 19:36:00,0,0.2336,0,Low,Random Forest
39693,1213,180,2025-09-25 19:43:00,0,0.3682,1,Medium,Random Forest
39694,1812,376,2025-09-25 19:45:00,0,0.2133,0,Low,Random Forest
39695,1530,363,2025-09-25 19:56:00,0,0.2423,0,Low,Random Forest
39696,1658,375,2025-09-25 19:57:00,0,0.2562,0,Low,Random Forest
39697,1455,236,2025-09-25 20:04:00,0,0.2062,0,Low,Random Forest
39698,1812,10,2025-09-25 20:07:00,0,0.203,0,Low,Random Forest
39699,160,28,2025-09-25 20:14:00,0,0.1723,0,Low,Random Forest
39700,1586,77,2025-09-25 20:37:00,0,0.1767,0,Low,Random Forest
39701,852,351,2025-09-25 20:52:00,0,0.1859,0,Low,Random Forest
39702,2704,328,2025-09-25 21:11:00,0,0.116,0,Low,Random Forest
39703,2851,402,2025-09-25 21:22:00,0,0.133,0,Low,Random Forest
39704,255,316,2025-09-25 21:24:00,0,0.1063,0,Low,Random Forest
39705,2568,370,2025-09-25 21:29:00,0,0.1382,0,Low,Random Forest
39706,2601,124,2025-09-25 21:44:00,0,0.1255,0,Low,Random Forest
39707,1468,312,2025-09-25 21:45:00,1,0.1208,0,Low,Random Forest
39708,2092,335,2025-09-25 21:59:00,0,0.2945,0,Low,Random Forest
39709,461,82,2025-09-25 22:03:00,0,0.1699,0,Low,Random Forest
39710,1875,154,2025-09-25 22:05:00,0,0.1294,0,Low,Random Forest
39711,1875,142,2025-09-25 22:15:00,0,0.1446,0,Low,Random Forest
39712,2134,370,2025-09-25 22:16:00,0,0.151,0,Low,Random Forest
39713,349,81,2025-09-25 22:24:00,0,0.2803,0,Low,Random Forest
39714,301,363,2025-09-25 23:00:00,0,0.218,0,Low,Random Forest
39715,1101,106,2025-09-26 00:02:00,0,0.1835,0,Low,Random Forest
39716,1812,73,2025-09-26 01:07:00,1,0.2312,0,Low,Random Forest
39717,425,376,2025-09-26 01:44:00,1,0.2012,0,Low,Random Forest
39718,1028,328,2025-09-26 01:46:00,1,0.7821,1,High,Random Forest
39719,255,241,2025-09-26 03:02:00,1,0.237,0,Low,Random Forest
39720,233,296,2025-09-26 03:31:00,1,0.7547,1,High,Random Forest
39721,363,241,2025-09-26 04:21:00,1,0.1801,0,Low,Random Forest
39722,2601,372,2025-09-26 05:01:00,0,0.1439,0,Low,Random Forest
39723,1122,16,2025-09-26 06:07:00,0,0.1465,0,Low,Random Forest
39724,1877,275,2025-09-26 06:14:00,0,0.1328,0,Low,Random Forest
39725,255,306,2025-09-26 06:47:00,0,0.1179,0,Low,Random Forest
39726,255,45,2025-09-26 06:50:00,0,0.1345,0,Low,Random Forest
39727,876,406,2025-09-26 07:01:00,0,0.1274,0,Low,Random Forest
39728,775,316,2025-09-26 07:03:00,0,0.12,0,Low,Random Forest
39729,1604,241,2025-09-26 07:07:00,0,0.1291,0,Low,Random Forest
39730,1352,328,2025-09-26 07:10:00,0,0.1414,0,Low,Random Forest
39731,2936,181,2025-09-26 07:11:00,0,0.1827,0,Low,Random Forest
39732,255,191,2025-09-26 07:17:00,0,0.1343,0,Low,Random Forest
39733,1148,201,2025-09-26 07:18:00,0,0.1288,0,Low,Random Forest
39734,1745,433,2025-09-26 07:19:00,0,0.1414,0,Low,Random Forest
39735,1583,236,2025-09-26 07:22:00,1,0.1409,0,Low,Random Forest
39736,255,102,2025-09-26 07:30:00,0,0.1339,0,Low,Random Forest
39737,293,318,2025-09-26 07:46:00,1,0.2797,0,Low,Random Forest
39738,1101,88,2025-09-26 07:56:00,0,0.1128,0,Low,Random Forest
39739,1496,414,2025-09-26 08:07:00,0,0.2345,0,Low,Random Forest
39740,2180,82,2025-09-26 08:10:00,1,0.2352,0,Low,Random Forest
39741,1101,318,2025-09-26 08:17:00,0,0.355,1,Medium,Random Forest
39742,2296,175,2025-09-26 08:19:00,1,0.1743,0,Low,Random Forest
39743,2906,77,2025-09-26 08:30:00,0,0.2261,0,Low,Random Forest
39745,1371,252,2025-09-26 08:32:00,0,0.1661,0,Low,Random Forest
39744,491,184,2025-09-26 08:32:00,0,0.2533,0,Low,Random Forest
39746,864,370,2025-09-26 08:37:00,0,0.1594,0,Low,Random Forest
39747,255,116,2025-09-26 08:46:00,1,0.2921,0,Low,Random Forest
39748,1578,241,2025-09-26 08:48:00,0,0.2058,0,Low,Random Forest
39749,2732,60,2025-09-26 08:49:00,0,0.2592,0,Low,Random Forest
39750,1837,370,2025-09-26 08:49:00,0,0.2531,0,Low,Random Forest
39751,1896,363,2025-09-26 08:51:00,0,0.1892,0,Low,Random Forest
39752,721,335,2025-09-26 08:59:00,0,0.3796,1,Medium,Random Forest
39753,113,370,2025-09-26 09:00:00,0,0.1616,0,Low,Random Forest
39754,618,48,2025-09-26 09:06:00,1,0.2463,0,Low,Random Forest
39755,641,3,2025-09-26 09:09:00,0,0.2264,0,Low,Random Forest
39756,255,176,2025-09-26 09:10:00,0,0.2544,0,Low,Random Forest
39757,255,363,2025-09-26 09:55:00,0,0.221,0,Low,Random Forest
39758,2826,370,2025-09-26 10:03:00,0,0.1227,0,Low,Random Forest
39759,1039,370,2025-09-26 10:15:00,0,0.1401,0,Low,Random Forest
39760,844,434,2025-09-26 10:19:00,0,0.1275,0,Low,Random Forest
39761,2499,328,2025-09-26 10:21:00,0,0.1169,0,Low,Random Forest
39762,1768,363,2025-09-26 10:28:00,0,0.1607,0,Low,Random Forest
39763,1176,70,2025-09-26 10:40:00,0,0.2412,0,Low,Random Forest
39764,2226,363,2025-09-26 10:44:00,0,0.1277,0,Low,Random Forest
39765,255,406,2025-09-26 10:49:00,0,0.13,0,Low,Random Forest
39766,1986,192,2025-09-26 10:49:00,0,0.1497,0,Low,Random Forest
39767,2150,50,2025-09-26 10:50:00,0,0.1868,0,Low,Random Forest
39768,815,354,2025-09-26 11:01:00,0,0.1763,0,Low,Random Forest
39769,1101,241,2025-09-26 11:07:00,0,0.1182,0,Low,Random Forest
39770,2205,370,2025-09-26 11:12:00,1,0.129,0,Low,Random Forest
39771,2100,370,2025-09-26 11:22:00,0,0.1197,0,Low,Random Forest
39772,2211,376,2025-09-26 11:42:00,0,0.1209,0,Low,Random Forest
39773,1101,340,2025-09-26 11:46:00,0,0.1118,0,Low,Random Forest
39774,585,406,2025-09-26 11:48:00,0,0.1502,0,Low,Random Forest
39775,372,236,2025-09-26 12:06:00,0,0.148,0,Low,Random Forest
39776,1438,70,2025-09-26 12:13:00,1,0.2571,0,Low,Random Forest
39777,158,252,2025-09-26 12:17:00,0,0.1215,0,Low,Random Forest
39778,2961,68,2025-09-26 12:19:00,0,0.1179,0,Low,Random Forest
39779,1101,236,2025-09-26 12:21:00,0,0.1148,0,Low,Random Forest
39780,628,370,2025-09-26 13:07:00,0,0.1244,0,Low,Random Forest
39781,739,275,2025-09-26 13:13:00,0,0.1159,0,Low,Random Forest
39782,659,70,2025-09-26 13:14:00,0,0.2329,0,Low,Random Forest
39783,2851,334,2025-09-26 13:14:00,0,0.1428,0,Low,Random Forest
39784,1848,412,2025-09-26 13:17:00,0,0.2104,0,Low,Random Forest
39785,970,241,2025-09-26 13:25:00,0,0.1734,0,Low,Random Forest
39786,1742,406,2025-09-26 13:27:00,0,0.1206,0,Low,Random Forest
39787,290,181,2025-09-26 13:30:00,0,0.1367,0,Low,Random Forest
39788,2764,241,2025-09-26 13:47:00,0,0.1057,0,Low,Random Forest
39789,1875,376,2025-09-26 14:03:00,0,0.1324,0,Low,Random Forest
39790,1777,187,2025-09-26 14:15:00,0,0.1244,0,Low,Random Forest
39791,255,400,2025-09-26 14:43:00,0,0.1415,0,Low,Random Forest
39792,2499,241,2025-09-26 15:22:00,0,0.1161,0,Low,Random Forest
39793,2691,241,2025-09-26 15:32:00,0,0.1021,0,Low,Random Forest
39794,255,241,2025-09-26 15:38:00,0,0.1424,0,Low,Random Forest
39795,981,435,2025-09-26 15:46:00,0,0.1359,0,Low,Random Forest
39796,1402,159,2025-09-26 15:57:00,0,0.1406,0,Low,Random Forest
39797,2092,318,2025-09-26 16:19:00,1,0.2537,0,Low,Random Forest
39799,277,102,2025-09-26 16:35:00,0,0.1162,0,Low,Random Forest
39798,312,370,2025-09-26 16:35:00,0,0.1422,0,Low,Random Forest
39800,490,130,2025-09-26 16:38:00,0,0.1285,0,Low,Random Forest
39801,823,351,2025-09-26 16:55:00,0,0.1246,0,Low,Random Forest
39802,334,285,2025-09-26 17:07:00,0,0.3687,1,Medium,Random Forest
39803,2222,359,2025-09-26 17:09:00,0,0.1493,0,Low,Random Forest
39804,2691,106,2025-09-26 17:14:00,0,0.1397,0,Low,Random Forest
39805,264,241,2025-09-26 17:27:00,0,0.1193,0,Low,Random Forest
39806,113,11,2025-09-26 17:33:00,0,0.1398,0,Low,Random Forest
39807,1515,136,2025-09-26 17:35:00,0,0.1255,0,Low,Random Forest
39808,1572,370,2025-09-26 17:41:00,0,0.1215,0,Low,Random Forest
39809,2317,409,2025-09-26 17:43:00,0,0.1291,0,Low,Random Forest
39810,651,190,2025-09-26 17:48:00,0,0.2563,0,Low,Random Forest
39811,1922,241,2025-09-26 18:07:00,0,0.1998,0,Low,Random Forest
39812,274,11,2025-09-26 18:10:00,0,0.1829,0,Low,Random Forest
39813,1303,252,2025-09-26 18:11:00,0,0.2048,0,Low,Random Forest
39814,567,375,2025-09-26 18:14:00,0,0.2518,0,Low,Random Forest
39815,159,358,2025-09-26 18:37:00,0,0.1606,0,Low,Random Forest
39816,1966,376,2025-09-26 18:46:00,1,0.2186,0,Low,Random Forest
39817,1880,252,2025-09-26 18:48:00,0,0.1663,0,Low,Random Forest
39818,2577,106,2025-09-26 18:52:00,0,0.1831,0,Low,Random Forest
39819,2818,318,2025-09-26 18:56:00,0,0.3517,1,Medium,Random Forest
39820,1875,318,2025-09-26 19:01:00,1,0.3497,1,Medium,Random Forest
39821,1823,262,2025-09-26 19:03:00,1,0.2702,0,Low,Random Forest
39822,711,370,2025-09-26 19:13:00,1,0.2731,0,Low,Random Forest
39824,113,252,2025-09-26 19:23:00,0,0.1563,0,Low,Random Forest
39823,1455,427,2025-09-26 19:23:00,0,0.2722,0,Low,Random Forest
39825,1572,370,2025-09-26 19:26:00,0,0.2605,0,Low,Random Forest
39826,2499,64,2025-09-26 19:28:00,0,0.1692,0,Low,Random Forest
39827,1875,74,2025-09-26 19:34:00,0,0.2519,0,Low,Random Forest
39828,349,402,2025-09-26 19:41:00,0,0.1915,0,Low,Random Forest
39830,1636,252,2025-09-26 19:53:00,0,0.1647,0,Low,Random Forest
39829,844,316,2025-09-26 19:53:00,0,0.1675,0,Low,Random Forest
39831,776,181,2025-09-26 19:55:00,1,0.7659,1,High,Random Forest
39832,2380,376,2025-09-26 20:01:00,0,0.2045,0,Low,Random Forest
39833,1324,318,2025-09-26 20:02:00,0,0.3452,1,Medium,Random Forest
39834,1150,177,2025-09-26 20:08:00,0,0.2072,0,Low,Random Forest
39835,2092,370,2025-09-26 20:30:00,0,0.1511,0,Low,Random Forest
39836,1101,252,2025-09-26 20:36:00,0,0.1621,0,Low,Random Forest
39837,1126,268,2025-09-26 20:42:00,0,0.2344,0,Low,Random Forest
39838,865,370,2025-09-26 20:47:00,0,0.24,0,Low,Random Forest
39839,2972,259,2025-09-26 20:53:00,0,0.296,0,Low,Random Forest
39840,1101,158,2025-09-26 20:55:00,1,0.2816,0,Low,Random Forest
39841,1055,60,2025-09-26 21:03:00,0,0.1884,0,Low,Random Forest
39842,1689,181,2025-09-26 21:08:00,0,0.1467,0,Low,Random Forest
39843,1812,363,2025-09-26 21:17:00,0,0.1401,0,Low,Random Forest
39844,359,370,2025-09-26 21:22:00,0,0.1374,0,Low,Random Forest
39845,2141,77,2025-09-26 21:27:00,0,0.1146,0,Low,Random Forest
39846,1101,77,2025-09-26 21:53:00,0,0.1139,0,Low,Random Forest
39847,282,370,2025-09-26 21:56:00,0,0.1259,0,Low,Random Forest
39848,2568,42,2025-09-26 21:58:00,0,0.1672,0,Low,Random Forest
39849,2706,38,2025-09-26 22:01:00,0,0.1246,0,Low,Random Forest
39850,525,327,2025-09-26 22:34:00,0,0.1251,0,Low,Random Forest
39851,2005,316,2025-09-26 22:49:00,0,0.1245,0,Low,Random Forest
39852,392,289,2025-09-26 23:15:00,0,0.181,0,Low,Random Forest
39853,242,370,2025-09-26 23:27:00,0,0.1641,0,Low,Random Forest
39854,163,222,2025-09-26 23:30:00,1,0.3435,1,Medium,Random Forest
39855,1135,335,2025-09-26 23:42:00,1,0.3299,1,Medium,Random Forest
39856,1406,217,2025-09-26 23:49:00,0,0.198,0,Low,Random Forest
39857,1089,45,2025-09-27 00:33:00,1,0.2333,0,Low,Random Forest
39858,1101,300,2025-09-27 01:22:00,1,0.2325,0,Low,Random Forest
39859,1507,183,2025-09-27 02:26:00,0,0.225,0,Low,Random Forest
39860,202,323,2025-09-27 02:56:00,0,0.1932,0,Low,Random Forest
39861,2325,241,2025-09-27 03:06:00,0,0.2064,0,Low,Random Forest
39862,591,262,2025-09-27 03:17:00,0,0.1907,0,Low,Random Forest
39863,1101,241,2025-09-27 03:24:00,1,0.1961,0,Low,Random Forest
39864,2758,363,2025-09-27 04:21:00,1,0.1909,0,Low,Random Forest
39865,2107,370,2025-09-27 05:33:00,0,0.1775,0,Low,Random Forest
39866,1800,241,2025-09-27 06:13:00,0,0.1516,0,Low,Random Forest
39867,255,370,2025-09-27 06:17:00,0,0.142,0,Low,Random Forest
39868,1636,241,2025-09-27 06:21:00,0,0.1352,0,Low,Random Forest
39869,255,318,2025-09-27 06:39:00,0,0.3307,1,Medium,Random Forest
39870,2400,268,2025-09-27 06:59:00,0,0.2227,0,Low,Random Forest
39871,2216,116,2025-09-27 07:14:00,0,0.1435,0,Low,Random Forest
39872,2765,256,2025-09-27 07:24:00,0,0.1527,0,Low,Random Forest
39873,414,63,2025-09-27 07:24:00,0,0.1314,0,Low,Random Forest
39874,1875,328,2025-09-27 07:32:00,0,0.1673,0,Low,Random Forest
39875,246,412,2025-09-27 07:45:00,0,0.2527,0,Low,Random Forest
39876,1105,401,2025-09-27 07:46:00,0,0.1638,0,Low,Random Forest
39877,2936,363,2025-09-27 07:50:00,0,0.1372,0,Low,Random Forest
39878,1101,180,2025-09-27 07:51:00,0,0.3258,1,Medium,Random Forest
39879,2789,370,2025-09-27 08:02:00,0,0.2764,0,Low,Random Forest
39880,1101,201,2025-09-27 08:03:00,0,0.2798,0,Low,Random Forest
39881,334,370,2025-09-27 08:07:00,0,0.2819,0,Low,Random Forest
39882,1101,360,2025-09-27 08:10:00,0,0.2105,0,Low,Random Forest
39883,1150,115,2025-09-27 08:13:00,0,0.2196,0,Low,Random Forest
39884,2825,318,2025-09-27 08:23:00,0,0.434,1,Medium,Random Forest
39885,1159,363,2025-09-27 08:26:00,0,0.2131,0,Low,Random Forest
39886,73,106,2025-09-27 08:28:00,0,0.2692,0,Low,Random Forest
39887,1930,370,2025-09-27 08:29:00,0,0.175,0,Low,Random Forest
39888,1914,181,2025-09-27 08:30:00,0,0.2173,0,Low,Random Forest
39889,2226,45,2025-09-27 08:30:00,0,0.288,0,Low,Random Forest
39890,1455,51,2025-09-27 08:35:00,0,0.2726,0,Low,Random Forest
39891,821,376,2025-09-27 08:37:00,0,0.2342,0,Low,Random Forest
39892,2810,241,2025-09-27 08:44:00,0,0.2485,0,Low,Random Forest
39893,2317,181,2025-09-27 08:46:00,0,0.2928,0,Low,Random Forest
39894,2472,363,2025-09-27 08:47:00,1,0.2254,0,Low,Random Forest
39896,2933,208,2025-09-27 08:54:00,0,0.1869,0,Low,Random Forest
39895,1258,363,2025-09-27 08:54:00,0,0.2951,0,Low,Random Forest
39897,1162,275,2025-09-27 09:15:00,1,0.2545,0,Low,Random Forest
39898,255,231,2025-09-27 09:16:00,1,0.7792,1,High,Random Forest
39899,113,275,2025-09-27 09:16:00,0,0.172,0,Low,Random Forest
39900,113,370,2025-09-27 09:43:00,1,0.1705,0,Low,Random Forest
39901,1569,318,2025-09-27 09:50:00,0,0.3651,1,Medium,Random Forest
39902,2986,370,2025-09-27 09:52:00,0,0.2156,0,Low,Random Forest
39903,1101,241,2025-09-27 10:11:00,0,0.1926,0,Low,Random Forest
39904,2735,406,2025-09-27 10:17:00,0,0.1578,0,Low,Random Forest
39905,2869,86,2025-09-27 10:27:00,0,0.141,0,Low,Random Forest
39906,1101,296,2025-09-27 10:36:00,0,0.108,0,Low,Random Forest
39907,255,370,2025-09-27 10:53:00,0,0.1756,0,Low,Random Forest
39908,255,412,2025-09-27 11:08:00,0,0.2437,0,Low,Random Forest
39909,1121,305,2025-09-27 11:22:00,0,0.1482,0,Low,Random Forest
39910,483,376,2025-09-27 11:28:00,0,0.1146,0,Low,Random Forest
39911,434,338,2025-09-27 11:33:00,1,0.154,0,Low,Random Forest
39912,2337,318,2025-09-27 11:48:00,1,0.2891,0,Low,Random Forest
39913,1465,284,2025-09-27 11:55:00,1,0.7568,1,High,Random Forest
39914,1471,335,2025-09-27 12:24:00,1,0.3213,1,Medium,Random Forest
39915,431,51,2025-09-27 12:39:00,0,0.1659,0,Low,Random Forest
39916,148,383,2025-09-27 13:01:00,0,0.2126,0,Low,Random Forest
39917,840,406,2025-09-27 13:19:00,0,0.1595,0,Low,Random Forest
39920,1407,289,2025-09-27 13:44:00,0,0.1406,0,Low,Random Forest
39919,2699,120,2025-09-27 13:44:00,1,0.2069,0,Low,Random Forest
39918,1087,437,2025-09-27 13:44:00,0,0.142,0,Low,Random Forest
39921,51,169,2025-09-27 14:08:00,0,0.1519,0,Low,Random Forest
39922,1866,323,2025-09-27 14:10:00,0,0.1271,0,Low,Random Forest
39923,976,252,2025-09-27 14:14:00,0,0.1271,0,Low,Random Forest
39924,1195,242,2025-09-27 14:17:00,0,0.1834,0,Low,Random Forest
39925,706,356,2025-09-27 14:21:00,0,0.1935,0,Low,Random Forest
39926,1653,363,2025-09-27 14:26:00,0,0.2165,0,Low,Random Forest
39927,2188,370,2025-09-27 14:41:00,0,0.1349,0,Low,Random Forest
39928,255,390,2025-09-27 14:57:00,0,0.138,0,Low,Random Forest
39929,2342,236,2025-09-27 15:06:00,0,0.1247,0,Low,Random Forest
39930,735,252,2025-09-27 15:18:00,1,0.1756,0,Low,Random Forest
39931,113,241,2025-09-27 15:20:00,0,0.1641,0,Low,Random Forest
39932,2080,376,2025-09-27 15:34:00,0,0.1458,0,Low,Random Forest
39933,1629,181,2025-09-27 15:39:00,0,0.145,0,Low,Random Forest
39934,1699,335,2025-09-27 16:05:00,1,0.353,1,Medium,Random Forest
39935,73,363,2025-09-27 16:12:00,0,0.2002,0,Low,Random Forest
39936,452,433,2025-09-27 16:20:00,0,0.1475,0,Low,Random Forest
39937,1911,323,2025-09-27 16:21:00,1,0.1172,0,Low,Random Forest
39938,2501,75,2025-09-27 16:22:00,0,0.153,0,Low,Random Forest
39939,2570,116,2025-09-27 16:30:00,0,0.1803,0,Low,Random Forest
39940,1154,370,2025-09-27 16:31:00,0,0.1192,0,Low,Random Forest
39941,1101,236,2025-09-27 16:33:00,0,0.114,0,Low,Random Forest
39942,1156,328,2025-09-27 17:02:00,0,0.1766,0,Low,Random Forest
39943,1253,370,2025-09-27 17:03:00,0,0.1259,0,Low,Random Forest
39944,1637,77,2025-09-27 17:06:00,0,0.1206,0,Low,Random Forest
39946,2871,433,2025-09-27 17:08:00,0,0.1894,0,Low,Random Forest
39945,651,275,2025-09-27 17:08:00,0,0.1703,0,Low,Random Forest
39947,164,181,2025-09-27 17:08:00,1,0.2271,0,Low,Random Forest
39948,2421,241,2025-09-27 17:23:00,0,0.1277,0,Low,Random Forest
39949,534,231,2025-09-27 17:27:00,1,0.2463,0,Low,Random Forest
39950,1249,241,2025-09-27 17:35:00,0,0.1344,0,Low,Random Forest
39952,1875,362,2025-09-27 17:41:00,1,0.2153,0,Low,Random Forest
39951,1837,260,2025-09-27 17:41:00,0,0.1427,0,Low,Random Forest
39953,359,334,2025-09-27 17:46:00,0,0.1407,0,Low,Random Forest
39954,1618,259,2025-09-27 17:49:00,0,0.1819,0,Low,Random Forest
39955,1362,220,2025-09-27 17:50:00,0,0.2302,0,Low,Random Forest
39956,382,370,2025-09-27 17:53:00,1,0.1558,0,Low,Random Forest
39957,113,318,2025-09-27 18:00:00,1,0.404,1,Medium,Random Forest
39958,1050,86,2025-09-27 18:06:00,0,0.1826,0,Low,Random Forest
39959,1356,88,2025-09-27 18:08:00,1,0.2696,0,Low,Random Forest
39960,2250,181,2025-09-27 18:13:00,0,0.2762,0,Low,Random Forest
39961,2088,370,2025-09-27 18:15:00,0,0.2998,0,Low,Random Forest
39962,1587,429,2025-09-27 18:21:00,1,0.2438,0,Low,Random Forest
39963,929,241,2025-09-27 18:23:00,0,0.3012,1,Medium,Random Forest
39964,255,370,2025-09-27 18:29:00,0,0.303,1,Medium,Random Forest
39965,255,124,2025-09-27 18:29:00,0,0.2531,0,Low,Random Forest
39966,1986,45,2025-09-27 18:36:00,0,0.2669,0,Low,Random Forest
39967,47,31,2025-09-27 18:37:00,0,0.2672,0,Low,Random Forest
39968,2170,143,2025-09-27 18:48:00,0,0.2418,0,Low,Random Forest
39969,255,252,2025-09-27 18:57:00,0,0.2522,0,Low,Random Forest
39970,2875,316,2025-09-27 19:00:00,0,0.2701,0,Low,Random Forest
39971,2860,363,2025-09-27 19:03:00,1,0.231,0,Low,Random Forest
39972,255,192,2025-09-27 19:09:00,0,0.2248,0,Low,Random Forest
39973,2420,252,2025-09-27 19:11:00,0,0.2632,0,Low,Random Forest
39974,1101,262,2025-09-27 19:12:00,0,0.2422,0,Low,Random Forest
39975,163,399,2025-09-27 19:14:00,0,0.274,0,Low,Random Forest
39976,255,241,2025-09-27 19:18:00,0,0.2592,0,Low,Random Forest
39978,1492,241,2025-09-27 19:23:00,0,0.2833,0,Low,Random Forest
39977,815,231,2025-09-27 19:23:00,0,0.3793,1,Medium,Random Forest
39979,2434,252,2025-09-27 19:25:00,1,0.2352,0,Low,Random Forest
39980,2886,241,2025-09-27 19:36:00,1,0.2467,0,Low,Random Forest
39981,2761,103,2025-09-27 19:39:00,0,0.3883,1,Medium,Random Forest
39982,1394,241,2025-09-27 19:43:00,1,0.8168,1,High,Random Forest
39983,113,37,2025-09-27 19:59:00,0,0.389,1,Medium,Random Forest
39984,880,72,2025-09-27 20:05:00,1,0.299,0,Low,Random Forest
39985,2751,370,2025-09-27 20:13:00,0,0.2874,0,Low,Random Forest
39986,2781,84,2025-09-27 20:22:00,0,0.359,1,Medium,Random Forest
39987,2005,335,2025-09-27 20:22:00,0,0.4742,1,Medium,Random Forest
39988,2692,370,2025-09-27 20:40:00,1,0.2922,0,Low,Random Forest
39989,255,425,2025-09-27 20:58:00,0,0.3325,1,Medium,Random Forest
39990,1195,376,2025-09-27 21:26:00,0,0.1575,0,Low,Random Forest
39991,2216,307,2025-09-27 21:27:00,0,0.1787,0,Low,Random Forest
39992,652,241,2025-09-27 21:28:00,1,0.1604,0,Low,Random Forest
39993,1225,433,2025-09-27 21:30:00,0,0.1708,0,Low,Random Forest
39994,1756,338,2025-09-27 21:45:00,0,0.1403,0,Low,Random Forest
39995,1995,159,2025-09-27 22:23:00,0,0.1524,0,Low,Random Forest
39996,855,116,2025-09-27 22:42:00,0,0.1666,0,Low,Random Forest
39997,1101,285,2025-09-27 22:47:00,0,0.3494,1,Medium,Random Forest
39998,1388,181,2025-09-27 22:48:00,0,0.1676,0,Low,Random Forest
39999,1854,337,2025-09-27 22:54:00,0,0.1811,0,Low,Random Forest
40000,1027,376,2025-09-27 23:19:00,0,0.1874,0,Low,Random Forest
40001,1101,376,2025-09-27 23:25:00,0,0.1911,0,Low,Random Forest
40002,2325,370,2025-09-27 23:43:00,0,0.187,0,Low,Random Forest
40003,1770,363,2025-09-27 23:57:00,1,0.2019,0,Low,Random Forest
40004,2304,370,2025-09-28 00:20:00,0,0.2369,0,Low,Random Forest
40005,113,306,2025-09-28 01:16:00,0,0.2254,0,Low,Random Forest
40006,1101,275,2025-09-28 01:26:00,0,0.2392,0,Low,Random Forest
40007,983,88,2025-09-28 02:56:00,0,0.2305,0,Low,Random Forest
40008,789,370,2025-09-28 03:38:00,0,0.2203,0,Low,Random Forest
40009,1043,181,2025-09-28 04:22:00,0,0.1741,0,Low,Random Forest
40010,1126,370,2025-09-28 05:18:00,0,0.2124,0,Low,Random Forest
40011,2178,370,2025-09-28 06:00:00,0,0.1311,0,Low,Random Forest
40012,413,275,2025-09-28 06:05:00,0,0.1776,0,Low,Random Forest
40013,1608,241,2025-09-28 06:14:00,0,0.2366,0,Low,Random Forest
40014,821,370,2025-09-28 06:15:00,0,0.1269,0,Low,Random Forest
40015,2921,124,2025-09-28 06:23:00,0,0.1481,0,Low,Random Forest
40016,2459,400,2025-09-28 06:23:00,0,0.1534,0,Low,Random Forest
40017,255,376,2025-09-28 06:43:00,0,0.1296,0,Low,Random Forest
40018,2616,133,2025-09-28 06:44:00,1,0.8053,1,High,Random Forest
40019,813,318,2025-09-28 06:47:00,0,0.2618,0,Low,Random Forest
40020,821,120,2025-09-28 07:05:00,1,0.2672,0,Low,Random Forest
40021,1877,152,2025-09-28 07:08:00,0,0.1924,0,Low,Random Forest
40022,634,264,2025-09-28 07:14:00,0,0.1625,0,Low,Random Forest
40024,1309,370,2025-09-28 07:14:00,1,0.2308,0,Low,Random Forest
40023,255,241,2025-09-28 07:14:00,0,0.2214,0,Low,Random Forest
40025,2331,275,2025-09-28 07:17:00,0,0.135,0,Low,Random Forest
40026,397,370,2025-09-28 07:26:00,0,0.1598,0,Low,Random Forest
40027,890,360,2025-09-28 07:30:00,0,0.1401,0,Low,Random Forest
40029,1636,50,2025-09-28 07:47:00,1,0.1622,0,Low,Random Forest
40028,163,77,2025-09-28 07:47:00,0,0.1396,0,Low,Random Forest
40030,2107,46,2025-09-28 07:52:00,0,0.3038,1,Medium,Random Forest
40031,2294,370,2025-09-28 07:59:00,0,0.155,0,Low,Random Forest
40032,2499,124,2025-09-28 08:02:00,0,0.2595,0,Low,Random Forest
40033,1101,435,2025-09-28 08:12:00,0,0.2521,0,Low,Random Forest
40034,113,102,2025-09-28 08:18:00,0,0.3104,1,Medium,Random Forest
40035,2872,173,2025-09-28 08:22:00,0,0.4251,1,Medium,Random Forest
40036,1089,77,2025-09-28 08:26:00,0,0.2607,0,Low,Random Forest
40037,2314,260,2025-09-28 08:30:00,0,0.2082,0,Low,Random Forest
40038,2624,316,2025-09-28 08:39:00,0,0.2713,0,Low,Random Forest
40039,724,370,2025-09-28 08:40:00,0,0.2756,0,Low,Random Forest
40040,265,181,2025-09-28 08:42:00,0,0.2734,0,Low,Random Forest
40041,225,412,2025-09-28 08:44:00,0,0.3214,1,Medium,Random Forest
40042,258,252,2025-09-28 08:48:00,1,0.2343,0,Low,Random Forest
40043,1784,289,2025-09-28 08:51:00,1,0.1896,0,Low,Random Forest
40044,113,344,2025-09-28 09:06:00,0,0.2105,0,Low,Random Forest
40045,914,349,2025-09-28 09:10:00,1,0.2683,0,Low,Random Forest
40046,255,241,2025-09-28 09:22:00,0,0.2481,0,Low,Random Forest
40047,1101,370,2025-09-28 09:25:00,1,0.2685,0,Low,Random Forest
40048,2650,288,2025-09-28 09:33:00,0,0.2157,0,Low,Random Forest
40049,312,370,2025-09-28 09:39:00,0,0.1832,0,Low,Random Forest
40050,256,106,2025-09-28 09:57:00,0,0.2749,0,Low,Random Forest
40051,1816,241,2025-09-28 10:09:00,1,0.1988,0,Low,Random Forest
40052,1089,289,2025-09-28 10:12:00,0,0.1488,0,Low,Random Forest
40053,755,277,2025-09-28 10:51:00,0,0.173,0,Low,Random Forest
40054,1101,116,2025-09-28 11:13:00,0,0.1896,0,Low,Random Forest
40055,1636,328,2025-09-28 11:31:00,0,0.2124,0,Low,Random Forest
40056,2501,74,2025-09-28 11:42:00,0,0.1671,0,Low,Random Forest
40057,1101,64,2025-09-28 12:01:00,0,0.1237,0,Low,Random Forest
40058,2671,285,2025-09-28 12:04:00,0,0.4118,1,Medium,Random Forest
40059,1101,370,2025-09-28 12:14:00,0,0.1534,0,Low,Random Forest
40060,2577,370,2025-09-28 12:18:00,0,0.1427,0,Low,Random Forest
40061,2600,335,2025-09-28 12:24:00,0,0.3505,1,Medium,Random Forest
40062,2965,437,2025-09-28 12:28:00,0,0.1804,0,Low,Random Forest
40063,2480,64,2025-09-28 12:32:00,0,0.1314,0,Low,Random Forest
40064,1420,252,2025-09-28 12:57:00,0,0.1422,0,Low,Random Forest
40065,255,316,2025-09-28 12:59:00,0,0.1417,0,Low,Random Forest
40066,1693,252,2025-09-28 13:06:00,0,0.1378,0,Low,Random Forest
40067,919,370,2025-09-28 13:21:00,1,0.1536,0,Low,Random Forest
40068,175,370,2025-09-28 13:23:00,0,0.1312,0,Low,Random Forest
40069,1018,392,2025-09-28 13:25:00,1,0.157,0,Low,Random Forest
40070,2621,51,2025-09-28 13:25:00,0,0.1539,0,Low,Random Forest
40071,2064,390,2025-09-28 13:28:00,0,0.1604,0,Low,Random Forest
40072,255,191,2025-09-28 13:31:00,0,0.1441,0,Low,Random Forest
40073,1150,184,2025-09-28 13:35:00,1,0.151,0,Low,Random Forest
40074,152,323,2025-09-28 13:42:00,0,0.1507,0,Low,Random Forest
40075,1258,376,2025-09-28 13:59:00,0,0.1239,0,Low,Random Forest
40076,525,335,2025-09-28 14:00:00,0,0.2947,0,Low,Random Forest
40077,720,370,2025-09-28 14:02:00,1,0.1961,0,Low,Random Forest
40078,1346,318,2025-09-28 14:11:00,0,0.3366,1,Medium,Random Forest
40079,1482,241,2025-09-28 14:22:00,0,0.2093,0,Low,Random Forest
40080,1233,376,2025-09-28 14:29:00,0,0.205,0,Low,Random Forest
40081,1742,275,2025-09-28 14:34:00,0,0.1742,0,Low,Random Forest
40082,2180,406,2025-09-28 14:40:00,0,0.1339,0,Low,Random Forest
40083,685,147,2025-09-28 15:06:00,0,0.1564,0,Low,Random Forest
40084,255,280,2025-09-28 15:16:00,1,0.1203,0,Low,Random Forest
40085,255,370,2025-09-28 15:21:00,0,0.1259,0,Low,Random Forest
40086,1150,330,2025-09-28 15:41:00,0,0.3432,1,Medium,Random Forest
40087,2704,252,2025-09-28 15:47:00,0,0.1166,0,Low,Random Forest
40088,1875,252,2025-09-28 16:05:00,0,0.1193,0,Low,Random Forest
40089,6,406,2025-09-28 16:12:00,0,0.1311,0,Low,Random Forest
40090,743,318,2025-09-28 16:30:00,0,0.3791,1,Medium,Random Forest
40091,894,393,2025-09-28 16:32:00,0,0.1669,0,Low,Random Forest
40092,2459,350,2025-09-28 16:41:00,0,0.1396,0,Low,Random Forest
40093,2637,418,2025-09-28 16:42:00,0,0.1535,0,Low,Random Forest
40094,434,116,2025-09-28 16:53:00,0,0.171,0,Low,Random Forest
40095,1653,296,2025-09-28 16:54:00,0,0.1336,0,Low,Random Forest
40096,1101,98,2025-09-28 16:55:00,0,0.1521,0,Low,Random Forest
40097,2997,305,2025-09-28 16:59:00,1,0.7835,1,High,Random Forest
40098,255,318,2025-09-28 17:00:00,1,0.2787,0,Low,Random Forest
40099,1966,241,2025-09-28 17:03:00,0,0.1233,0,Low,Random Forest
40100,2011,376,2025-09-28 17:12:00,0,0.1699,0,Low,Random Forest
40101,2071,48,2025-09-28 17:14:00,0,0.2249,0,Low,Random Forest
40102,1517,318,2025-09-28 17:17:00,0,0.277,0,Low,Random Forest
40103,1501,252,2025-09-28 17:23:00,0,0.1265,0,Low,Random Forest
40104,2749,74,2025-09-28 17:23:00,0,0.1664,0,Low,Random Forest
40105,2886,77,2025-09-28 17:26:00,0,0.1407,0,Low,Random Forest
40106,2170,289,2025-09-28 17:31:00,0,0.1424,0,Low,Random Forest
40107,397,262,2025-09-28 17:31:00,0,0.1455,0,Low,Random Forest
40108,648,370,2025-09-28 17:43:00,0,0.1304,0,Low,Random Forest
40109,1101,86,2025-09-28 17:50:00,0,0.158,0,Low,Random Forest
40110,113,241,2025-09-28 17:55:00,1,0.1282,0,Low,Random Forest
40111,2696,423,2025-09-28 17:55:00,0,0.221,0,Low,Random Forest
40112,134,426,2025-09-28 17:56:00,0,0.1849,0,Low,Random Forest
40113,36,398,2025-09-28 18:01:00,0,0.1976,0,Low,Random Forest
40114,1274,225,2025-09-28 18:04:00,0,0.2427,0,Low,Random Forest
40115,2325,376,2025-09-28 18:11:00,0,0.2676,0,Low,Random Forest
40116,544,260,2025-09-28 18:12:00,0,0.2623,0,Low,Random Forest
40117,799,296,2025-09-28 18:15:00,0,0.203,0,Low,Random Forest
40118,2642,74,2025-09-28 18:16:00,0,0.2426,0,Low,Random Forest
40119,1848,309,2025-09-28 18:19:00,0,0.268,0,Low,Random Forest
40120,1384,425,2025-09-28 18:22:00,1,0.4042,1,Medium,Random Forest
40121,49,274,2025-09-28 18:29:00,1,0.3012,1,Medium,Random Forest
40122,641,252,2025-09-28 18:35:00,0,0.226,0,Low,Random Forest
40125,2226,370,2025-09-28 18:44:00,1,0.2328,0,Low,Random Forest
40123,929,370,2025-09-28 18:44:00,0,0.3079,1,Medium,Random Forest
40124,1636,260,2025-09-28 18:44:00,0,0.2,0,Low,Random Forest
40126,1758,365,2025-09-28 18:49:00,1,0.821,1,High,Random Forest
40127,1101,318,2025-09-28 18:52:00,1,0.4577,1,Medium,Random Forest
40128,2994,252,2025-09-28 18:53:00,1,0.2448,0,Low,Random Forest
40129,2699,422,2025-09-28 19:05:00,0,0.2562,0,Low,Random Forest
40130,2161,252,2025-09-28 19:07:00,0,0.1784,0,Low,Random Forest
40131,1914,335,2025-09-28 19:15:00,0,0.4789,1,Medium,Random Forest
40132,1996,296,2025-09-28 19:23:00,0,0.2044,0,Low,Random Forest
40133,2448,328,2025-09-28 19:28:00,1,0.2741,0,Low,Random Forest
40134,2961,198,2025-09-28 19:36:00,1,0.2671,0,Low,Random Forest
40135,1653,88,2025-09-28 19:38:00,1,0.2156,0,Low,Random Forest
40136,2267,370,2025-09-28 19:46:00,1,0.2881,0,Low,Random Forest
40137,88,370,2025-09-28 19:50:00,0,0.2966,0,Low,Random Forest
40138,627,176,2025-09-28 20:00:00,0,0.2434,0,Low,Random Forest
40139,255,241,2025-09-28 20:01:00,0,0.2986,0,Low,Random Forest
40140,588,307,2025-09-28 20:04:00,0,0.3007,1,Medium,Random Forest
40141,1636,370,2025-09-28 20:20:00,0,0.2916,0,Low,Random Forest
40142,113,433,2025-09-28 20:26:00,1,0.3025,1,Medium,Random Forest
40143,525,241,2025-09-28 20:27:00,0,0.1656,0,Low,Random Forest
40144,207,181,2025-09-28 20:29:00,0,0.2939,0,Low,Random Forest
40146,1847,429,2025-09-28 20:33:00,1,0.2445,0,Low,Random Forest
40145,1608,252,2025-09-28 20:33:00,0,0.2607,0,Low,Random Forest
40147,1944,252,2025-09-28 20:34:00,0,0.2298,0,Low,Random Forest
40148,2251,370,2025-09-28 20:48:00,1,0.3019,1,Medium,Random Forest
40149,604,55,2025-09-28 21:00:00,0,0.1603,0,Low,Random Forest
40150,255,354,2025-09-28 21:05:00,0,0.1596,0,Low,Random Forest
40151,2145,185,2025-09-28 21:07:00,0,0.3472,1,Medium,Random Forest
40152,113,370,2025-09-28 21:20:00,0,0.1474,0,Low,Random Forest
40153,1194,108,2025-09-28 21:21:00,0,0.1424,0,Low,Random Forest
40154,232,370,2025-09-28 21:23:00,0,0.1436,0,Low,Random Forest
40155,985,201,2025-09-28 21:36:00,0,0.1695,0,Low,Random Forest
40156,2532,316,2025-09-28 21:37:00,0,0.1287,0,Low,Random Forest
40157,821,335,2025-09-28 21:46:00,0,0.3372,1,Medium,Random Forest
40158,1875,370,2025-09-28 21:53:00,0,0.1518,0,Low,Random Forest
40159,1101,334,2025-09-28 21:58:00,0,0.1453,0,Low,Random Forest
40160,2600,124,2025-09-28 22:04:00,0,0.1378,0,Low,Random Forest
40161,821,77,2025-09-28 22:07:00,0,0.15,0,Low,Random Forest
40162,19,371,2025-09-28 22:11:00,0,0.171,0,Low,Random Forest
40163,1862,260,2025-09-28 22:28:00,0,0.1325,0,Low,Random Forest
40164,2380,262,2025-09-28 22:48:00,0,0.1608,0,Low,Random Forest
40165,813,387,2025-09-28 23:18:00,1,0.1794,0,Low,Random Forest
40166,1706,241,2025-09-28 23:24:00,0,0.1646,0,Low,Random Forest
40167,2688,370,2025-09-28 23:56:00,0,0.1912,0,Low,Random Forest
40168,1089,241,2025-09-29 02:03:00,0,0.1723,0,Low,Random Forest
40169,1303,402,2025-09-29 02:48:00,1,0.7732,1,High,Random Forest
40170,254,335,2025-09-29 02:55:00,0,0.3217,1,Medium,Random Forest
40171,258,363,2025-09-29 03:16:00,0,0.1806,0,Low,Random Forest
40172,233,449,2025-09-29 03:43:00,1,0.2483,0,Low,Random Forest
40173,2317,376,2025-09-29 04:09:00,1,0.1578,0,Low,Random Forest
40174,2962,260,2025-09-29 05:35:00,0,0.1398,0,Low,Random Forest
40175,2601,275,2025-09-29 05:48:00,0,0.1179,0,Low,Random Forest
40177,2255,208,2025-09-29 06:14:00,0,0.1327,0,Low,Random Forest
40176,1087,273,2025-09-29 06:14:00,0,0.1298,0,Low,Random Forest
40178,1105,262,2025-09-29 06:27:00,0,0.1262,0,Low,Random Forest
40179,1848,433,2025-09-29 06:31:00,0,0.1344,0,Low,Random Forest
40180,2170,241,2025-09-29 06:34:00,0,0.1381,0,Low,Random Forest
40181,255,383,2025-09-29 06:48:00,0,0.131,0,Low,Random Forest
40182,1850,363,2025-09-29 06:59:00,1,0.7559,1,High,Random Forest
40183,1932,363,2025-09-29 07:02:00,0,0.1479,0,Low,Random Forest
40184,255,202,2025-09-29 07:25:00,0,0.1487,0,Low,Random Forest
40185,653,252,2025-09-29 07:34:00,0,0.1199,0,Low,Random Forest
40186,883,370,2025-09-29 07:40:00,0,0.1262,0,Low,Random Forest
40187,113,187,2025-09-29 07:50:00,0,0.1334,0,Low,Random Forest
40188,687,11,2025-09-29 07:50:00,0,0.1293,0,Low,Random Forest
40189,1893,376,2025-09-29 07:50:00,0,0.1188,0,Low,Random Forest
40190,163,252,2025-09-29 07:55:00,0,0.1345,0,Low,Random Forest
40191,1225,326,2025-09-29 07:58:00,0,0.1403,0,Low,Random Forest
40192,121,74,2025-09-29 08:04:00,1,0.7487,1,High,Random Forest
40194,1768,316,2025-09-29 08:05:00,0,0.2541,0,Low,Random Forest
40193,487,381,2025-09-29 08:05:00,0,0.3756,1,Medium,Random Forest
40195,1784,390,2025-09-29 08:06:00,1,0.2517,0,Low,Random Forest
40196,1039,88,2025-09-29 08:06:00,0,0.2344,0,Low,Random Forest
40197,1101,370,2025-09-29 08:10:00,1,0.2478,0,Low,Random Forest
40198,1866,309,2025-09-29 08:21:00,0,0.2344,0,Low,Random Forest
40199,771,241,2025-09-29 08:22:00,0,0.1742,0,Low,Random Forest
40200,1742,370,2025-09-29 08:26:00,1,0.2236,0,Low,Random Forest
40201,1630,181,2025-09-29 08:28:00,0,0.2012,0,Low,Random Forest
40202,755,400,2025-09-29 08:48:00,1,0.3095,1,Medium,Random Forest
40203,1917,442,2025-09-29 08:50:00,0,0.235,0,Low,Random Forest
40204,739,242,2025-09-29 08:51:00,0,0.2233,0,Low,Random Forest
40205,1253,330,2025-09-29 08:53:00,1,0.4689,1,Medium,Random Forest
40206,2036,224,2025-09-29 08:54:00,0,0.3263,1,Medium,Random Forest
40207,353,363,2025-09-29 08:58:00,0,0.215,0,Low,Random Forest
40208,2256,259,2025-09-29 09:27:00,0,0.2079,0,Low,Random Forest
40209,912,383,2025-09-29 09:38:00,0,0.1616,0,Low,Random Forest
40210,312,77,2025-09-29 09:40:00,1,0.2533,0,Low,Random Forest
40211,2881,88,2025-09-29 09:44:00,0,0.1728,0,Low,Random Forest
40212,2397,70,2025-09-29 10:15:00,0,0.221,0,Low,Random Forest
40213,472,205,2025-09-29 10:29:00,0,0.1404,0,Low,Random Forest
40214,824,77,2025-09-29 10:39:00,0,0.1367,0,Low,Random Forest
40215,334,159,2025-09-29 10:48:00,0,0.1368,0,Low,Random Forest
40216,922,370,2025-09-29 10:53:00,0,0.1308,0,Low,Random Forest
40217,1870,406,2025-09-29 11:03:00,0,0.1269,0,Low,Random Forest
40218,2725,406,2025-09-29 11:10:00,1,0.1382,0,Low,Random Forest
40219,2104,67,2025-09-29 11:30:00,0,0.1503,0,Low,Random Forest
40221,1101,376,2025-09-29 12:02:00,1,0.1199,0,Low,Random Forest
40220,1880,159,2025-09-29 12:02:00,0,0.1398,0,Low,Random Forest
40222,880,307,2025-09-29 12:05:00,0,0.1883,0,Low,Random Forest
40223,255,412,2025-09-29 12:13:00,0,0.1851,0,Low,Random Forest
40224,334,318,2025-09-29 12:15:00,0,0.2838,0,Low,Random Forest
40225,2070,376,2025-09-29 12:16:00,0,0.1365,0,Low,Random Forest
40227,254,306,2025-09-29 12:22:00,0,0.1404,0,Low,Random Forest
40226,219,63,2025-09-29 12:22:00,0,0.1258,0,Low,Random Forest
40229,1101,370,2025-09-29 12:25:00,0,0.1385,0,Low,Random Forest
40228,477,355,2025-09-29 12:25:00,0,0.1618,0,Low,Random Forest
40230,258,370,2025-09-29 12:30:00,1,0.1275,0,Low,Random Forest
40231,467,236,2025-09-29 12:33:00,0,0.1516,0,Low,Random Forest
40232,389,68,2025-09-29 12:40:00,0,0.1267,0,Low,Random Forest
40233,2733,318,2025-09-29 12:41:00,0,0.2906,0,Low,Random Forest
40235,255,99,2025-09-29 12:42:00,0,0.2127,0,Low,Random Forest
40234,2997,181,2025-09-29 12:42:00,0,0.1344,0,Low,Random Forest
40236,312,77,2025-09-29 12:43:00,0,0.1154,0,Low,Random Forest
40237,2691,132,2025-09-29 12:48:00,1,0.1241,0,Low,Random Forest
40238,2251,262,2025-09-29 12:52:00,0,0.1107,0,Low,Random Forest
40239,2691,387,2025-09-29 12:59:00,0,0.1402,0,Low,Random Forest
40240,1389,180,2025-09-29 13:16:00,0,0.2641,0,Low,Random Forest
40241,1540,226,2025-09-29 13:17:00,0,0.1408,0,Low,Random Forest
40242,1864,376,2025-09-29 13:21:00,0,0.1156,0,Low,Random Forest
40243,2369,176,2025-09-29 14:44:00,0,0.1281,0,Low,Random Forest
40244,866,241,2025-09-29 14:51:00,0,0.138,0,Low,Random Forest
40245,2936,181,2025-09-29 14:53:00,1,0.7656,1,High,Random Forest
40246,2045,201,2025-09-29 15:02:00,0,0.2158,0,Low,Random Forest
40247,2691,46,2025-09-29 15:02:00,0,0.2696,0,Low,Random Forest
40248,2107,316,2025-09-29 15:02:00,0,0.13,0,Low,Random Forest
40249,1738,45,2025-09-29 15:03:00,0,0.1441,0,Low,Random Forest
40250,561,316,2025-09-29 15:05:00,0,0.1094,0,Low,Random Forest
40251,515,312,2025-09-29 15:17:00,0,0.1248,0,Low,Random Forest
40252,1101,401,2025-09-29 15:30:00,0,0.1173,0,Low,Random Forest
40253,803,241,2025-09-29 15:38:00,1,0.1169,0,Low,Random Forest
40254,1652,390,2025-09-29 15:40:00,0,0.1424,0,Low,Random Forest
40256,2818,370,2025-09-29 15:46:00,0,0.1299,0,Low,Random Forest
40255,1930,252,2025-09-29 15:46:00,0,0.1303,0,Low,Random Forest
40257,2642,376,2025-09-29 15:50:00,0,0.1268,0,Low,Random Forest
40258,123,242,2025-09-29 15:51:00,0,0.1873,0,Low,Random Forest
40259,1742,370,2025-09-29 16:13:00,0,0.1156,0,Low,Random Forest
40260,113,235,2025-09-29 16:15:00,0,0.1259,0,Low,Random Forest
40261,2316,441,2025-09-29 16:21:00,0,0.1241,0,Low,Random Forest
40262,1101,93,2025-09-29 16:33:00,0,0.1206,0,Low,Random Forest
40263,2600,370,2025-09-29 16:35:00,0,0.1135,0,Low,Random Forest
40264,814,241,2025-09-29 16:56:00,0,0.125,0,Low,Random Forest
40265,1727,406,2025-09-29 17:07:00,1,0.1396,0,Low,Random Forest
40266,2227,241,2025-09-29 17:10:00,0,0.1237,0,Low,Random Forest
40267,255,16,2025-09-29 17:15:00,0,0.1479,0,Low,Random Forest
40268,1105,60,2025-09-29 17:20:00,0,0.1534,0,Low,Random Forest
40269,1089,155,2025-09-29 17:39:00,0,0.145,0,Low,Random Forest
40270,156,181,2025-09-29 17:41:00,0,0.1384,0,Low,Random Forest
40271,865,442,2025-09-29 17:45:00,0,0.1351,0,Low,Random Forest
40272,1653,316,2025-09-29 17:52:00,1,0.1238,0,Low,Random Forest
40273,2854,106,2025-09-29 17:53:00,1,0.1324,0,Low,Random Forest
40274,1875,370,2025-09-29 17:53:00,1,0.1211,0,Low,Random Forest
40275,2630,41,2025-09-29 17:55:00,0,0.1286,0,Low,Random Forest
40276,482,309,2025-09-29 18:03:00,0,0.2012,0,Low,Random Forest
40277,2192,344,2025-09-29 18:05:00,0,0.1603,0,Low,Random Forest
40278,2824,106,2025-09-29 18:06:00,0,0.2379,0,Low,Random Forest
40279,255,259,2025-09-29 18:10:00,0,0.2637,0,Low,Random Forest
40280,1719,86,2025-09-29 18:10:00,0,0.1901,0,Low,Random Forest
40281,403,375,2025-09-29 18:12:00,0,0.3261,1,Medium,Random Forest
40282,25,220,2025-09-29 18:32:00,0,0.3347,1,Medium,Random Forest
40283,2299,159,2025-09-29 18:43:00,1,0.2636,0,Low,Random Forest
40284,113,370,2025-09-29 18:45:00,0,0.1664,0,Low,Random Forest
40285,1583,292,2025-09-29 18:46:00,1,0.244,0,Low,Random Forest
40286,255,370,2025-09-29 18:49:00,1,0.2251,0,Low,Random Forest
40287,171,318,2025-09-29 18:53:00,0,0.3266,1,Medium,Random Forest
40288,1649,376,2025-09-29 19:01:00,0,0.1753,0,Low,Random Forest
40289,2499,116,2025-09-29 19:06:00,0,0.2254,0,Low,Random Forest
40290,312,351,2025-09-29 19:08:00,0,0.2642,0,Low,Random Forest
40291,1552,381,2025-09-29 19:13:00,1,0.4069,1,Medium,Random Forest
40292,1710,259,2025-09-29 19:15:00,1,0.2611,0,Low,Random Forest
40293,2216,334,2025-09-29 19:15:00,0,0.1671,0,Low,Random Forest
40294,2936,275,2025-09-29 19:16:00,0,0.1672,0,Low,Random Forest
40295,1875,124,2025-09-29 19:20:00,0,0.1787,0,Low,Random Forest
40296,403,440,2025-09-29 19:35:00,0,0.4827,1,Medium,Random Forest
40297,1962,370,2025-09-29 19:36:00,0,0.2305,0,Low,Random Forest
40298,2499,252,2025-09-29 19:37:00,0,0.1712,0,Low,Random Forest
40299,864,296,2025-09-29 19:40:00,0,0.16,0,Low,Random Forest
40300,2406,318,2025-09-29 19:50:00,0,0.352,1,Medium,Random Forest
40301,2489,159,2025-09-29 19:58:00,1,0.2313,0,Low,Random Forest
40302,659,363,2025-09-29 20:02:00,0,0.1837,0,Low,Random Forest
40303,2824,102,2025-09-29 20:11:00,0,0.2389,0,Low,Random Forest
40305,2112,387,2025-09-29 20:17:00,1,0.2667,0,Low,Random Forest
40304,2997,280,2025-09-29 20:17:00,0,0.2049,0,Low,Random Forest
40306,113,370,2025-09-29 20:55:00,0,0.2039,0,Low,Random Forest
40307,2311,376,2025-09-29 21:11:00,1,0.1266,0,Low,Random Forest
40308,1812,63,2025-09-29 21:28:00,0,0.1331,0,Low,Random Forest
40309,255,300,2025-09-29 21:32:00,0,0.1229,0,Low,Random Forest
40310,219,349,2025-09-29 21:55:00,1,0.1331,0,Low,Random Forest
40311,1508,370,2025-09-29 22:06:00,1,0.1325,0,Low,Random Forest
40312,165,262,2025-09-29 22:22:00,0,0.1192,0,Low,Random Forest
40313,2170,296,2025-09-29 22:30:00,0,0.1149,0,Low,Random Forest
40314,1089,370,2025-09-29 22:30:00,0,0.119,0,Low,Random Forest
40315,2294,116,2025-09-29 22:31:00,0,0.1398,0,Low,Random Forest
40316,2616,438,2025-09-29 22:40:00,0,0.2253,0,Low,Random Forest
40317,2886,252,2025-09-29 22:43:00,0,0.1245,0,Low,Random Forest
40318,890,351,2025-09-29 23:14:00,0,0.1651,0,Low,Random Forest
40319,2842,88,2025-09-29 23:35:00,0,0.1634,0,Low,Random Forest
40320,255,21,2025-09-29 23:59:00,1,0.1517,0,Low,Random Forest
40321,2180,252,2025-09-30 01:58:00,0,0.1854,0,Low,Random Forest
40322,2801,275,2025-09-30 04:52:00,0,0.1726,0,Low,Random Forest
40323,2254,441,2025-09-30 05:00:00,0,0.1432,0,Low,Random Forest
40324,1150,370,2025-09-30 05:03:00,0,0.1203,0,Low,Random Forest
40325,254,70,2025-09-30 05:04:00,0,0.2519,0,Low,Random Forest
40326,2276,339,2025-09-30 05:20:00,0,0.1437,0,Low,Random Forest
40327,1875,260,2025-09-30 05:31:00,0,0.1357,0,Low,Random Forest
40328,1636,275,2025-09-30 06:01:00,0,0.1403,0,Low,Random Forest
40329,2512,370,2025-09-30 06:04:00,1,0.1177,0,Low,Random Forest
40330,1875,178,2025-09-30 06:18:00,0,0.1804,0,Low,Random Forest
40331,113,108,2025-09-30 06:33:00,0,0.1442,0,Low,Random Forest
40332,2383,65,2025-09-30 06:36:00,0,0.1659,0,Low,Random Forest
40333,2317,370,2025-09-30 06:49:00,0,0.1236,0,Low,Random Forest
40334,1316,241,2025-09-30 07:00:00,0,0.1427,0,Low,Random Forest
40335,2731,318,2025-09-30 07:03:00,0,0.2614,0,Low,Random Forest
40336,1225,363,2025-09-30 07:16:00,0,0.1277,0,Low,Random Forest
40337,1326,360,2025-09-30 07:19:00,0,0.1575,0,Low,Random Forest
40338,163,332,2025-09-30 07:19:00,1,0.1205,0,Low,Random Forest
40339,2251,252,2025-09-30 07:20:00,0,0.126,0,Low,Random Forest
40340,2457,355,2025-09-30 07:25:00,1,0.1626,0,Low,Random Forest
40341,255,370,2025-09-30 07:25:00,0,0.1164,0,Low,Random Forest
40342,1540,427,2025-09-30 07:28:00,0,0.1495,0,Low,Random Forest
40343,440,328,2025-09-30 07:37:00,0,0.141,0,Low,Random Forest
40344,2511,316,2025-09-30 07:38:00,0,0.1407,0,Low,Random Forest
40345,1351,428,2025-09-30 07:39:00,0,0.1264,0,Low,Random Forest
40346,2640,259,2025-09-30 07:40:00,0,0.1331,0,Low,Random Forest
40347,231,220,2025-09-30 07:49:00,0,0.309,1,Medium,Random Forest
40348,1101,318,2025-09-30 07:51:00,0,0.2931,0,Low,Random Forest
40349,2867,351,2025-09-30 07:52:00,0,0.1277,0,Low,Random Forest
40350,255,31,2025-09-30 08:02:00,0,0.1735,0,Low,Random Forest
40351,255,72,2025-09-30 08:08:00,0,0.2771,0,Low,Random Forest
40352,148,405,2025-09-30 08:10:00,0,0.1829,0,Low,Random Forest
40353,1875,275,2025-09-30 08:11:00,1,0.2086,0,Low,Random Forest
40354,1096,433,2025-09-30 08:19:00,1,0.2297,0,Low,Random Forest
40355,255,406,2025-09-30 08:26:00,0,0.2066,0,Low,Random Forest
40356,2758,371,2025-09-30 08:27:00,0,0.2599,0,Low,Random Forest
40357,312,316,2025-09-30 08:28:00,0,0.1716,0,Low,Random Forest
40358,895,296,2025-09-30 08:36:00,0,0.224,0,Low,Random Forest
40359,2209,11,2025-09-30 08:44:00,1,0.2602,0,Low,Random Forest
40360,450,370,2025-09-30 08:47:00,0,0.1557,0,Low,Random Forest
40361,255,262,2025-09-30 08:51:00,0,0.1492,0,Low,Random Forest
40362,1101,252,2025-09-30 09:01:00,0,0.1888,0,Low,Random Forest
40363,2171,376,2025-09-30 09:05:00,1,0.1585,0,Low,Random Forest
40364,51,241,2025-09-30 09:10:00,1,0.1761,0,Low,Random Forest
40365,1848,370,2025-09-30 09:13:00,1,0.243,0,Low,Random Forest
40366,533,370,2025-09-30 09:15:00,0,0.247,0,Low,Random Forest
40367,2172,181,2025-09-30 09:16:00,0,0.2413,0,Low,Random Forest
40368,588,376,2025-09-30 09:23:00,0,0.1552,0,Low,Random Forest
40369,1101,316,2025-09-30 09:28:00,0,0.1905,0,Low,Random Forest
40372,1321,219,2025-09-30 09:32:00,0,0.2802,0,Low,Random Forest
40370,1875,45,2025-09-30 09:32:00,0,0.2106,0,Low,Random Forest
40371,2337,427,2025-09-30 09:32:00,0,0.2159,0,Low,Random Forest
40373,1877,376,2025-09-30 09:36:00,0,0.1672,0,Low,Random Forest
40374,1653,323,2025-09-30 09:42:00,0,0.2781,0,Low,Random Forest
40375,291,429,2025-09-30 09:43:00,0,0.2022,0,Low,Random Forest
40376,1059,375,2025-09-30 09:47:00,0,0.2116,0,Low,Random Forest
40377,434,426,2025-09-30 09:50:00,0,0.1951,0,Low,Random Forest
40378,1225,187,2025-09-30 09:51:00,1,0.1957,0,Low,Random Forest
40379,255,296,2025-09-30 09:52:00,0,0.1898,0,Low,Random Forest
40380,1961,45,2025-09-30 09:58:00,0,0.2644,0,Low,Random Forest
40381,255,45,2025-09-30 10:01:00,0,0.1384,0,Low,Random Forest
40382,1687,312,2025-09-30 10:05:00,0,0.1876,0,Low,Random Forest
40383,219,318,2025-09-30 10:16:00,1,0.333,1,Medium,Random Forest
40384,1707,376,2025-09-30 10:29:00,0,0.1449,0,Low,Random Forest
40385,2172,370,2025-09-30 10:35:00,0,0.1186,0,Low,Random Forest
40386,407,77,2025-09-30 10:41:00,0,0.1292,0,Low,Random Forest
40387,403,4,2025-09-30 10:44:00,0,0.2785,0,Low,Random Forest
40388,113,181,2025-09-30 10:49:00,1,0.1445,0,Low,Random Forest
40389,433,370,2025-09-30 10:52:00,0,0.1276,0,Low,Random Forest
40390,2589,181,2025-09-30 10:54:00,0,0.1375,0,Low,Random Forest
40391,1812,162,2025-09-30 10:55:00,0,0.1458,0,Low,Random Forest
40392,432,241,2025-09-30 11:01:00,0,0.1155,0,Low,Random Forest
40393,2256,226,2025-09-30 11:11:00,1,0.1274,0,Low,Random Forest
40395,171,433,2025-09-30 11:15:00,0,0.13,0,Low,Random Forest
40394,55,262,2025-09-30 11:15:00,0,0.1229,0,Low,Random Forest
40396,659,275,2025-09-30 11:35:00,0,0.121,0,Low,Random Forest
40397,612,181,2025-09-30 11:44:00,1,0.1552,0,Low,Random Forest
40398,291,3,2025-09-30 11:50:00,0,0.1246,0,Low,Random Forest
40399,1101,5,2025-09-30 11:51:00,0,0.1239,0,Low,Random Forest
40400,1986,120,2025-09-30 11:56:00,1,0.1777,0,Low,Random Forest
40401,1101,335,2025-09-30 12:20:00,0,0.2802,0,Low,Random Forest
40402,1629,157,2025-09-30 12:22:00,0,0.1406,0,Low,Random Forest
40403,1138,133,2025-09-30 12:41:00,0,0.3864,1,Medium,Random Forest
40404,1815,181,2025-09-30 12:52:00,0,0.1616,0,Low,Random Forest
40405,1933,318,2025-09-30 12:56:00,0,0.3212,1,Medium,Random Forest
40406,53,236,2025-09-30 13:04:00,1,0.1335,0,Low,Random Forest
40407,1500,426,2025-09-30 13:12:00,0,0.1484,0,Low,Random Forest
40408,626,285,2025-09-30 14:12:00,1,0.3042,1,Medium,Random Forest
40409,2267,311,2025-09-30 14:20:00,0,0.1488,0,Low,Random Forest
40410,689,435,2025-09-30 14:34:00,0,0.1655,0,Low,Random Forest
40411,255,183,2025-09-30 14:41:00,0,0.1281,0,Low,Random Forest
40412,1989,231,2025-09-30 14:47:00,1,0.2297,0,Low,Random Forest
40413,1416,152,2025-09-30 14:49:00,0,0.1346,0,Low,Random Forest
40414,821,247,2025-09-30 14:56:00,0,0.1603,0,Low,Random Forest
40415,2256,159,2025-09-30 15:14:00,0,0.1214,0,Low,Random Forest
40416,807,389,2025-09-30 15:19:00,0,0.1251,0,Low,Random Forest
40417,255,376,2025-09-30 15:28:00,0,0.1274,0,Low,Random Forest
40418,163,194,2025-09-30 15:38:00,0,0.1337,0,Low,Random Forest
40419,1225,260,2025-09-30 15:54:00,0,0.1092,0,Low,Random Forest
40420,207,363,2025-09-30 15:59:00,0,0.1347,0,Low,Random Forest
40421,82,370,2025-09-30 16:01:00,0,0.1168,0,Low,Random Forest
40422,113,363,2025-09-30 16:12:00,1,0.1281,0,Low,Random Forest
40423,1913,387,2025-09-30 16:25:00,0,0.1293,0,Low,Random Forest
40424,1101,181,2025-09-30 16:28:00,0,0.1405,0,Low,Random Forest
40425,1914,161,2025-09-30 16:34:00,0,0.1924,0,Low,Random Forest
40426,2226,51,2025-09-30 16:41:00,0,0.1212,0,Low,Random Forest
40427,1482,187,2025-09-30 16:47:00,0,0.1429,0,Low,Random Forest
40428,2255,336,2025-09-30 16:55:00,0,0.1154,0,Low,Random Forest
40429,739,55,2025-09-30 17:02:00,0,0.1217,0,Low,Random Forest
40430,1636,225,2025-09-30 17:03:00,0,0.124,0,Low,Random Forest
40431,167,363,2025-09-30 17:14:00,0,0.1478,0,Low,Random Forest
40432,1481,370,2025-09-30 17:14:00,0,0.1137,0,Low,Random Forest
40433,2490,86,2025-09-30 17:26:00,0,0.118,0,Low,Random Forest
40434,821,241,2025-09-30 17:34:00,0,0.119,0,Low,Random Forest
40435,1101,68,2025-09-30 17:37:00,0,0.1105,0,Low,Random Forest
40436,1088,370,2025-09-30 17:38:00,1,0.1463,0,Low,Random Forest
40437,1674,363,2025-09-30 17:40:00,0,0.1151,0,Low,Random Forest
40438,766,241,2025-09-30 17:41:00,0,0.1124,0,Low,Random Forest
40440,2039,106,2025-09-30 17:43:00,0,0.1448,0,Low,Random Forest
40439,1658,433,2025-09-30 17:43:00,0,0.1344,0,Low,Random Forest
40441,2672,318,2025-09-30 17:49:00,0,0.273,0,Low,Random Forest
40442,649,114,2025-09-30 18:06:00,0,0.2439,0,Low,Random Forest
40443,1101,316,2025-09-30 18:07:00,1,0.2457,0,Low,Random Forest
40444,1314,236,2025-09-30 18:09:00,0,0.213,0,Low,Random Forest
40445,113,158,2025-09-30 18:10:00,0,0.2845,0,Low,Random Forest
40446,113,375,2025-09-30 18:13:00,1,0.2563,0,Low,Random Forest
40447,630,337,2025-09-30 18:14:00,0,0.1881,0,Low,Random Forest
40448,2600,252,2025-09-30 18:19:00,0,0.165,0,Low,Random Forest
40449,1226,208,2025-09-30 18:20:00,0,0.2696,0,Low,Random Forest
40450,113,370,2025-09-30 18:23:00,0,0.1469,0,Low,Random Forest
40451,2288,376,2025-09-30 18:26:00,0,0.2423,0,Low,Random Forest
40452,312,252,2025-09-30 18:28:00,1,0.1857,0,Low,Random Forest
40453,1773,370,2025-09-30 18:40:00,0,0.2087,0,Low,Random Forest
40454,1636,318,2025-09-30 18:42:00,0,0.4452,1,Medium,Random Forest
40455,2691,125,2025-09-30 18:44:00,0,0.2596,0,Low,Random Forest
40456,2180,50,2025-09-30 19:01:00,0,0.2902,0,Low,Random Forest
40457,237,132,2025-09-30 19:06:00,1,0.1616,0,Low,Random Forest
40458,434,376,2025-09-30 19:08:00,0,0.218,0,Low,Random Forest
40459,883,203,2025-09-30 19:09:00,1,0.2396,0,Low,Random Forest
40460,2168,363,2025-09-30 19:12:00,0,0.2239,0,Low,Random Forest
40461,163,435,2025-09-30 19:18:00,1,0.1671,0,Low,Random Forest
40462,1101,363,2025-09-30 19:18:00,0,0.1448,0,Low,Random Forest
40463,2824,102,2025-09-30 19:22:00,0,0.2347,0,Low,Random Forest
40464,1900,370,2025-09-30 19:23:00,0,0.2377,0,Low,Random Forest
40465,2910,45,2025-09-30 19:28:00,1,0.2863,0,Low,Random Forest
40466,2928,363,2025-09-30 19:29:00,0,0.1757,0,Low,Random Forest
40467,2004,241,2025-09-30 19:30:00,0,0.2236,0,Low,Random Forest
40468,1203,406,2025-09-30 20:02:00,1,0.2463,0,Low,Random Forest
40469,2875,435,2025-09-30 20:22:00,0,0.2608,0,Low,Random Forest
40470,1944,241,2025-09-30 20:37:00,0,0.1649,0,Low,Random Forest
40471,413,370,2025-09-30 20:37:00,0,0.159,0,Low,Random Forest
40472,1020,433,2025-09-30 20:40:00,0,0.2336,0,Low,Random Forest
40473,1913,376,2025-09-30 20:41:00,0,0.1704,0,Low,Random Forest
40474,578,181,2025-09-30 20:53:00,1,0.2108,0,Low,Random Forest
40475,2731,433,2025-09-30 21:01:00,0,0.143,0,Low,Random Forest
40476,1101,158,2025-09-30 21:02:00,0,0.1537,0,Low,Random Forest
40477,1540,376,2025-09-30 21:09:00,0,0.1274,0,Low,Random Forest
40478,1507,318,2025-09-30 21:23:00,1,0.3629,1,Medium,Random Forest
40479,1101,318,2025-09-30 21:56:00,0,0.3246,1,Medium,Random Forest
40480,536,363,2025-09-30 22:32:00,1,0.1495,0,Low,Random Forest
40481,1105,318,2025-09-30 22:32:00,0,0.3104,1,Medium,Random Forest
40482,1588,106,2025-09-30 22:39:00,0,0.1347,0,Low,Random Forest
40483,268,208,2025-09-30 22:50:00,0,0.1425,0,Low,Random Forest
40484,1781,180,2025-09-30 23:14:00,0,0.3877,1,Medium,Random Forest
40485,1225,181,2025-09-30 23:17:00,0,0.1836,0,Low,Random Forest
40486,255,184,2025-09-30 23:53:00,0,0.1561,0,Low,Random Forest
40487,314,262,2025-10-01 00:32:00,1,0.1846,0,Low,Random Forest
40488,113,328,2025-10-01 01:24:00,1,0.7684,1,High,Random Forest
40489,1493,359,2025-10-01 02:21:00,0,0.2188,0,Low,Random Forest
40490,2180,55,2025-10-01 02:24:00,0,0.2335,0,Low,Random Forest
40491,2954,91,2025-10-01 02:31:00,1,0.2563,0,Low,Random Forest
40492,2579,262,2025-10-01 03:44:00,0,0.173,0,Low,Random Forest
40493,1233,114,2025-10-01 04:14:00,1,0.1866,0,Low,Random Forest
40494,2005,363,2025-10-01 04:53:00,0,0.1565,0,Low,Random Forest
40495,1213,77,2025-10-01 04:55:00,1,0.1633,0,Low,Random Forest
40496,118,28,2025-10-01 05:01:00,0,0.1385,0,Low,Random Forest
40497,1011,181,2025-10-01 05:09:00,0,0.1347,0,Low,Random Forest
40498,258,106,2025-10-01 05:14:00,0,0.1165,0,Low,Random Forest
40499,1816,437,2025-10-01 05:42:00,0,0.1482,0,Low,Random Forest
40500,312,390,2025-10-01 06:00:00,0,0.1571,0,Low,Random Forest
40501,2542,252,2025-10-01 06:06:00,0,0.1267,0,Low,Random Forest
40502,1963,63,2025-10-01 06:18:00,1,0.1394,0,Low,Random Forest
40503,1779,106,2025-10-01 06:22:00,0,0.1249,0,Low,Random Forest
40504,2334,370,2025-10-01 06:24:00,0,0.1423,0,Low,Random Forest
40505,1875,241,2025-10-01 06:36:00,0,0.1358,0,Low,Random Forest
40506,2476,103,2025-10-01 06:55:00,1,0.7814,1,High,Random Forest
40507,1101,296,2025-10-01 07:00:00,0,0.1157,0,Low,Random Forest
40508,1416,89,2025-10-01 07:10:00,0,0.1759,0,Low,Random Forest
40509,113,238,2025-10-01 07:16:00,1,0.8,1,High,Random Forest
40510,2819,1,2025-10-01 07:19:00,0,0.1401,0,Low,Random Forest
40512,1101,152,2025-10-01 07:23:00,0,0.1206,0,Low,Random Forest
40511,2691,159,2025-10-01 07:23:00,0,0.1288,0,Low,Random Forest
40513,232,241,2025-10-01 07:31:00,1,0.1278,0,Low,Random Forest
40514,2764,399,2025-10-01 07:33:00,0,0.1536,0,Low,Random Forest
40515,2213,256,2025-10-01 07:34:00,0,0.1308,0,Low,Random Forest
40516,2170,349,2025-10-01 07:39:00,1,0.1365,0,Low,Random Forest
40517,1309,260,2025-10-01 08:12:00,0,0.217,0,Low,Random Forest
40518,1674,181,2025-10-01 08:13:00,0,0.2105,0,Low,Random Forest
40519,1101,124,2025-10-01 08:16:00,0,0.1569,0,Low,Random Forest
40520,2600,370,2025-10-01 08:18:00,1,0.8088,1,High,Random Forest
40521,2161,241,2025-10-01 08:24:00,0,0.2246,0,Low,Random Forest
40522,470,262,2025-10-01 08:31:00,0,0.1563,0,Low,Random Forest
40523,255,236,2025-10-01 08:33:00,1,0.2456,0,Low,Random Forest
40524,922,323,2025-10-01 08:39:00,0,0.266,0,Low,Random Forest
40525,1105,224,2025-10-01 08:41:00,1,0.3253,1,Medium,Random Forest
40526,2342,262,2025-10-01 08:48:00,0,0.2426,0,Low,Random Forest
40527,823,241,2025-10-01 08:49:00,1,0.155,0,Low,Random Forest
40528,1148,306,2025-10-01 08:56:00,1,0.2219,0,Low,Random Forest
40529,2774,370,2025-10-01 09:07:00,1,0.1825,0,Low,Random Forest
40530,2255,335,2025-10-01 09:08:00,0,0.3475,1,Medium,Random Forest
40531,2438,265,2025-10-01 09:10:00,1,0.7847,1,High,Random Forest
40532,2815,106,2025-10-01 09:17:00,0,0.1908,0,Low,Random Forest
40533,2420,3,2025-10-01 09:21:00,0,0.2587,0,Low,Random Forest
40534,2570,116,2025-10-01 09:28:00,0,0.2534,0,Low,Random Forest
40535,749,275,2025-10-01 09:43:00,1,0.2388,0,Low,Random Forest
40536,1141,260,2025-10-01 09:50:00,1,0.2098,0,Low,Random Forest
40537,255,323,2025-10-01 09:58:00,0,0.2357,0,Low,Random Forest
40538,1781,106,2025-10-01 10:01:00,0,0.1189,0,Low,Random Forest
40539,1814,335,2025-10-01 10:15:00,0,0.2727,0,Low,Random Forest
40540,2889,318,2025-10-01 10:16:00,0,0.2656,0,Low,Random Forest
40541,219,433,2025-10-01 10:18:00,0,0.1435,0,Low,Random Forest
40542,552,55,2025-10-01 10:22:00,0,0.1434,0,Low,Random Forest
40543,1416,241,2025-10-01 10:24:00,0,0.1162,0,Low,Random Forest
40544,2092,370,2025-10-01 10:35:00,0,0.1273,0,Low,Random Forest
40545,113,260,2025-10-01 10:46:00,1,0.1347,0,Low,Random Forest
40547,1212,55,2025-10-01 10:53:00,0,0.1246,0,Low,Random Forest
40546,651,236,2025-10-01 10:53:00,0,0.1238,0,Low,Random Forest
40548,2107,349,2025-10-01 10:57:00,0,0.1276,0,Low,Random Forest
40549,1105,399,2025-10-01 11:15:00,0,0.1336,0,Low,Random Forest
40550,2092,337,2025-10-01 11:30:00,0,0.1213,0,Low,Random Forest
40551,867,335,2025-10-01 11:35:00,0,0.3033,1,Medium,Random Forest
40552,1540,21,2025-10-01 11:42:00,1,0.806,1,High,Random Forest
40553,255,376,2025-10-01 11:53:00,0,0.1331,0,Low,Random Forest
40554,1150,370,2025-10-01 11:56:00,0,0.1096,0,Low,Random Forest
40555,2035,363,2025-10-01 12:14:00,0,0.1302,0,Low,Random Forest
40556,1660,370,2025-10-01 12:19:00,0,0.1247,0,Low,Random Forest
40557,1875,241,2025-10-01 12:24:00,0,0.1124,0,Low,Random Forest
40558,2087,48,2025-10-01 12:27:00,1,0.1286,0,Low,Random Forest
40559,2255,370,2025-10-01 12:38:00,1,0.7576,1,High,Random Forest
40560,255,370,2025-10-01 13:10:00,0,0.1159,0,Low,Random Forest
40561,2019,296,2025-10-01 13:11:00,0,0.1626,0,Low,Random Forest
40562,929,64,2025-10-01 13:20:00,0,0.121,0,Low,Random Forest
40563,1101,242,2025-10-01 13:39:00,0,0.2606,0,Low,Random Forest
40564,1110,305,2025-10-01 13:40:00,0,0.146,0,Low,Random Forest
40565,1935,273,2025-10-01 13:49:00,0,0.1283,0,Low,Random Forest
40566,786,370,2025-10-01 13:49:00,0,0.1198,0,Low,Random Forest
40568,1150,181,2025-10-01 13:54:00,0,0.16,0,Low,Random Forest
40567,1105,318,2025-10-01 13:54:00,0,0.294,0,Low,Random Forest
40569,1989,116,2025-10-01 14:04:00,0,0.1476,0,Low,Random Forest
40570,1455,275,2025-10-01 14:12:00,0,0.1525,0,Low,Random Forest
40571,1234,435,2025-10-01 14:12:00,0,0.1503,0,Low,Random Forest
40572,2928,63,2025-10-01 14:13:00,0,0.1339,0,Low,Random Forest
40573,15,376,2025-10-01 14:28:00,0,0.1437,0,Low,Random Forest
40574,1101,392,2025-10-01 14:29:00,0,0.1077,0,Low,Random Forest
40575,2965,376,2025-10-01 14:29:00,0,0.1162,0,Low,Random Forest
40576,1768,107,2025-10-01 15:01:00,0,0.2396,0,Low,Random Forest
40577,1101,370,2025-10-01 15:14:00,1,0.1114,0,Low,Random Forest
40578,312,406,2025-10-01 15:23:00,0,0.1122,0,Low,Random Forest
40579,233,370,2025-10-01 15:25:00,0,0.1335,0,Low,Random Forest
40580,1427,370,2025-10-01 15:39:00,0,0.1255,0,Low,Random Forest
40581,88,181,2025-10-01 15:39:00,0,0.1509,0,Low,Random Forest
40582,1758,273,2025-10-01 15:49:00,0,0.1425,0,Low,Random Forest
40583,2325,86,2025-10-01 15:50:00,0,0.1428,0,Low,Random Forest
40584,2397,185,2025-10-01 15:57:00,0,0.2679,0,Low,Random Forest
40585,2161,269,2025-10-01 15:58:00,0,0.1242,0,Low,Random Forest
40586,823,376,2025-10-01 16:00:00,0,0.142,0,Low,Random Forest
40587,2568,370,2025-10-01 16:01:00,0,0.1085,0,Low,Random Forest
40588,2170,45,2025-10-01 16:24:00,0,0.1681,0,Low,Random Forest
40589,255,31,2025-10-01 16:28:00,0,0.1205,0,Low,Random Forest
40590,1676,241,2025-10-01 16:42:00,0,0.1232,0,Low,Random Forest
40591,834,306,2025-10-01 16:49:00,0,0.1115,0,Low,Random Forest
40592,131,370,2025-10-01 16:54:00,0,0.1071,0,Low,Random Forest
40593,1880,402,2025-10-01 16:59:00,0,0.138,0,Low,Random Forest
40594,1636,370,2025-10-01 17:05:00,0,0.1058,0,Low,Random Forest
40595,1875,106,2025-10-01 17:05:00,0,0.1143,0,Low,Random Forest
40596,290,158,2025-10-01 17:20:00,1,0.1429,0,Low,Random Forest
40597,666,406,2025-10-01 17:21:00,0,0.1474,0,Low,Random Forest
40598,2397,433,2025-10-01 17:33:00,0,0.1382,0,Low,Random Forest
40599,21,371,2025-10-01 17:40:00,0,0.1282,0,Low,Random Forest
40600,255,370,2025-10-01 17:42:00,1,0.7844,1,High,Random Forest
40601,2019,323,2025-10-01 17:54:00,0,0.1287,0,Low,Random Forest
40602,1815,21,2025-10-01 18:02:00,0,0.1728,0,Low,Random Forest
40603,2395,295,2025-10-01 18:12:00,0,0.1777,0,Low,Random Forest
40604,163,252,2025-10-01 18:17:00,1,0.1935,0,Low,Random Forest
40606,1386,406,2025-10-01 18:19:00,0,0.1733,0,Low,Random Forest
40605,2255,370,2025-10-01 18:19:00,1,0.1576,0,Low,Random Forest
40607,739,376,2025-10-01 18:22:00,0,0.2272,0,Low,Random Forest
40608,815,241,2025-10-01 18:26:00,0,0.2274,0,Low,Random Forest
40609,2395,349,2025-10-01 18:27:00,0,0.2507,0,Low,Random Forest
40610,38,318,2025-10-01 18:33:00,0,0.3251,1,Medium,Random Forest
40611,1674,376,2025-10-01 18:35:00,0,0.205,0,Low,Random Forest
40612,2714,370,2025-10-01 18:40:00,0,0.1719,0,Low,Random Forest
40613,1848,77,2025-10-01 18:42:00,1,0.182,0,Low,Random Forest
40615,2969,77,2025-10-01 18:43:00,1,0.2589,0,Low,Random Forest
40614,150,241,2025-10-01 18:43:00,0,0.2446,0,Low,Random Forest
40616,1495,28,2025-10-01 18:48:00,0,0.2462,0,Low,Random Forest
40617,2364,306,2025-10-01 18:50:00,0,0.2502,0,Low,Random Forest
40619,2507,74,2025-10-01 18:51:00,0,0.2705,0,Low,Random Forest
40618,171,64,2025-10-01 18:51:00,0,0.2303,0,Low,Random Forest
40620,2283,275,2025-10-01 19:00:00,0,0.2022,0,Low,Random Forest
40621,274,376,2025-10-01 19:15:00,1,0.1841,0,Low,Random Forest
40622,1812,124,2025-10-01 19:36:00,0,0.2225,0,Low,Random Forest
40623,1101,165,2025-10-01 19:36:00,0,0.1549,0,Low,Random Forest
40624,2406,236,2025-10-01 19:41:00,0,0.2322,0,Low,Random Forest
40625,312,241,2025-10-01 19:41:00,0,0.1826,0,Low,Random Forest
40626,916,73,2025-10-01 19:47:00,0,0.2577,0,Low,Random Forest
40627,1543,376,2025-10-01 19:49:00,0,0.1623,0,Low,Random Forest
40628,2815,258,2025-10-01 19:50:00,0,0.2017,0,Low,Random Forest
40629,1101,289,2025-10-01 20:01:00,0,0.1847,0,Low,Random Forest
40630,2209,45,2025-10-01 20:10:00,1,0.2781,0,Low,Random Forest
40631,1012,26,2025-10-01 20:11:00,1,0.261,0,Low,Random Forest
40632,1540,77,2025-10-01 20:13:00,0,0.2589,0,Low,Random Forest
40633,2834,339,2025-10-01 20:14:00,0,0.1835,0,Low,Random Forest
40634,975,363,2025-10-01 20:20:00,0,0.205,0,Low,Random Forest
40635,2337,275,2025-10-01 20:31:00,0,0.2566,0,Low,Random Forest
40636,1483,363,2025-10-01 20:32:00,0,0.2012,0,Low,Random Forest
40637,2076,318,2025-10-01 20:42:00,1,0.4438,1,Medium,Random Forest
40638,1468,293,2025-10-01 21:14:00,0,0.1484,0,Low,Random Forest
40639,255,412,2025-10-01 21:19:00,0,0.2381,0,Low,Random Forest
40640,659,262,2025-10-01 21:29:00,0,0.1469,0,Low,Random Forest
40641,1766,306,2025-10-01 21:31:00,0,0.1802,0,Low,Random Forest
40642,1802,316,2025-10-01 21:36:00,0,0.1175,0,Low,Random Forest
40643,948,370,2025-10-01 21:51:00,0,0.1112,0,Low,Random Forest
40644,482,248,2025-10-01 21:59:00,0,0.1451,0,Low,Random Forest
40645,864,275,2025-10-01 22:22:00,1,0.1447,0,Low,Random Forest
40646,2538,124,2025-10-01 22:47:00,0,0.1433,0,Low,Random Forest
40647,1779,370,2025-10-01 22:52:00,0,0.1169,0,Low,Random Forest
40648,564,124,2025-10-01 22:56:00,0,0.1251,0,Low,Random Forest
40649,1642,184,2025-10-01 22:57:00,0,0.1676,0,Low,Random Forest
40650,2643,326,2025-10-01 23:11:00,0,0.1583,0,Low,Random Forest
40651,1873,241,2025-10-01 23:12:00,0,0.1782,0,Low,Random Forest
40652,35,241,2025-10-01 23:45:00,0,0.1405,0,Low,Random Forest
40653,869,180,2025-10-02 00:18:00,1,0.3482,1,Medium,Random Forest
40654,2166,376,2025-10-02 00:19:00,0,0.1851,0,Low,Random Forest
40655,2180,370,2025-10-02 00:58:00,1,0.1635,0,Low,Random Forest
40656,1101,260,2025-10-02 00:58:00,0,0.183,0,Low,Random Forest
40657,1650,370,2025-10-02 01:16:00,0,0.1857,0,Low,Random Forest
40658,175,370,2025-10-02 01:46:00,0,0.1833,0,Low,Random Forest
40659,2081,64,2025-10-02 01:55:00,1,0.1917,0,Low,Random Forest
40660,1226,406,2025-10-02 02:01:00,1,0.2179,0,Low,Random Forest
40661,2170,181,2025-10-02 03:14:00,0,0.1647,0,Low,Random Forest
40662,1101,370,2025-10-02 04:15:00,0,0.1582,0,Low,Random Forest
40663,1636,370,2025-10-02 04:44:00,1,0.1649,0,Low,Random Forest
40664,1286,370,2025-10-02 04:48:00,0,0.1642,0,Low,Random Forest
40665,1629,252,2025-10-02 04:57:00,0,0.1523,0,Low,Random Forest
40666,335,231,2025-10-02 05:57:00,0,0.2474,0,Low,Random Forest
40667,160,155,2025-10-02 06:02:00,0,0.1506,0,Low,Random Forest
40668,1478,435,2025-10-02 06:05:00,0,0.1632,0,Low,Random Forest
40669,826,298,2025-10-02 06:12:00,0,0.1425,0,Low,Random Forest
40670,1250,428,2025-10-02 06:51:00,0,0.1257,0,Low,Random Forest
40671,1812,38,2025-10-02 07:02:00,0,0.131,0,Low,Random Forest
40672,1150,370,2025-10-02 07:36:00,0,0.1101,0,Low,Random Forest
40673,991,335,2025-10-02 07:36:00,0,0.3045,1,Medium,Random Forest
40674,113,51,2025-10-02 07:43:00,0,0.124,0,Low,Random Forest
40675,2287,252,2025-10-02 07:44:00,0,0.1227,0,Low,Random Forest
40676,1619,370,2025-10-02 07:44:00,0,0.1431,0,Low,Random Forest
40677,2612,187,2025-10-02 07:45:00,0,0.1315,0,Low,Random Forest
40678,1012,328,2025-10-02 07:47:00,0,0.1348,0,Low,Random Forest
40679,483,203,2025-10-02 07:58:00,0,0.1338,0,Low,Random Forest
40680,2161,446,2025-10-02 08:11:00,0,0.2309,0,Low,Random Forest
40681,113,370,2025-10-02 08:13:00,0,0.179,0,Low,Random Forest
40682,2209,236,2025-10-02 08:24:00,1,0.2567,0,Low,Random Forest
40683,255,48,2025-10-02 08:27:00,1,0.1974,0,Low,Random Forest
40684,2256,311,2025-10-02 08:33:00,0,0.2631,0,Low,Random Forest
40685,2882,400,2025-10-02 08:40:00,1,0.1763,0,Low,Random Forest
40686,1101,318,2025-10-02 08:41:00,0,0.2929,0,Low,Random Forest
40687,2965,275,2025-10-02 08:43:00,1,0.2228,0,Low,Random Forest
40688,1082,370,2025-10-02 09:00:00,0,0.2243,0,Low,Random Forest
40689,1479,275,2025-10-02 09:05:00,1,0.7927,1,High,Random Forest
40690,1817,307,2025-10-02 09:05:00,0,0.2923,0,Low,Random Forest
40691,2834,406,2025-10-02 09:05:00,0,0.18,0,Low,Random Forest
40692,1399,166,2025-10-02 09:13:00,0,0.1697,0,Low,Random Forest
40693,1879,252,2025-10-02 09:16:00,0,0.1714,0,Low,Random Forest
40694,713,379,2025-10-02 09:18:00,1,0.2312,0,Low,Random Forest
40695,2448,285,2025-10-02 09:21:00,0,0.4006,1,Medium,Random Forest
40696,2986,124,2025-10-02 09:28:00,0,0.1696,0,Low,Random Forest
40697,255,350,2025-10-02 09:34:00,0,0.2477,0,Low,Random Forest
40698,1712,252,2025-10-02 09:39:00,0,0.2617,0,Low,Random Forest
40699,1751,262,2025-10-02 09:49:00,0,0.1572,0,Low,Random Forest
40700,2836,252,2025-10-02 09:59:00,0,0.2567,0,Low,Random Forest
40701,258,72,2025-10-02 10:03:00,0,0.1818,0,Low,Random Forest
40702,2600,370,2025-10-02 10:20:00,0,0.1171,0,Low,Random Forest
40703,1029,433,2025-10-02 10:34:00,0,0.1311,0,Low,Random Forest
40704,1930,433,2025-10-02 10:44:00,0,0.1284,0,Low,Random Forest
40705,2348,79,2025-10-02 10:50:00,0,0.1456,0,Low,Random Forest
40706,2956,363,2025-10-02 11:24:00,1,0.7622,1,High,Random Forest
40708,80,370,2025-10-02 11:27:00,1,0.1317,0,Low,Random Forest
40707,255,328,2025-10-02 11:27:00,0,0.1182,0,Low,Random Forest
40709,2255,181,2025-10-02 11:39:00,1,0.748,1,High,Random Forest
40710,1101,370,2025-10-02 11:43:00,0,0.1169,0,Low,Random Forest
40711,1631,307,2025-10-02 11:50:00,0,0.2203,0,Low,Random Forest
40712,1258,241,2025-10-02 11:51:00,0,0.1232,0,Low,Random Forest
40713,255,370,2025-10-02 11:56:00,1,0.1229,0,Low,Random Forest
40714,312,376,2025-10-02 12:08:00,0,0.1248,0,Low,Random Forest
40715,113,262,2025-10-02 12:09:00,1,0.1208,0,Low,Random Forest
40716,1577,64,2025-10-02 12:16:00,0,0.131,0,Low,Random Forest
40717,766,296,2025-10-02 12:19:00,0,0.1354,0,Low,Random Forest
40718,821,370,2025-10-02 12:20:00,0,0.1304,0,Low,Random Forest
40719,1812,219,2025-10-02 12:25:00,0,0.2444,0,Low,Random Forest
40721,1126,76,2025-10-02 12:30:00,0,0.1654,0,Low,Random Forest
40720,821,370,2025-10-02 12:30:00,0,0.1135,0,Low,Random Forest
40722,1669,402,2025-10-02 12:39:00,1,0.1368,0,Low,Random Forest
40723,2581,275,2025-10-02 12:43:00,0,0.1161,0,Low,Random Forest
40724,2870,376,2025-10-02 13:00:00,0,0.1194,0,Low,Random Forest
40725,1101,241,2025-10-02 13:31:00,0,0.1242,0,Low,Random Forest
40726,334,370,2025-10-02 14:05:00,0,0.0999,0,Low,Random Forest
40727,1922,390,2025-10-02 14:50:00,0,0.1427,0,Low,Random Forest
40728,1586,218,2025-10-02 15:01:00,0,0.126,0,Low,Random Forest
40729,2928,77,2025-10-02 15:02:00,0,0.139,0,Low,Random Forest
40730,552,252,2025-10-02 15:09:00,0,0.1347,0,Low,Random Forest
40731,2194,262,2025-10-02 15:16:00,0,0.1256,0,Low,Random Forest
40732,1812,285,2025-10-02 15:17:00,0,0.2843,0,Low,Random Forest
40733,2836,370,2025-10-02 15:18:00,0,0.1472,0,Low,Random Forest
40734,1105,114,2025-10-02 15:32:00,0,0.147,0,Low,Random Forest
40735,258,262,2025-10-02 15:37:00,1,0.1462,0,Low,Random Forest
40736,739,425,2025-10-02 15:43:00,1,0.2445,0,Low,Random Forest
40737,864,103,2025-10-02 15:46:00,1,0.1897,0,Low,Random Forest
40738,2092,241,2025-10-02 15:48:00,0,0.1303,0,Low,Random Forest
40739,1848,201,2025-10-02 16:08:00,0,0.1217,0,Low,Random Forest
40740,1438,262,2025-10-02 16:17:00,0,0.1097,0,Low,Random Forest
40741,1738,370,2025-10-02 16:21:00,0,0.1101,0,Low,Random Forest
40742,2380,337,2025-10-02 16:25:00,0,0.131,0,Low,Random Forest
40743,1864,368,2025-10-02 16:27:00,0,0.1469,0,Low,Random Forest
40744,2325,231,2025-10-02 16:39:00,0,0.2276,0,Low,Random Forest
40746,1880,387,2025-10-02 16:46:00,0,0.1539,0,Low,Random Forest
40745,251,363,2025-10-02 16:46:00,0,0.1477,0,Low,Random Forest
40747,1804,376,2025-10-02 16:51:00,0,0.1136,0,Low,Random Forest
40748,1661,370,2025-10-02 16:56:00,0,0.1256,0,Low,Random Forest
40749,1101,356,2025-10-02 17:01:00,0,0.1331,0,Low,Random Forest
40750,2661,180,2025-10-02 17:02:00,0,0.2785,0,Low,Random Forest
40751,2064,236,2025-10-02 17:03:00,0,0.1379,0,Low,Random Forest
40752,180,370,2025-10-02 17:06:00,1,0.1216,0,Low,Random Forest
40753,2180,307,2025-10-02 17:07:00,0,0.156,0,Low,Random Forest
40754,255,323,2025-10-02 17:10:00,0,0.1116,0,Low,Random Forest
40755,1323,37,2025-10-02 17:12:00,0,0.2302,0,Low,Random Forest
40756,2699,176,2025-10-02 17:14:00,0,0.1375,0,Low,Random Forest
40757,2033,370,2025-10-02 17:16:00,1,0.1323,0,Low,Random Forest
40758,1101,318,2025-10-02 17:22:00,1,0.2883,0,Low,Random Forest
40759,2691,306,2025-10-02 17:23:00,0,0.1241,0,Low,Random Forest
40760,1872,259,2025-10-02 17:24:00,0,0.1235,0,Low,Random Forest
40761,1419,32,2025-10-02 17:27:00,0,0.2146,0,Low,Random Forest
40762,2699,406,2025-10-02 17:28:00,0,0.1392,0,Low,Random Forest
40764,1356,217,2025-10-02 17:30:00,0,0.1973,0,Low,Random Forest
40763,2504,93,2025-10-02 17:30:00,0,0.1249,0,Low,Random Forest
40765,255,363,2025-10-02 17:32:00,1,0.1807,0,Low,Random Forest
40766,2263,241,2025-10-02 17:50:00,0,0.1383,0,Low,Random Forest
40767,373,116,2025-10-02 17:51:00,0,0.1431,0,Low,Random Forest
40768,334,79,2025-10-02 17:53:00,0,0.1298,0,Low,Random Forest
40769,2171,412,2025-10-02 17:54:00,0,0.2083,0,Low,Random Forest
40770,2924,120,2025-10-02 18:02:00,0,0.2528,0,Low,Random Forest
40771,1833,307,2025-10-02 18:11:00,1,0.2226,0,Low,Random Forest
40772,2978,106,2025-10-02 18:12:00,0,0.2327,0,Low,Random Forest
40773,1677,174,2025-10-02 18:16:00,1,0.2622,0,Low,Random Forest
40775,823,241,2025-10-02 18:17:00,0,0.165,0,Low,Random Forest
40774,1816,180,2025-10-02 18:17:00,1,0.4489,1,Medium,Random Forest
40776,1758,252,2025-10-02 18:17:00,0,0.215,0,Low,Random Forest
40777,255,316,2025-10-02 18:19:00,0,0.1537,0,Low,Random Forest
40778,755,241,2025-10-02 18:19:00,0,0.2007,0,Low,Random Forest
40779,864,370,2025-10-02 18:20:00,0,0.2695,0,Low,Random Forest
40780,258,433,2025-10-02 18:23:00,0,0.2076,0,Low,Random Forest
40782,1082,258,2025-10-02 18:25:00,0,0.1641,0,Low,Random Forest
40781,1101,363,2025-10-02 18:25:00,0,0.2317,0,Low,Random Forest
40783,827,241,2025-10-02 18:37:00,0,0.1643,0,Low,Random Forest
40784,588,376,2025-10-02 18:44:00,0,0.2089,0,Low,Random Forest
40785,2801,181,2025-10-02 18:48:00,0,0.1717,0,Low,Random Forest
40786,1879,318,2025-10-02 18:50:00,0,0.3613,1,Medium,Random Forest
40787,766,89,2025-10-02 18:56:00,0,0.2974,0,Low,Random Forest
40788,2568,429,2025-10-02 18:58:00,0,0.2323,0,Low,Random Forest
40789,255,241,2025-10-02 19:15:00,0,0.248,0,Low,Random Forest
40790,234,311,2025-10-02 19:16:00,0,0.1837,0,Low,Random Forest
40791,4,60,2025-10-02 19:18:00,0,0.2232,0,Low,Random Forest
40792,1362,271,2025-10-02 19:21:00,0,0.1949,0,Low,Random Forest
40793,2200,56,2025-10-02 19:24:00,0,0.1794,0,Low,Random Forest
40794,1303,181,2025-10-02 19:32:00,0,0.2172,0,Low,Random Forest
40795,683,370,2025-10-02 19:35:00,1,0.2559,0,Low,Random Forest
40796,255,390,2025-10-02 19:36:00,1,0.2925,0,Low,Random Forest
40797,113,307,2025-10-02 19:37:00,0,0.2135,0,Low,Random Forest
40798,255,241,2025-10-02 19:44:00,0,0.2262,0,Low,Random Forest
40801,1487,182,2025-10-02 19:46:00,0,0.2381,0,Low,Random Forest
40799,1101,296,2025-10-02 19:46:00,0,0.1483,0,Low,Random Forest
40800,652,77,2025-10-02 19:46:00,0,0.1718,0,Low,Random Forest
40802,914,72,2025-10-02 20:06:00,0,0.2968,0,Low,Random Forest
40803,1875,252,2025-10-02 20:10:00,0,0.163,0,Low,Random Forest
40804,1420,45,2025-10-02 20:20:00,0,0.2538,0,Low,Random Forest
40805,880,77,2025-10-02 20:34:00,1,0.1685,0,Low,Random Forest
40806,1258,120,2025-10-02 20:44:00,0,0.2878,0,Low,Random Forest
40807,1671,311,2025-10-02 20:44:00,0,0.1996,0,Low,Random Forest
40808,821,223,2025-10-02 20:50:00,0,0.2722,0,Low,Random Forest
40809,448,335,2025-10-02 20:52:00,0,0.4137,1,Medium,Random Forest
40810,291,262,2025-10-02 21:05:00,0,0.1488,0,Low,Random Forest
40811,1101,300,2025-10-02 21:28:00,0,0.1113,0,Low,Random Forest
40812,348,165,2025-10-02 21:30:00,0,0.1457,0,Low,Random Forest
40813,155,318,2025-10-02 21:44:00,1,0.347,1,Medium,Random Forest
40814,222,363,2025-10-02 21:52:00,0,0.1425,0,Low,Random Forest
40815,312,404,2025-10-02 22:15:00,0,0.141,0,Low,Random Forest
40816,898,370,2025-10-02 22:39:00,0,0.1308,0,Low,Random Forest
40817,113,77,2025-10-02 23:05:00,1,0.1585,0,Low,Random Forest
40818,334,280,2025-10-02 23:23:00,0,0.141,0,Low,Random Forest
40819,1977,406,2025-10-02 23:43:00,1,0.1516,0,Low,Random Forest
40820,2088,252,2025-10-03 00:59:00,0,0.1933,0,Low,Random Forest
40821,2642,387,2025-10-03 01:21:00,0,0.2072,0,Low,Random Forest
40822,163,293,2025-10-03 02:10:00,0,0.1926,0,Low,Random Forest
40823,1966,370,2025-10-03 02:21:00,0,0.1816,0,Low,Random Forest
40824,1742,180,2025-10-03 02:55:00,0,0.3277,1,Medium,Random Forest
40826,1107,181,2025-10-03 04:12:00,0,0.1745,0,Low,Random Forest
40825,1101,106,2025-10-03 04:12:00,0,0.1693,0,Low,Random Forest
40827,434,339,2025-10-03 05:46:00,0,0.1972,0,Low,Random Forest
40828,258,418,2025-10-03 06:15:00,1,0.1246,0,Low,Random Forest
40829,2255,181,2025-10-03 06:16:00,0,0.1667,0,Low,Random Forest
40830,174,426,2025-10-03 06:48:00,0,0.1401,0,Low,Random Forest
40831,2521,208,2025-10-03 06:57:00,0,0.1318,0,Low,Random Forest
40832,2187,337,2025-10-03 06:58:00,0,0.1659,0,Low,Random Forest
40833,2255,370,2025-10-03 07:01:00,0,0.1261,0,Low,Random Forest
40834,534,77,2025-10-03 07:05:00,0,0.1223,0,Low,Random Forest
40835,934,241,2025-10-03 07:06:00,0,0.1296,0,Low,Random Forest
40836,966,106,2025-10-03 07:07:00,0,0.1208,0,Low,Random Forest
40837,2725,312,2025-10-03 07:08:00,0,0.1361,0,Low,Random Forest
40838,255,318,2025-10-03 07:09:00,0,0.3024,1,Medium,Random Forest
40839,254,370,2025-10-03 07:12:00,0,0.1192,0,Low,Random Forest
40840,1914,426,2025-10-03 07:33:00,0,0.1496,0,Low,Random Forest
40841,272,275,2025-10-03 07:40:00,0,0.1287,0,Low,Random Forest
40842,386,51,2025-10-03 07:47:00,0,0.1207,0,Low,Random Forest
40843,2313,370,2025-10-03 08:01:00,0,0.2793,0,Low,Random Forest
40844,2026,256,2025-10-03 08:06:00,0,0.1983,0,Low,Random Forest
40845,2633,181,2025-10-03 08:09:00,1,0.2341,0,Low,Random Forest
40846,1836,236,2025-10-03 08:16:00,1,0.2767,0,Low,Random Forest
40847,1101,88,2025-10-03 08:21:00,0,0.1414,0,Low,Random Forest
40848,1642,337,2025-10-03 08:30:00,0,0.2245,0,Low,Random Forest
40849,2691,433,2025-10-03 08:31:00,0,0.1611,0,Low,Random Forest
40850,219,252,2025-10-03 08:36:00,0,0.1648,0,Low,Random Forest
40851,2725,376,2025-10-03 08:38:00,1,0.2304,0,Low,Random Forest
40852,1249,349,2025-10-03 08:39:00,0,0.2119,0,Low,Random Forest
40853,1101,241,2025-10-03 08:47:00,0,0.1815,0,Low,Random Forest
40854,1313,376,2025-10-03 08:47:00,0,0.2308,0,Low,Random Forest
40855,10,316,2025-10-03 08:48:00,0,0.1962,0,Low,Random Forest
40856,1087,390,2025-10-03 08:49:00,1,0.8101,1,High,Random Forest
40857,2499,78,2025-10-03 08:52:00,0,0.1625,0,Low,Random Forest
40858,796,279,2025-10-03 08:53:00,0,0.2864,0,Low,Random Forest
40860,1216,77,2025-10-03 09:00:00,0,0.1675,0,Low,Random Forest
40859,257,370,2025-10-03 09:00:00,0,0.192,0,Low,Random Forest
40861,2581,77,2025-10-03 09:05:00,1,0.1755,0,Low,Random Forest
40862,1455,428,2025-10-03 09:06:00,0,0.1737,0,Low,Random Forest
40863,58,77,2025-10-03 09:21:00,0,0.2336,0,Low,Random Forest
40864,312,363,2025-10-03 09:37:00,0,0.1517,0,Low,Random Forest
40866,255,250,2025-10-03 09:38:00,0,0.2576,0,Low,Random Forest
40865,1376,86,2025-10-03 09:38:00,0,0.2413,0,Low,Random Forest
40867,955,241,2025-10-03 09:41:00,0,0.2207,0,Low,Random Forest
40868,821,412,2025-10-03 09:57:00,0,0.2368,0,Low,Random Forest
40869,1552,46,2025-10-03 10:03:00,0,0.2698,0,Low,Random Forest
40870,2089,180,2025-10-03 10:17:00,0,0.3274,1,Medium,Random Forest
40871,2704,45,2025-10-03 10:48:00,1,0.1709,0,Low,Random Forest
40872,163,181,2025-10-03 10:50:00,0,0.1359,0,Low,Random Forest
40873,2193,371,2025-10-03 10:54:00,0,0.1642,0,Low,Random Forest
40875,255,412,2025-10-03 10:56:00,0,0.1882,0,Low,Random Forest
40874,163,260,2025-10-03 10:56:00,0,0.1355,0,Low,Random Forest
40876,255,335,2025-10-03 11:00:00,0,0.2929,0,Low,Random Forest
40877,2741,311,2025-10-03 11:04:00,0,0.1373,0,Low,Random Forest
40878,113,370,2025-10-03 11:19:00,1,0.135,0,Low,Random Forest
40879,1316,433,2025-10-03 11:21:00,0,0.13,0,Low,Random Forest
40880,2551,262,2025-10-03 11:22:00,0,0.1156,0,Low,Random Forest
40881,2354,262,2025-10-03 11:28:00,0,0.109,0,Low,Random Forest
40882,1510,370,2025-10-03 11:29:00,0,0.1172,0,Low,Random Forest
40883,255,55,2025-10-03 11:31:00,0,0.1197,0,Low,Random Forest
40884,2589,262,2025-10-03 11:45:00,0,0.1264,0,Low,Random Forest
40885,212,179,2025-10-03 11:50:00,0,0.1582,0,Low,Random Forest
40886,2364,370,2025-10-03 12:06:00,0,0.13,0,Low,Random Forest
40887,2886,328,2025-10-03 12:14:00,0,0.1569,0,Low,Random Forest
40888,1150,241,2025-10-03 12:15:00,0,0.1176,0,Low,Random Forest
40889,113,323,2025-10-03 12:36:00,0,0.1122,0,Low,Random Forest
40890,20,159,2025-10-03 12:39:00,0,0.129,0,Low,Random Forest
40891,574,318,2025-10-03 12:41:00,0,0.3209,1,Medium,Random Forest
40892,2463,433,2025-10-03 12:42:00,0,0.1506,0,Low,Random Forest
40893,2499,124,2025-10-03 12:52:00,0,0.1198,0,Low,Random Forest
40894,1335,281,2025-10-03 12:55:00,0,0.1397,0,Low,Random Forest
40895,113,201,2025-10-03 12:57:00,0,0.1284,0,Low,Random Forest
40896,1906,442,2025-10-03 13:02:00,0,0.1239,0,Low,Random Forest
40897,1707,306,2025-10-03 13:21:00,0,0.1254,0,Low,Random Forest
40898,1719,400,2025-10-03 14:11:00,0,0.1369,0,Low,Random Forest
40899,801,74,2025-10-03 14:12:00,0,0.1268,0,Low,Random Forest
40900,312,38,2025-10-03 14:31:00,0,0.1161,0,Low,Random Forest
40901,2346,241,2025-10-03 14:43:00,0,0.1407,0,Low,Random Forest
40902,2678,318,2025-10-03 14:48:00,0,0.2934,0,Low,Random Forest
40903,1390,370,2025-10-03 15:14:00,0,0.1239,0,Low,Random Forest
40904,1925,181,2025-10-03 15:17:00,0,0.1615,0,Low,Random Forest
40905,972,306,2025-10-03 15:26:00,1,0.1306,0,Low,Random Forest
40906,2092,194,2025-10-03 15:28:00,0,0.1413,0,Low,Random Forest
40907,2409,275,2025-10-03 15:36:00,0,0.1191,0,Low,Random Forest
40908,334,82,2025-10-03 15:39:00,0,0.1221,0,Low,Random Forest
40909,926,45,2025-10-03 15:41:00,1,0.7427,1,High,Random Forest
40910,254,429,2025-10-03 15:48:00,0,0.1124,0,Low,Random Forest
40911,1644,107,2025-10-03 15:49:00,1,0.3154,1,Medium,Random Forest
40912,1784,309,2025-10-03 16:27:00,0,0.1469,0,Low,Random Forest
40913,2452,370,2025-10-03 16:38:00,0,0.1134,0,Low,Random Forest
40914,1868,77,2025-10-03 16:47:00,1,0.1153,0,Low,Random Forest
40915,241,241,2025-10-03 16:55:00,0,0.1361,0,Low,Random Forest
40916,2834,236,2025-10-03 17:10:00,0,0.1175,0,Low,Random Forest
40917,1233,402,2025-10-03 17:20:00,0,0.1715,0,Low,Random Forest
40918,1878,16,2025-10-03 17:26:00,0,0.1221,0,Low,Random Forest
40919,2314,275,2025-10-03 17:30:00,0,0.1174,0,Low,Random Forest
40920,2251,77,2025-10-03 17:41:00,1,0.1295,0,Low,Random Forest
40922,258,383,2025-10-03 17:44:00,0,0.1533,0,Low,Random Forest
40921,255,370,2025-10-03 17:44:00,0,0.114,0,Low,Random Forest
40923,255,241,2025-10-03 17:56:00,0,0.1205,0,Low,Random Forest
40924,2641,433,2025-10-03 17:56:00,0,0.1334,0,Low,Random Forest
40925,312,86,2025-10-03 17:58:00,0,0.1339,0,Low,Random Forest
40926,2079,363,2025-10-03 18:00:00,0,0.225,0,Low,Random Forest
40927,1101,370,2025-10-03 18:04:00,0,0.1625,0,Low,Random Forest
40928,1618,102,2025-10-03 18:06:00,0,0.1804,0,Low,Random Forest
40929,1939,406,2025-10-03 18:14:00,1,0.2553,0,Low,Random Forest
40930,2882,11,2025-10-03 18:16:00,0,0.2697,0,Low,Random Forest
40931,2667,371,2025-10-03 18:20:00,0,0.1764,0,Low,Random Forest
40932,1930,241,2025-10-03 18:30:00,1,0.2603,0,Low,Random Forest
40933,1852,158,2025-10-03 18:35:00,0,0.2549,0,Low,Random Forest
40934,1101,285,2025-10-03 18:37:00,1,0.3659,1,Medium,Random Forest
40935,171,370,2025-10-03 18:43:00,0,0.167,0,Low,Random Forest
40936,255,201,2025-10-03 18:43:00,1,0.2689,0,Low,Random Forest
40937,255,412,2025-10-03 19:07:00,0,0.2873,0,Low,Random Forest
40938,1212,241,2025-10-03 19:08:00,1,0.2849,0,Low,Random Forest
40939,312,45,2025-10-03 19:08:00,0,0.1975,0,Low,Random Forest
40940,1899,299,2025-10-03 19:10:00,0,0.2095,0,Low,Random Forest
40941,255,48,2025-10-03 19:15:00,0,0.2166,0,Low,Random Forest
40942,1351,181,2025-10-03 19:18:00,0,0.2062,0,Low,Random Forest
40943,113,262,2025-10-03 19:21:00,1,0.257,0,Low,Random Forest
40944,113,363,2025-10-03 19:24:00,1,0.2318,0,Low,Random Forest
40945,983,316,2025-10-03 19:25:00,0,0.2207,0,Low,Random Forest
40946,359,244,2025-10-03 19:26:00,0,0.1801,0,Low,Random Forest
40947,73,241,2025-10-03 19:32:00,0,0.2595,0,Low,Random Forest
40948,2400,436,2025-10-03 19:38:00,0,0.1778,0,Low,Random Forest
40949,312,370,2025-10-03 19:38:00,1,0.2012,0,Low,Random Forest
40950,255,262,2025-10-03 19:43:00,0,0.2619,0,Low,Random Forest
40951,1626,181,2025-10-03 20:19:00,0,0.2119,0,Low,Random Forest
40952,113,323,2025-10-03 20:23:00,0,0.1613,0,Low,Random Forest
40953,1101,77,2025-10-03 20:36:00,0,0.2511,0,Low,Random Forest
40954,2708,181,2025-10-03 20:38:00,0,0.2456,0,Low,Random Forest
40955,1751,335,2025-10-03 20:39:00,0,0.3882,1,Medium,Random Forest
40956,1101,370,2025-10-03 20:45:00,0,0.2232,0,Low,Random Forest
40957,2986,433,2025-10-03 20:48:00,0,0.1755,0,Low,Random Forest
40958,267,241,2025-10-03 20:49:00,1,0.241,0,Low,Random Forest
40959,2185,31,2025-10-03 21:16:00,0,0.1305,0,Low,Random Forest
40960,966,262,2025-10-03 21:21:00,0,0.1197,0,Low,Random Forest
40961,1768,376,2025-10-03 21:37:00,0,0.1449,0,Low,Random Forest
40963,175,12,2025-10-03 22:03:00,0,0.1315,0,Low,Random Forest
40962,2978,401,2025-10-03 22:03:00,0,0.1307,0,Low,Random Forest
40964,2601,390,2025-10-03 22:13:00,0,0.1436,0,Low,Random Forest
40965,162,435,2025-10-03 22:14:00,0,0.1481,0,Low,Random Forest
40966,2568,208,2025-10-03 23:33:00,0,0.1505,0,Low,Random Forest
40967,2507,363,2025-10-03 23:47:00,1,0.1624,0,Low,Random Forest
40968,2180,4,2025-10-04 00:02:00,1,0.4733,1,Medium,Random Forest
40969,2333,316,2025-10-04 00:55:00,0,0.2246,0,Low,Random Forest
40970,766,365,2025-10-04 01:11:00,0,0.4001,1,Medium,Random Forest
40971,2499,241,2025-10-04 02:23:00,0,0.2001,0,Low,Random Forest
40972,1258,449,2025-10-04 02:29:00,0,0.2898,0,Low,Random Forest
40973,947,318,2025-10-04 03:40:00,0,0.3704,1,Medium,Random Forest
40974,255,48,2025-10-04 04:07:00,1,0.2001,0,Low,Random Forest
40975,1356,341,2025-10-04 04:20:00,1,0.2154,0,Low,Random Forest
40976,922,130,2025-10-04 04:34:00,0,0.2212,0,Low,Random Forest
40977,255,406,2025-10-04 04:52:00,0,0.2064,0,Low,Random Forest
40978,1944,74,2025-10-04 05:39:00,0,0.1656,0,Low,Random Forest
40979,163,252,2025-10-04 06:04:00,0,0.1637,0,Low,Random Forest
40980,492,375,2025-10-04 06:12:00,1,0.746,1,High,Random Forest
40981,1303,77,2025-10-04 07:06:00,0,0.1316,0,Low,Random Forest
40982,15,241,2025-10-04 07:12:00,0,0.1419,0,Low,Random Forest
40983,775,241,2025-10-04 07:24:00,1,0.1551,0,Low,Random Forest
40984,137,259,2025-10-04 07:31:00,0,0.1708,0,Low,Random Forest
40985,1812,219,2025-10-04 07:34:00,1,0.2661,0,Low,Random Forest
40986,2023,185,2025-10-04 07:35:00,0,0.3373,1,Medium,Random Forest
40987,491,370,2025-10-04 07:37:00,0,0.1397,0,Low,Random Forest
40988,2403,176,2025-10-04 07:48:00,0,0.154,0,Low,Random Forest
40990,1101,370,2025-10-04 07:48:00,0,0.2572,0,Low,Random Forest
40989,1930,370,2025-10-04 07:48:00,0,0.182,0,Low,Random Forest
40991,2819,77,2025-10-04 08:07:00,0,0.264,0,Low,Random Forest
40992,2021,363,2025-10-04 08:15:00,1,0.1955,0,Low,Random Forest
40993,1875,436,2025-10-04 08:15:00,0,0.2627,0,Low,Random Forest
40994,2170,360,2025-10-04 08:16:00,1,0.2591,0,Low,Random Forest
40995,956,199,2025-10-04 08:17:00,0,0.4916,1,Medium,Random Forest
40996,2503,370,2025-10-04 08:18:00,0,0.2956,0,Low,Random Forest
40997,994,432,2025-10-04 08:28:00,0,0.325,1,Medium,Random Forest
40998,255,252,2025-10-04 08:35:00,1,0.2736,0,Low,Random Forest
40999,2707,241,2025-10-04 08:35:00,0,0.2558,0,Low,Random Forest
41000,1999,428,2025-10-04 08:39:00,0,0.3056,1,Medium,Random Forest
41001,624,286,2025-10-04 08:46:00,0,0.2275,0,Low,Random Forest
41002,2434,306,2025-10-04 08:47:00,1,0.2629,0,Low,Random Forest
41003,255,328,2025-10-04 08:55:00,0,0.2317,0,Low,Random Forest
41005,1927,262,2025-10-04 09:02:00,1,0.2651,0,Low,Random Forest
41004,113,436,2025-10-04 09:02:00,1,0.325,1,Medium,Random Forest
41006,1101,370,2025-10-04 09:07:00,0,0.2013,0,Low,Random Forest
41007,567,318,2025-10-04 09:09:00,1,0.3881,1,Medium,Random Forest
41008,2180,296,2025-10-04 09:10:00,0,0.2351,0,Low,Random Forest
41009,171,370,2025-10-04 09:18:00,0,0.2894,0,Low,Random Forest
41010,2725,241,2025-10-04 09:26:00,0,0.2812,0,Low,Random Forest
41011,2317,318,2025-10-04 09:47:00,1,0.4226,1,Medium,Random Forest
41012,254,435,2025-10-04 09:48:00,0,0.3151,1,Medium,Random Forest
41013,2537,181,2025-10-04 09:49:00,0,0.2132,0,Low,Random Forest
41014,1234,370,2025-10-04 09:53:00,0,0.287,0,Low,Random Forest
41015,1681,180,2025-10-04 10:03:00,0,0.3239,1,Medium,Random Forest
41016,258,216,2025-10-04 10:09:00,1,0.1638,0,Low,Random Forest
41017,434,316,2025-10-04 10:10:00,0,0.1514,0,Low,Random Forest
41018,171,64,2025-10-04 10:25:00,0,0.1211,0,Low,Random Forest
41019,576,426,2025-10-04 10:27:00,0,0.1716,0,Low,Random Forest
41020,1878,309,2025-10-04 10:34:00,0,0.1368,0,Low,Random Forest
41021,1416,11,2025-10-04 10:49:00,0,0.1711,0,Low,Random Forest
41022,1137,275,2025-10-04 11:13:00,0,0.1792,0,Low,Random Forest
41023,2886,99,2025-10-04 11:15:00,0,0.2632,0,Low,Random Forest
41024,1636,180,2025-10-04 11:21:00,0,0.2835,0,Low,Random Forest
41025,2926,349,2025-10-04 11:27:00,0,0.1555,0,Low,Random Forest
41026,659,376,2025-10-04 11:29:00,0,0.1527,0,Low,Random Forest
41027,255,252,2025-10-04 11:42:00,1,0.1489,0,Low,Random Forest
41028,1758,48,2025-10-04 12:34:00,0,0.1436,0,Low,Random Forest
41029,1101,365,2025-10-04 13:03:00,0,0.2893,0,Low,Random Forest
41030,1586,241,2025-10-04 13:07:00,0,0.1675,0,Low,Random Forest
41031,312,370,2025-10-04 13:10:00,0,0.1608,0,Low,Random Forest
41032,334,120,2025-10-04 13:14:00,1,0.1909,0,Low,Random Forest
41033,113,426,2025-10-04 13:16:00,0,0.1719,0,Low,Random Forest
41034,2457,376,2025-10-04 13:21:00,0,0.1229,0,Low,Random Forest
41035,334,405,2025-10-04 13:24:00,0,0.167,0,Low,Random Forest
41036,1147,45,2025-10-04 13:46:00,0,0.1682,0,Low,Random Forest
41037,255,55,2025-10-04 14:01:00,0,0.1333,0,Low,Random Forest
41038,821,241,2025-10-04 14:12:00,0,0.1383,0,Low,Random Forest
41039,1742,252,2025-10-04 14:21:00,1,0.217,0,Low,Random Forest
41040,2568,365,2025-10-04 14:34:00,0,0.2412,0,Low,Random Forest
41041,2085,45,2025-10-04 14:34:00,0,0.1728,0,Low,Random Forest
41042,1148,268,2025-10-04 14:35:00,0,0.227,0,Low,Random Forest
41043,1101,414,2025-10-04 14:38:00,0,0.1577,0,Low,Random Forest
41044,171,442,2025-10-04 14:40:00,1,0.1576,0,Low,Random Forest
41045,1810,77,2025-10-04 14:49:00,0,0.1286,0,Low,Random Forest
41046,1517,339,2025-10-04 14:52:00,0,0.1769,0,Low,Random Forest
41047,2939,252,2025-10-04 14:52:00,0,0.1442,0,Low,Random Forest
41048,1540,370,2025-10-04 15:24:00,0,0.1694,0,Low,Random Forest
41049,2005,241,2025-10-04 15:42:00,0,0.2189,0,Low,Random Forest
41050,494,412,2025-10-04 15:48:00,0,0.2157,0,Low,Random Forest
41051,113,275,2025-10-04 15:50:00,1,0.1676,0,Low,Random Forest
41052,1159,241,2025-10-04 16:03:00,0,0.1378,0,Low,Random Forest
41053,174,430,2025-10-04 16:08:00,0,0.1338,0,Low,Random Forest
41054,1101,370,2025-10-04 16:14:00,0,0.1529,0,Low,Random Forest
41055,1127,46,2025-10-04 16:16:00,0,0.3332,1,Medium,Random Forest
41056,1101,31,2025-10-04 16:19:00,0,0.1171,0,Low,Random Forest
41057,439,252,2025-10-04 16:23:00,0,0.1321,0,Low,Random Forest
41058,1160,45,2025-10-04 16:30:00,0,0.1689,0,Low,Random Forest
41059,255,328,2025-10-04 16:39:00,0,0.1627,0,Low,Random Forest
41060,2748,350,2025-10-04 16:40:00,0,0.1529,0,Low,Random Forest
41061,2675,50,2025-10-04 16:47:00,0,0.1613,0,Low,Random Forest
41062,113,363,2025-10-04 16:54:00,0,0.1468,0,Low,Random Forest
41063,1708,335,2025-10-04 17:01:00,0,0.3909,1,Medium,Random Forest
41064,2642,130,2025-10-04 17:03:00,0,0.1515,0,Low,Random Forest
41065,2161,220,2025-10-04 17:03:00,0,0.2249,0,Low,Random Forest
41066,1471,387,2025-10-04 17:06:00,0,0.1311,0,Low,Random Forest
41067,2499,335,2025-10-04 17:13:00,0,0.3108,1,Medium,Random Forest
41068,113,32,2025-10-04 17:25:00,0,0.2342,0,Low,Random Forest
41069,1875,370,2025-10-04 17:28:00,0,0.1235,0,Low,Random Forest
41070,1526,81,2025-10-04 17:30:00,0,0.3409,1,Medium,Random Forest
41071,416,441,2025-10-04 17:40:00,0,0.1737,0,Low,Random Forest
41072,852,318,2025-10-04 17:43:00,1,0.2622,0,Low,Random Forest
41073,316,351,2025-10-04 17:44:00,0,0.1668,0,Low,Random Forest
41074,821,56,2025-10-04 17:50:00,0,0.1509,0,Low,Random Forest
41075,1101,181,2025-10-04 18:01:00,0,0.2561,0,Low,Random Forest
41076,879,354,2025-10-04 18:04:00,0,0.3567,1,Medium,Random Forest
41077,2225,355,2025-10-04 18:10:00,0,0.3084,1,Medium,Random Forest
41078,272,236,2025-10-04 18:14:00,0,0.1772,0,Low,Random Forest
41079,1101,241,2025-10-04 18:14:00,0,0.232,0,Low,Random Forest
41080,1647,20,2025-10-04 18:16:00,1,0.4919,1,Medium,Random Forest
41081,2766,442,2025-10-04 18:17:00,0,0.3052,1,Medium,Random Forest
41082,2596,389,2025-10-04 18:29:00,0,0.2271,0,Low,Random Forest
41083,2146,370,2025-10-04 18:30:00,1,0.352,1,Medium,Random Forest
41084,1723,77,2025-10-04 18:34:00,1,0.1884,0,Low,Random Forest
41085,2504,241,2025-10-04 18:44:00,0,0.2913,0,Low,Random Forest
41086,312,370,2025-10-04 18:51:00,0,0.2891,0,Low,Random Forest
41087,1421,337,2025-10-04 18:52:00,1,0.3193,1,Medium,Random Forest
41088,1812,260,2025-10-04 19:04:00,0,0.2038,0,Low,Random Forest
41089,1584,298,2025-10-04 19:07:00,0,0.28,0,Low,Random Forest
41090,174,370,2025-10-04 19:20:00,0,0.291,0,Low,Random Forest
41091,1422,323,2025-10-04 19:23:00,0,0.2365,0,Low,Random Forest
41092,1415,370,2025-10-04 19:26:00,0,0.1765,0,Low,Random Forest
41093,2886,235,2025-10-04 19:35:00,0,0.2741,0,Low,Random Forest
41094,113,279,2025-10-04 19:41:00,1,0.3192,1,Medium,Random Forest
41095,2400,124,2025-10-04 19:50:00,1,0.3406,1,Medium,Random Forest
41096,113,370,2025-10-04 19:54:00,0,0.3173,1,Medium,Random Forest
41097,1101,269,2025-10-04 20:05:00,0,0.258,0,Low,Random Forest
41098,1699,77,2025-10-04 20:10:00,0,0.2891,0,Low,Random Forest
41099,312,181,2025-10-04 20:27:00,1,0.1904,0,Low,Random Forest
41100,1812,74,2025-10-04 20:30:00,0,0.2687,0,Low,Random Forest
41101,2720,260,2025-10-04 20:44:00,0,0.1787,0,Low,Random Forest
41102,113,181,2025-10-04 20:45:00,0,0.3249,1,Medium,Random Forest
41103,2708,376,2025-10-04 20:47:00,0,0.2079,0,Low,Random Forest
41104,1260,116,2025-10-04 20:52:00,1,0.2979,0,Low,Random Forest
41105,1914,332,2025-10-04 20:58:00,0,0.2751,0,Low,Random Forest
41106,255,241,2025-10-04 21:02:00,0,0.1493,0,Low,Random Forest
41107,175,106,2025-10-04 21:07:00,0,0.1545,0,Low,Random Forest
41108,651,370,2025-10-04 21:14:00,0,0.129,0,Low,Random Forest
41109,186,64,2025-10-04 21:16:00,0,0.136,0,Low,Random Forest
41110,203,236,2025-10-04 21:40:00,0,0.1523,0,Low,Random Forest
41111,948,116,2025-10-04 21:41:00,0,0.2229,0,Low,Random Forest
41112,1777,399,2025-10-04 21:57:00,0,0.1365,0,Low,Random Forest
41113,2617,281,2025-10-04 21:58:00,0,0.1397,0,Low,Random Forest
41114,2758,241,2025-10-04 22:03:00,0,0.1289,0,Low,Random Forest
41115,1608,45,2025-10-04 22:37:00,0,0.176,0,Low,Random Forest
41116,113,370,2025-10-04 22:52:00,1,0.1681,0,Low,Random Forest
41117,307,177,2025-10-04 23:14:00,0,0.2018,0,Low,Random Forest
41118,1089,241,2025-10-05 00:05:00,0,0.1933,0,Low,Random Forest
41119,678,13,2025-10-05 00:17:00,0,0.2729,0,Low,Random Forest
41120,1644,370,2025-10-05 01:20:00,0,0.286,0,Low,Random Forest
41121,334,259,2025-10-05 01:20:00,0,0.2354,0,Low,Random Forest
41122,255,106,2025-10-05 01:30:00,1,0.1929,0,Low,Random Forest
41123,1089,252,2025-10-05 01:44:00,0,0.2002,0,Low,Random Forest
41124,1653,241,2025-10-05 01:48:00,0,0.2152,0,Low,Random Forest
41125,1101,370,2025-10-05 01:56:00,1,0.2607,0,Low,Random Forest
41126,1944,181,2025-10-05 02:07:00,0,0.201,0,Low,Random Forest
41127,1812,275,2025-10-05 02:23:00,0,0.2097,0,Low,Random Forest
41128,1314,375,2025-10-05 04:20:00,0,0.2681,0,Low,Random Forest
41129,612,402,2025-10-05 05:15:00,0,0.1728,0,Low,Random Forest
41130,1492,323,2025-10-05 05:16:00,0,0.1417,0,Low,Random Forest
41131,1329,370,2025-10-05 05:17:00,0,0.1638,0,Low,Random Forest
41132,2672,181,2025-10-05 05:57:00,0,0.1674,0,Low,Random Forest
41133,254,124,2025-10-05 06:07:00,1,0.1621,0,Low,Random Forest
41134,111,241,2025-10-05 06:08:00,0,0.1603,0,Low,Random Forest
41135,1101,370,2025-10-05 06:21:00,0,0.1649,0,Low,Random Forest
41136,1254,442,2025-10-05 06:29:00,0,0.2145,0,Low,Random Forest
41137,270,241,2025-10-05 06:30:00,0,0.1737,0,Low,Random Forest
41138,651,351,2025-10-05 06:50:00,0,0.1515,0,Low,Random Forest
41139,2692,351,2025-10-05 06:57:00,1,0.158,0,Low,Random Forest
41140,1101,31,2025-10-05 06:57:00,0,0.1361,0,Low,Random Forest
41141,255,359,2025-10-05 07:13:00,0,0.1379,0,Low,Random Forest
41142,113,275,2025-10-05 07:14:00,0,0.1696,0,Low,Random Forest
41143,821,116,2025-10-05 07:18:00,0,0.1438,0,Low,Random Forest
41144,440,433,2025-10-05 07:21:00,0,0.205,0,Low,Random Forest
41145,2222,187,2025-10-05 07:22:00,0,0.1756,0,Low,Random Forest
41146,1929,370,2025-10-05 07:33:00,0,0.14,0,Low,Random Forest
41147,434,406,2025-10-05 07:34:00,0,0.1695,0,Low,Random Forest
41149,2725,376,2025-10-05 07:41:00,0,0.1588,0,Low,Random Forest
41148,962,74,2025-10-05 07:41:00,0,0.1694,0,Low,Random Forest
41150,1848,334,2025-10-05 07:42:00,0,0.1862,0,Low,Random Forest
41151,2351,412,2025-10-05 08:21:00,1,0.3255,1,Medium,Random Forest
41152,2636,370,2025-10-05 08:27:00,1,0.299,0,Low,Random Forest
41153,1820,38,2025-10-05 08:31:00,1,0.8149,1,High,Random Forest
41154,2490,262,2025-10-05 08:46:00,0,0.2529,0,Low,Random Forest
41155,1992,77,2025-10-05 08:48:00,0,0.2755,0,Low,Random Forest
41156,1303,16,2025-10-05 08:49:00,0,0.2002,0,Low,Random Forest
41157,2725,370,2025-10-05 08:49:00,1,0.3172,1,Medium,Random Forest
41158,1554,328,2025-10-05 08:50:00,0,0.2433,0,Low,Random Forest
41159,931,306,2025-10-05 08:58:00,1,0.7772,1,High,Random Forest
41160,2983,441,2025-10-05 09:03:00,0,0.3001,1,Medium,Random Forest
41161,215,260,2025-10-05 09:04:00,0,0.2757,0,Low,Random Forest
41163,2997,61,2025-10-05 09:22:00,1,0.3295,1,Medium,Random Forest
41162,2694,45,2025-10-05 09:22:00,1,0.25,0,Low,Random Forest
41164,186,269,2025-10-05 09:27:00,0,0.2933,0,Low,Random Forest
41165,255,176,2025-10-05 09:29:00,1,0.2743,0,Low,Random Forest
41166,113,363,2025-10-05 09:35:00,0,0.2398,0,Low,Random Forest
41167,2339,398,2025-10-05 09:43:00,0,0.1986,0,Low,Random Forest
41168,1206,433,2025-10-05 09:44:00,0,0.2585,0,Low,Random Forest
41169,2986,370,2025-10-05 10:07:00,0,0.1536,0,Low,Random Forest
41170,2781,231,2025-10-05 10:14:00,0,0.2878,0,Low,Random Forest
41171,1812,370,2025-10-05 10:27:00,0,0.1299,0,Low,Random Forest
41172,2787,142,2025-10-05 10:32:00,0,0.1487,0,Low,Random Forest
41173,1883,74,2025-10-05 10:40:00,0,0.1673,0,Low,Random Forest
41174,1005,406,2025-10-05 10:48:00,0,0.1317,0,Low,Random Forest
41175,372,275,2025-10-05 10:55:00,0,0.1998,0,Low,Random Forest
41176,1377,324,2025-10-05 10:59:00,0,0.1761,0,Low,Random Forest
41177,113,370,2025-10-05 11:11:00,0,0.1277,0,Low,Random Forest
41178,255,173,2025-10-05 11:12:00,0,0.3655,1,Medium,Random Forest
41179,864,370,2025-10-05 11:19:00,0,0.1864,0,Low,Random Forest
41180,475,241,2025-10-05 11:19:00,0,0.1442,0,Low,Random Forest
41181,255,316,2025-10-05 11:28:00,0,0.1092,0,Low,Random Forest
41183,1226,370,2025-10-05 11:49:00,0,0.1956,0,Low,Random Forest
41182,1365,181,2025-10-05 11:49:00,0,0.1562,0,Low,Random Forest
41184,2748,275,2025-10-05 11:56:00,0,0.1397,0,Low,Random Forest
41185,254,355,2025-10-05 11:57:00,0,0.1464,0,Low,Random Forest
41186,2568,370,2025-10-05 12:01:00,0,0.1249,0,Low,Random Forest
41187,1098,252,2025-10-05 12:12:00,0,0.2038,0,Low,Random Forest
41188,171,296,2025-10-05 12:18:00,0,0.1251,0,Low,Random Forest
41189,2206,108,2025-10-05 12:21:00,0,0.1939,0,Low,Random Forest
41190,255,370,2025-10-05 12:30:00,0,0.1339,0,Low,Random Forest
41192,2297,433,2025-10-05 12:34:00,0,0.1561,0,Low,Random Forest
41191,2256,320,2025-10-05 12:34:00,0,0.137,0,Low,Random Forest
41193,1706,259,2025-10-05 12:39:00,0,0.1413,0,Low,Random Forest
41194,2568,187,2025-10-05 12:52:00,1,0.1464,0,Low,Random Forest
41195,226,159,2025-10-05 12:57:00,0,0.1793,0,Low,Random Forest
41196,113,252,2025-10-05 13:00:00,0,0.1175,0,Low,Random Forest
41197,293,120,2025-10-05 13:34:00,0,0.1891,0,Low,Random Forest
41199,785,273,2025-10-05 13:42:00,0,0.1377,0,Low,Random Forest
41198,1800,370,2025-10-05 13:42:00,0,0.1455,0,Low,Random Forest
41200,2445,289,2025-10-05 14:08:00,1,0.1465,0,Low,Random Forest
41201,1986,108,2025-10-05 14:13:00,0,0.136,0,Low,Random Forest
41202,2092,64,2025-10-05 14:38:00,0,0.1144,0,Low,Random Forest
41203,1636,125,2025-10-05 15:21:00,0,0.1595,0,Low,Random Forest
41204,160,370,2025-10-05 15:28:00,0,0.1422,0,Low,Random Forest
41205,1588,51,2025-10-05 15:30:00,0,0.1363,0,Low,Random Forest
41206,255,241,2025-10-05 15:32:00,0,0.1551,0,Low,Random Forest
41207,255,370,2025-10-05 15:36:00,0,0.1113,0,Low,Random Forest
41208,1584,63,2025-10-05 15:36:00,0,0.1422,0,Low,Random Forest
41209,1875,158,2025-10-05 16:07:00,0,0.1629,0,Low,Random Forest
41210,1768,363,2025-10-05 16:24:00,0,0.1947,0,Low,Random Forest
41211,832,435,2025-10-05 16:30:00,0,0.1244,0,Low,Random Forest
41212,2351,208,2025-10-05 16:48:00,0,0.1382,0,Low,Random Forest
41213,2004,371,2025-10-05 16:50:00,0,0.1539,0,Low,Random Forest
41214,1455,38,2025-10-05 17:00:00,1,0.1698,0,Low,Random Forest
41215,1867,433,2025-10-05 17:07:00,0,0.1392,0,Low,Random Forest
41216,1809,370,2025-10-05 17:32:00,0,0.1325,0,Low,Random Forest
41217,1848,158,2025-10-05 17:35:00,0,0.1794,0,Low,Random Forest
41218,14,88,2025-10-05 17:52:00,0,0.1607,0,Low,Random Forest
41219,2616,441,2025-10-05 17:56:00,0,0.151,0,Low,Random Forest
41220,1101,262,2025-10-05 18:07:00,1,0.2382,0,Low,Random Forest
41221,1671,406,2025-10-05 18:11:00,0,0.2506,0,Low,Random Forest
41222,312,184,2025-10-05 18:18:00,0,0.2219,0,Low,Random Forest
41223,1012,399,2025-10-05 18:20:00,1,0.3199,1,Medium,Random Forest
41224,2431,370,2025-10-05 18:25:00,0,0.3014,1,Medium,Random Forest
41225,2291,74,2025-10-05 18:29:00,1,0.7887,1,High,Random Forest
41226,1742,132,2025-10-05 18:38:00,0,0.2615,0,Low,Random Forest
41227,2023,76,2025-10-05 18:43:00,0,0.2458,0,Low,Random Forest
41228,400,410,2025-10-05 18:46:00,0,0.2309,0,Low,Random Forest
41229,216,241,2025-10-05 18:47:00,0,0.3004,1,Medium,Random Forest
41230,2870,323,2025-10-05 18:51:00,0,0.1794,0,Low,Random Forest
41231,2459,254,2025-10-05 19:00:00,0,0.2037,0,Low,Random Forest
41232,865,306,2025-10-05 19:02:00,0,0.2771,0,Low,Random Forest
41233,1112,289,2025-10-05 19:03:00,0,0.2254,0,Low,Random Forest
41235,113,363,2025-10-05 19:19:00,0,0.2401,0,Low,Random Forest
41234,2635,242,2025-10-05 19:19:00,1,0.3434,1,Medium,Random Forest
41236,312,241,2025-10-05 19:22:00,0,0.2159,0,Low,Random Forest
41237,608,376,2025-10-05 19:28:00,0,0.1731,0,Low,Random Forest
41238,255,385,2025-10-05 19:30:00,0,0.2895,0,Low,Random Forest
41239,819,370,2025-10-05 19:32:00,0,0.2801,0,Low,Random Forest
41240,2642,88,2025-10-05 19:35:00,0,0.2797,0,Low,Random Forest
41241,2678,370,2025-10-05 19:46:00,0,0.3338,1,Medium,Random Forest
41242,1101,49,2025-10-05 19:47:00,1,0.5337,1,Medium,Random Forest
41243,255,176,2025-10-05 19:48:00,0,0.2605,0,Low,Random Forest
41244,2321,159,2025-10-05 20:16:00,0,0.296,0,Low,Random Forest
41245,2256,106,2025-10-05 20:39:00,0,0.2597,0,Low,Random Forest
41246,2194,252,2025-10-05 21:09:00,0,0.1791,0,Low,Random Forest
41247,2916,381,2025-10-05 21:25:00,0,0.4177,1,Medium,Random Forest
41248,2596,370,2025-10-05 21:36:00,1,0.173,0,Low,Random Forest
41249,312,241,2025-10-05 21:40:00,1,0.7577,1,High,Random Forest
41250,1105,256,2025-10-05 21:54:00,0,0.133,0,Low,Random Forest
41251,258,241,2025-10-05 21:57:00,0,0.1648,0,Low,Random Forest
41252,2420,187,2025-10-05 22:00:00,0,0.149,0,Low,Random Forest
41253,1636,296,2025-10-05 22:28:00,0,0.1396,0,Low,Random Forest
41254,1877,429,2025-10-05 22:34:00,1,0.2285,0,Low,Random Forest
41255,255,318,2025-10-05 22:38:00,0,0.3282,1,Medium,Random Forest
41256,246,393,2025-10-05 22:47:00,0,0.1552,0,Low,Random Forest
41257,464,411,2025-10-05 22:59:00,0,0.3474,1,Medium,Random Forest
41258,2881,417,2025-10-05 23:01:00,0,0.2097,0,Low,Random Forest
41259,402,363,2025-10-05 23:05:00,0,0.2446,0,Low,Random Forest
41260,2922,169,2025-10-05 23:26:00,0,0.1993,0,Low,Random Forest
41261,1937,88,2025-10-05 23:33:00,1,0.208,0,Low,Random Forest
41262,162,376,2025-10-06 00:40:00,0,0.1838,0,Low,Random Forest
41263,1868,289,2025-10-06 01:28:00,0,0.2203,0,Low,Random Forest
41264,2881,124,2025-10-06 01:36:00,0,0.2306,0,Low,Random Forest
41265,1462,120,2025-10-06 04:08:00,1,0.2579,0,Low,Random Forest
41266,1225,370,2025-10-06 05:23:00,0,0.1407,0,Low,Random Forest
41267,265,433,2025-10-06 06:05:00,0,0.151,0,Low,Random Forest
41268,1295,77,2025-10-06 06:17:00,0,0.1288,0,Low,Random Forest
41269,27,376,2025-10-06 06:41:00,0,0.1571,0,Low,Random Forest
41270,255,262,2025-10-06 06:47:00,1,0.7808,1,High,Random Forest
41271,207,344,2025-10-06 06:48:00,0,0.1237,0,Low,Random Forest
41272,2596,262,2025-10-06 07:00:00,0,0.1299,0,Low,Random Forest
41273,1101,169,2025-10-06 07:08:00,0,0.1489,0,Low,Random Forest
41274,2100,260,2025-10-06 07:12:00,0,0.1241,0,Low,Random Forest
41275,291,220,2025-10-06 07:16:00,1,0.202,0,Low,Random Forest
41276,2501,435,2025-10-06 07:25:00,0,0.1287,0,Low,Random Forest
41277,2621,318,2025-10-06 07:30:00,0,0.2837,0,Low,Random Forest
41278,1101,236,2025-10-06 07:32:00,0,0.1177,0,Low,Random Forest
41279,113,359,2025-10-06 08:07:00,1,0.7983,1,High,Random Forest
41280,2409,193,2025-10-06 08:10:00,1,0.3056,1,Medium,Random Forest
41281,2860,88,2025-10-06 08:10:00,0,0.1757,0,Low,Random Forest
41282,1181,241,2025-10-06 08:13:00,0,0.1999,0,Low,Random Forest
41283,113,241,2025-10-06 08:13:00,0,0.2723,0,Low,Random Forest
41284,2209,370,2025-10-06 08:14:00,0,0.2078,0,Low,Random Forest
41285,1875,236,2025-10-06 08:21:00,0,0.2664,0,Low,Random Forest
41286,2764,236,2025-10-06 08:26:00,0,0.1651,0,Low,Random Forest
41287,113,442,2025-10-06 08:32:00,0,0.2126,0,Low,Random Forest
41289,1864,406,2025-10-06 08:43:00,0,0.2319,0,Low,Random Forest
41288,1101,426,2025-10-06 08:43:00,0,0.1746,0,Low,Random Forest
41290,863,370,2025-10-06 08:46:00,0,0.1641,0,Low,Random Forest
41291,2856,169,2025-10-06 08:47:00,0,0.2369,0,Low,Random Forest
41292,2516,370,2025-10-06 08:48:00,0,0.2408,0,Low,Random Forest
41293,1101,114,2025-10-06 08:52:00,0,0.1819,0,Low,Random Forest
41294,255,412,2025-10-06 08:55:00,1,0.3559,1,Medium,Random Forest
41295,210,363,2025-10-06 09:00:00,0,0.2388,0,Low,Random Forest
41296,777,318,2025-10-06 09:13:00,0,0.3549,1,Medium,Random Forest
41297,855,262,2025-10-06 09:27:00,0,0.1691,0,Low,Random Forest
41298,1780,180,2025-10-06 09:31:00,1,0.3569,1,Medium,Random Forest
41299,113,252,2025-10-06 09:35:00,0,0.2004,0,Low,Random Forest
41300,2226,236,2025-10-06 09:37:00,0,0.1757,0,Low,Random Forest
41301,2691,260,2025-10-06 09:43:00,0,0.2251,0,Low,Random Forest
41302,1247,316,2025-10-06 09:54:00,0,0.1957,0,Low,Random Forest
41303,156,45,2025-10-06 09:57:00,0,0.2525,0,Low,Random Forest
41304,1367,180,2025-10-06 09:59:00,0,0.3592,1,Medium,Random Forest
41305,67,335,2025-10-06 10:00:00,1,0.3107,1,Medium,Random Forest
41306,1413,370,2025-10-06 10:03:00,0,0.1187,0,Low,Random Forest
41307,789,370,2025-10-06 10:27:00,0,0.1422,0,Low,Random Forest
41308,707,376,2025-10-06 10:28:00,0,0.1183,0,Low,Random Forest
41309,2691,370,2025-10-06 10:35:00,1,0.1057,0,Low,Random Forest
41310,159,338,2025-10-06 10:43:00,0,0.1313,0,Low,Random Forest
41311,2448,318,2025-10-06 10:46:00,1,0.3057,1,Medium,Random Forest
41312,207,184,2025-10-06 10:47:00,0,0.132,0,Low,Random Forest
41313,1351,315,2025-10-06 11:07:00,0,0.1287,0,Low,Random Forest
41314,1225,169,2025-10-06 11:21:00,0,0.1314,0,Low,Random Forest
41315,2933,137,2025-10-06 11:27:00,0,0.2475,0,Low,Random Forest
41316,2306,252,2025-10-06 11:31:00,0,0.1151,0,Low,Random Forest
41317,2600,236,2025-10-06 11:41:00,0,0.1355,0,Low,Random Forest
41318,1552,180,2025-10-06 11:44:00,1,0.258,0,Low,Random Forest
41319,2678,406,2025-10-06 11:45:00,0,0.1301,0,Low,Random Forest
41320,863,418,2025-10-06 12:11:00,0,0.2107,0,Low,Random Forest
41321,1101,306,2025-10-06 12:27:00,0,0.1388,0,Low,Random Forest
41322,1101,55,2025-10-06 12:39:00,0,0.1349,0,Low,Random Forest
41323,966,262,2025-10-06 13:06:00,0,0.1167,0,Low,Random Forest
41324,1509,177,2025-10-06 13:15:00,0,0.1229,0,Low,Random Forest
41325,781,238,2025-10-06 13:24:00,0,0.1214,0,Low,Random Forest
41326,2021,435,2025-10-06 13:34:00,0,0.1236,0,Low,Random Forest
41327,1101,250,2025-10-06 13:35:00,0,0.1146,0,Low,Random Forest
41328,1213,433,2025-10-06 13:39:00,1,0.1454,0,Low,Random Forest
41329,2180,307,2025-10-06 13:41:00,0,0.1593,0,Low,Random Forest
41330,1092,251,2025-10-06 13:43:00,1,0.1323,0,Low,Random Forest
41331,2172,370,2025-10-06 13:54:00,0,0.1308,0,Low,Random Forest
41332,2380,422,2025-10-06 13:55:00,0,0.1628,0,Low,Random Forest
41333,2499,236,2025-10-06 14:00:00,0,0.1198,0,Low,Random Forest
41334,659,275,2025-10-06 14:15:00,1,0.1382,0,Low,Random Forest
41335,2691,363,2025-10-06 14:16:00,0,0.1373,0,Low,Random Forest
41336,1039,124,2025-10-06 14:19:00,0,0.122,0,Low,Random Forest
41337,131,301,2025-10-06 14:30:00,0,0.207,0,Low,Random Forest
41338,312,106,2025-10-06 14:32:00,0,0.1299,0,Low,Random Forest
41339,523,376,2025-10-06 15:01:00,0,0.1196,0,Low,Random Forest
41340,2225,370,2025-10-06 15:12:00,0,0.1384,0,Low,Random Forest
41341,1101,354,2025-10-06 15:49:00,0,0.1572,0,Low,Random Forest
41342,2151,328,2025-10-06 15:53:00,0,0.1236,0,Low,Random Forest
41343,2542,241,2025-10-06 16:02:00,0,0.1247,0,Low,Random Forest
41344,1878,252,2025-10-06 16:03:00,1,0.1202,0,Low,Random Forest
41345,2408,236,2025-10-06 16:08:00,0,0.1546,0,Low,Random Forest
41346,1384,370,2025-10-06 16:31:00,0,0.1491,0,Low,Random Forest
41347,233,375,2025-10-06 16:37:00,0,0.1559,0,Low,Random Forest
41348,1335,38,2025-10-06 16:54:00,0,0.1419,0,Low,Random Forest
41350,604,241,2025-10-06 17:06:00,0,0.1169,0,Low,Random Forest
41349,293,371,2025-10-06 17:06:00,0,0.1512,0,Low,Random Forest
41352,1101,176,2025-10-06 17:13:00,0,0.1278,0,Low,Random Forest
41351,711,363,2025-10-06 17:13:00,0,0.12,0,Low,Random Forest
41353,1101,63,2025-10-06 17:15:00,0,0.1152,0,Low,Random Forest
41354,1316,370,2025-10-06 17:16:00,0,0.109,0,Low,Random Forest
41355,255,370,2025-10-06 17:19:00,0,0.1176,0,Low,Random Forest
41356,2570,63,2025-10-06 17:22:00,0,0.1414,0,Low,Random Forest
41357,2117,45,2025-10-06 17:35:00,0,0.1852,0,Low,Random Forest
41358,334,399,2025-10-06 17:36:00,0,0.1432,0,Low,Random Forest
41359,509,370,2025-10-06 17:36:00,0,0.1406,0,Low,Random Forest
41360,2616,181,2025-10-06 17:36:00,0,0.1305,0,Low,Random Forest
41361,1416,158,2025-10-06 17:40:00,0,0.1413,0,Low,Random Forest
41362,113,370,2025-10-06 17:51:00,0,0.1232,0,Low,Random Forest
41363,171,241,2025-10-06 17:52:00,0,0.113,0,Low,Random Forest
41364,123,1,2025-10-06 17:59:00,0,0.1591,0,Low,Random Forest
41365,1812,370,2025-10-06 18:02:00,0,0.1724,0,Low,Random Forest
41366,2985,231,2025-10-06 18:07:00,0,0.3275,1,Medium,Random Forest
41367,461,120,2025-10-06 18:18:00,0,0.2815,0,Low,Random Forest
41368,1101,311,2025-10-06 18:19:00,0,0.1622,0,Low,Random Forest
41369,1636,231,2025-10-06 18:20:00,0,0.235,0,Low,Random Forest
41370,1326,106,2025-10-06 18:23:00,0,0.1926,0,Low,Random Forest
41371,1331,316,2025-10-06 18:31:00,0,0.2057,0,Low,Random Forest
41372,2145,275,2025-10-06 18:41:00,0,0.1578,0,Low,Random Forest
41373,1101,327,2025-10-06 18:49:00,0,0.162,0,Low,Random Forest
41374,2691,363,2025-10-06 18:52:00,0,0.2008,0,Low,Random Forest
41375,48,370,2025-10-06 18:58:00,0,0.2371,0,Low,Random Forest
41376,2761,271,2025-10-06 19:01:00,1,0.1693,0,Low,Random Forest
41377,1101,64,2025-10-06 19:06:00,1,0.1612,0,Low,Random Forest
41378,1554,370,2025-10-06 19:09:00,0,0.1701,0,Low,Random Forest
41379,1456,184,2025-10-06 19:10:00,0,0.1804,0,Low,Random Forest
41380,546,241,2025-10-06 19:15:00,0,0.2476,0,Low,Random Forest
41381,1351,375,2025-10-06 19:16:00,0,0.2891,0,Low,Random Forest
41382,2179,152,2025-10-06 19:22:00,1,0.2554,0,Low,Random Forest
41383,2255,294,2025-10-06 19:26:00,0,0.4552,1,Medium,Random Forest
41384,2274,231,2025-10-06 19:32:00,0,0.3394,1,Medium,Random Forest
41385,2395,241,2025-10-06 19:42:00,0,0.1531,0,Low,Random Forest
41386,255,371,2025-10-06 19:42:00,1,0.1833,0,Low,Random Forest
41387,163,181,2025-10-06 19:54:00,0,0.2207,0,Low,Random Forest
41388,2532,89,2025-10-06 20:06:00,1,0.2067,0,Low,Random Forest
41389,255,88,2025-10-06 20:17:00,0,0.2494,0,Low,Random Forest
41390,175,390,2025-10-06 20:24:00,0,0.2071,0,Low,Random Forest
41391,1101,370,2025-10-06 20:26:00,0,0.1528,0,Low,Random Forest
41392,174,296,2025-10-06 20:27:00,0,0.1641,0,Low,Random Forest
41393,1254,151,2025-10-06 20:35:00,0,0.2174,0,Low,Random Forest
41394,1387,138,2025-10-06 20:42:00,0,0.3302,1,Medium,Random Forest
41395,1958,375,2025-10-06 20:55:00,0,0.3173,1,Medium,Random Forest
41396,2436,402,2025-10-06 21:17:00,0,0.1501,0,Low,Random Forest
41397,1623,158,2025-10-06 21:22:00,0,0.1671,0,Low,Random Forest
41398,588,50,2025-10-06 21:23:00,0,0.1564,0,Low,Random Forest
41399,140,213,2025-10-06 21:46:00,0,0.188,0,Low,Random Forest
41400,1653,275,2025-10-06 22:04:00,0,0.1623,0,Low,Random Forest
41401,1880,241,2025-10-06 22:10:00,0,0.1374,0,Low,Random Forest
41402,1225,370,2025-10-06 22:46:00,0,0.1207,0,Low,Random Forest
41403,1226,285,2025-10-06 23:22:00,1,0.3261,1,Medium,Random Forest
41404,1101,77,2025-10-06 23:38:00,0,0.1406,0,Low,Random Forest
41405,2961,370,2025-10-07 00:43:00,0,0.172,0,Low,Random Forest
41406,983,110,2025-10-07 01:28:00,1,0.2113,0,Low,Random Forest
41407,783,238,2025-10-07 02:49:00,0,0.2374,0,Low,Random Forest
41408,329,335,2025-10-07 03:00:00,1,0.3584,1,Medium,Random Forest
41409,1399,252,2025-10-07 03:32:00,0,0.1762,0,Low,Random Forest
41410,1742,241,2025-10-07 05:05:00,0,0.1298,0,Low,Random Forest
41411,1996,74,2025-10-07 05:06:00,0,0.144,0,Low,Random Forest
41412,113,85,2025-10-07 05:40:00,0,0.1366,0,Low,Random Forest
41413,258,260,2025-10-07 06:15:00,0,0.1205,0,Low,Random Forest
41414,2652,376,2025-10-07 06:18:00,0,0.1168,0,Low,Random Forest
41415,353,306,2025-10-07 06:20:00,0,0.1357,0,Low,Random Forest
41416,171,370,2025-10-07 06:24:00,0,0.1346,0,Low,Random Forest
41417,1362,236,2025-10-07 06:28:00,0,0.1185,0,Low,Random Forest
41418,1416,376,2025-10-07 06:29:00,0,0.1144,0,Low,Random Forest
41419,1105,370,2025-10-07 06:53:00,0,0.1319,0,Low,Random Forest
41420,1101,37,2025-10-07 07:08:00,0,0.2516,0,Low,Random Forest
41421,2725,258,2025-10-07 07:09:00,0,0.1278,0,Low,Random Forest
41422,1373,349,2025-10-07 07:10:00,0,0.1269,0,Low,Random Forest
41423,2397,370,2025-10-07 07:14:00,0,0.128,0,Low,Random Forest
41424,1848,51,2025-10-07 07:21:00,0,0.1438,0,Low,Random Forest
41425,113,102,2025-10-07 07:26:00,0,0.124,0,Low,Random Forest
41426,1626,114,2025-10-07 07:31:00,1,0.1458,0,Low,Random Forest
41427,113,199,2025-10-07 07:34:00,0,0.3654,1,Medium,Random Forest
41428,2088,336,2025-10-07 07:35:00,0,0.1312,0,Low,Random Forest
41429,821,443,2025-10-07 07:36:00,0,0.1458,0,Low,Random Forest
41431,113,252,2025-10-07 07:39:00,0,0.1233,0,Low,Random Forest
41430,482,6,2025-10-07 07:39:00,0,0.1539,0,Low,Random Forest
41433,1101,275,2025-10-07 07:40:00,0,0.1257,0,Low,Random Forest
41432,1636,243,2025-10-07 07:40:00,0,0.1323,0,Low,Random Forest
41434,864,370,2025-10-07 07:46:00,1,0.7847,1,High,Random Forest
41435,1575,11,2025-10-07 07:49:00,0,0.1306,0,Low,Random Forest
41436,186,370,2025-10-07 07:53:00,0,0.126,0,Low,Random Forest
41437,113,370,2025-10-07 07:56:00,0,0.1329,0,Low,Random Forest
41438,852,285,2025-10-07 08:03:00,0,0.4153,1,Medium,Random Forest
41439,2459,46,2025-10-07 08:06:00,0,0.3748,1,Medium,Random Forest
41440,255,173,2025-10-07 08:09:00,0,0.3429,1,Medium,Random Forest
41441,2791,376,2025-10-07 08:09:00,1,0.2015,0,Low,Random Forest
41442,2774,172,2025-10-07 08:13:00,0,0.1831,0,Low,Random Forest
41443,2870,241,2025-10-07 08:14:00,1,0.1723,0,Low,Random Forest
41444,2936,64,2025-10-07 08:18:00,0,0.2643,0,Low,Random Forest
41446,1899,318,2025-10-07 08:21:00,1,0.2865,0,Low,Random Forest
41445,1986,107,2025-10-07 08:21:00,0,0.3161,1,Medium,Random Forest
41447,312,426,2025-10-07 08:24:00,0,0.1769,0,Low,Random Forest
41448,1309,426,2025-10-07 08:40:00,0,0.1807,0,Low,Random Forest
41449,1721,382,2025-10-07 08:50:00,0,0.1505,0,Low,Random Forest
41450,482,241,2025-10-07 08:54:00,1,0.1843,0,Low,Random Forest
41451,2002,46,2025-10-07 08:55:00,0,0.3489,1,Medium,Random Forest
41453,138,370,2025-10-07 09:06:00,0,0.1462,0,Low,Random Forest
41452,1604,406,2025-10-07 09:06:00,0,0.1658,0,Low,Random Forest
41454,1018,241,2025-10-07 09:09:00,1,0.2544,0,Low,Random Forest
41455,2323,275,2025-10-07 09:10:00,0,0.1989,0,Low,Random Forest
41456,1012,64,2025-10-07 09:25:00,0,0.2315,0,Low,Random Forest
41457,2448,316,2025-10-07 10:03:00,0,0.116,0,Low,Random Forest
41458,1003,77,2025-10-07 10:33:00,0,0.1154,0,Low,Random Forest
41459,1101,306,2025-10-07 10:37:00,0,0.1335,0,Low,Random Forest
41460,2189,376,2025-10-07 11:00:00,0,0.128,0,Low,Random Forest
41461,504,370,2025-10-07 11:08:00,0,0.1286,0,Low,Random Forest
41462,1292,363,2025-10-07 11:13:00,1,0.1288,0,Low,Random Forest
41463,1812,370,2025-10-07 11:14:00,0,0.1151,0,Low,Random Forest
41464,1005,64,2025-10-07 11:18:00,0,0.1404,0,Low,Random Forest
41465,1148,181,2025-10-07 11:25:00,0,0.1307,0,Low,Random Forest
41466,1101,241,2025-10-07 11:50:00,0,0.1339,0,Low,Random Forest
41467,2381,363,2025-10-07 11:57:00,0,0.1211,0,Low,Random Forest
41468,1636,120,2025-10-07 12:26:00,0,0.1893,0,Low,Random Forest
41469,2842,370,2025-10-07 12:41:00,0,0.1207,0,Low,Random Forest
41470,255,406,2025-10-07 12:42:00,0,0.1186,0,Low,Random Forest
41471,791,412,2025-10-07 12:45:00,0,0.1593,0,Low,Random Forest
41472,310,370,2025-10-07 12:51:00,0,0.1147,0,Low,Random Forest
41473,739,55,2025-10-07 13:00:00,0,0.146,0,Low,Random Forest
41474,1383,41,2025-10-07 13:01:00,0,0.1525,0,Low,Random Forest
41475,2507,155,2025-10-07 13:36:00,0,0.127,0,Low,Random Forest
41476,2317,355,2025-10-07 13:44:00,0,0.1398,0,Low,Random Forest
41477,2389,38,2025-10-07 13:49:00,1,0.1288,0,Low,Random Forest
41478,2463,74,2025-10-07 13:51:00,0,0.124,0,Low,Random Forest
41479,1469,376,2025-10-07 14:11:00,0,0.1209,0,Low,Random Forest
41480,1816,34,2025-10-07 14:47:00,0,0.1481,0,Low,Random Forest
41481,1225,289,2025-10-07 15:06:00,1,0.1839,0,Low,Random Forest
41482,1005,77,2025-10-07 15:14:00,0,0.1037,0,Low,Random Forest
41483,255,275,2025-10-07 15:19:00,0,0.2068,0,Low,Random Forest
41484,2117,326,2025-10-07 15:20:00,0,0.1275,0,Low,Random Forest
41485,2834,20,2025-10-07 15:24:00,0,0.2912,0,Low,Random Forest
41486,1356,45,2025-10-07 15:31:00,0,0.142,0,Low,Random Forest
41487,1683,358,2025-10-07 15:37:00,0,0.1229,0,Low,Random Forest
41488,1101,187,2025-10-07 15:44:00,0,0.1143,0,Low,Random Forest
41489,1310,86,2025-10-07 16:00:00,0,0.1187,0,Low,Random Forest
41490,89,195,2025-10-07 16:02:00,1,0.1472,0,Low,Random Forest
41491,2708,260,2025-10-07 16:08:00,0,0.1231,0,Low,Random Forest
41492,255,262,2025-10-07 16:10:00,1,0.1179,0,Low,Random Forest
41493,1278,433,2025-10-07 16:11:00,0,0.1328,0,Low,Random Forest
41494,1225,70,2025-10-07 16:11:00,0,0.2325,0,Low,Random Forest
41495,148,370,2025-10-07 16:13:00,0,0.137,0,Low,Random Forest
41496,651,275,2025-10-07 16:14:00,1,0.1287,0,Low,Random Forest
41497,1740,199,2025-10-07 16:22:00,0,0.2866,0,Low,Random Forest
41498,1867,220,2025-10-07 16:25:00,0,0.1755,0,Low,Random Forest
41499,604,158,2025-10-07 16:30:00,0,0.1404,0,Low,Random Forest
41500,1850,262,2025-10-07 16:40:00,0,0.1219,0,Low,Random Forest
41501,798,370,2025-10-07 16:40:00,0,0.1148,0,Low,Random Forest
41502,567,370,2025-10-07 16:43:00,1,0.1102,0,Low,Random Forest
41503,948,228,2025-10-07 16:58:00,0,0.1789,0,Low,Random Forest
41504,255,370,2025-10-07 17:02:00,0,0.1201,0,Low,Random Forest
41505,2974,316,2025-10-07 17:11:00,0,0.1511,0,Low,Random Forest
41506,125,322,2025-10-07 17:31:00,0,0.15,0,Low,Random Forest
41507,1875,370,2025-10-07 17:37:00,0,0.111,0,Low,Random Forest
41508,291,446,2025-10-07 17:52:00,0,0.1813,0,Low,Random Forest
41509,1681,45,2025-10-07 17:55:00,0,0.158,0,Low,Random Forest
41510,349,177,2025-10-07 18:00:00,0,0.2198,0,Low,Random Forest
41511,1578,323,2025-10-07 18:01:00,0,0.2679,0,Low,Random Forest
41512,2703,435,2025-10-07 18:07:00,0,0.2586,0,Low,Random Forest
41513,669,318,2025-10-07 18:09:00,0,0.307,1,Medium,Random Forest
41514,2376,362,2025-10-07 18:16:00,0,0.1752,0,Low,Random Forest
41515,1413,281,2025-10-07 18:20:00,0,0.1862,0,Low,Random Forest
41516,1101,371,2025-10-07 18:23:00,0,0.1926,0,Low,Random Forest
41517,1944,236,2025-10-07 18:27:00,0,0.1702,0,Low,Random Forest
41518,2475,325,2025-10-07 18:28:00,0,0.2612,0,Low,Random Forest
41519,1356,441,2025-10-07 18:33:00,0,0.2123,0,Low,Random Forest
41520,1618,363,2025-10-07 18:38:00,1,0.2204,0,Low,Random Forest
41521,1986,370,2025-10-07 18:41:00,0,0.2579,0,Low,Random Forest
41522,2928,380,2025-10-07 18:49:00,0,0.2315,0,Low,Random Forest
41523,2194,359,2025-10-07 18:56:00,0,0.1852,0,Low,Random Forest
41524,1422,433,2025-10-07 19:04:00,0,0.2427,0,Low,Random Forest
41525,254,408,2025-10-07 19:09:00,0,0.2296,0,Low,Random Forest
41526,502,406,2025-10-07 19:11:00,0,0.1579,0,Low,Random Forest
41527,1507,262,2025-10-07 19:12:00,0,0.2224,0,Low,Random Forest
41528,2747,45,2025-10-07 19:17:00,1,0.2241,0,Low,Random Forest
41529,255,181,2025-10-07 19:18:00,0,0.198,0,Low,Random Forest
41530,1552,370,2025-10-07 19:32:00,1,0.1952,0,Low,Random Forest
41531,113,158,2025-10-07 19:32:00,0,0.227,0,Low,Random Forest
41532,2075,181,2025-10-07 19:37:00,0,0.2242,0,Low,Random Forest
41534,1801,99,2025-10-07 19:50:00,0,0.2776,0,Low,Random Forest
41535,255,45,2025-10-07 19:50:00,0,0.2333,0,Low,Random Forest
41533,830,275,2025-10-07 19:50:00,1,0.8325,1,High,Random Forest
41536,1750,316,2025-10-07 19:59:00,0,0.1521,0,Low,Random Forest
41537,1812,88,2025-10-07 20:19:00,1,0.2789,0,Low,Random Forest
41538,981,425,2025-10-07 20:31:00,0,0.2851,0,Low,Random Forest
41539,2428,97,2025-10-07 20:35:00,1,0.1676,0,Low,Random Forest
41540,1586,315,2025-10-07 20:44:00,1,0.2675,0,Low,Random Forest
41541,2936,356,2025-10-07 20:53:00,0,0.2212,0,Low,Random Forest
41542,1101,241,2025-10-07 20:58:00,1,0.2356,0,Low,Random Forest
41543,224,376,2025-10-07 21:03:00,0,0.1197,0,Low,Random Forest
41545,1596,3,2025-10-07 21:04:00,0,0.1237,0,Low,Random Forest
41544,1905,351,2025-10-07 21:04:00,0,0.126,0,Low,Random Forest
41546,1127,74,2025-10-07 21:08:00,0,0.1664,0,Low,Random Forest
41547,2000,15,2025-10-07 21:17:00,0,0.1366,0,Low,Random Forest
41548,900,412,2025-10-07 21:31:00,0,0.1777,0,Low,Random Forest
41549,312,260,2025-10-07 21:31:00,0,0.1675,0,Low,Random Forest
41550,821,241,2025-10-07 21:38:00,1,0.1372,0,Low,Random Forest
41551,2704,387,2025-10-07 21:53:00,0,0.143,0,Low,Random Forest
41552,301,323,2025-10-07 21:56:00,0,0.1222,0,Low,Random Forest
41553,1986,241,2025-10-07 22:24:00,0,0.1221,0,Low,Random Forest
41554,2691,371,2025-10-07 22:46:00,0,0.1513,0,Low,Random Forest
41555,2027,436,2025-10-07 23:23:00,1,0.1757,0,Low,Random Forest
41556,4,275,2025-10-07 23:42:00,0,0.1449,0,Low,Random Forest
41557,313,296,2025-10-07 23:56:00,1,0.1559,0,Low,Random Forest
41558,279,406,2025-10-08 01:21:00,1,0.2001,0,Low,Random Forest
41559,1866,361,2025-10-08 02:42:00,0,0.2152,0,Low,Random Forest
41560,2031,337,2025-10-08 04:33:00,0,0.1927,0,Low,Random Forest
41561,2298,69,2025-10-08 05:29:00,0,0.1346,0,Low,Random Forest
41562,2568,370,2025-10-08 05:35:00,0,0.118,0,Low,Random Forest
41563,2084,324,2025-10-08 06:34:00,1,0.1447,0,Low,Random Forest
41564,968,440,2025-10-08 06:44:00,0,0.3132,1,Medium,Random Forest
41565,2397,182,2025-10-08 06:51:00,0,0.1324,0,Low,Random Forest
41566,1455,181,2025-10-08 06:59:00,0,0.1563,0,Low,Random Forest
41567,812,236,2025-10-08 07:03:00,0,0.1255,0,Low,Random Forest
41568,363,370,2025-10-08 07:11:00,0,0.1154,0,Low,Random Forest
41569,1101,376,2025-10-08 07:17:00,0,0.1534,0,Low,Random Forest
41570,966,159,2025-10-08 07:26:00,0,0.1364,0,Low,Random Forest
41571,447,45,2025-10-08 07:33:00,0,0.1686,0,Low,Random Forest
41573,1101,370,2025-10-08 07:35:00,0,0.1288,0,Low,Random Forest
41572,2092,74,2025-10-08 07:35:00,0,0.1248,0,Low,Random Forest
41574,275,252,2025-10-08 07:39:00,0,0.1364,0,Low,Random Forest
41575,1101,45,2025-10-08 07:42:00,0,0.1338,0,Low,Random Forest
41576,1043,199,2025-10-08 07:54:00,0,0.2585,0,Low,Random Forest
41577,766,262,2025-10-08 07:58:00,0,0.1454,0,Low,Random Forest
41578,2179,231,2025-10-08 08:01:00,1,0.7807,1,High,Random Forest
41579,724,55,2025-10-08 08:03:00,0,0.1717,0,Low,Random Forest
41580,843,363,2025-10-08 08:07:00,0,0.231,0,Low,Random Forest
41582,1888,387,2025-10-08 08:10:00,0,0.2686,0,Low,Random Forest
41581,219,370,2025-10-08 08:10:00,0,0.247,0,Low,Random Forest
41583,2678,370,2025-10-08 08:18:00,1,0.1654,0,Low,Random Forest
41584,233,241,2025-10-08 08:32:00,0,0.1676,0,Low,Random Forest
41585,1864,114,2025-10-08 08:37:00,1,0.184,0,Low,Random Forest
41586,113,172,2025-10-08 08:44:00,0,0.2509,0,Low,Random Forest
41587,576,102,2025-10-08 08:54:00,0,0.169,0,Low,Random Forest
41588,177,50,2025-10-08 08:55:00,0,0.2859,0,Low,Random Forest
41589,2251,48,2025-10-08 09:14:00,0,0.2005,0,Low,Random Forest
41590,770,399,2025-10-08 09:22:00,1,0.1962,0,Low,Random Forest
41591,1303,275,2025-10-08 09:24:00,0,0.1587,0,Low,Random Forest
41592,1660,88,2025-10-08 09:27:00,0,0.1691,0,Low,Random Forest
41593,1812,375,2025-10-08 09:28:00,0,0.3022,1,Medium,Random Forest
41594,1092,241,2025-10-08 09:49:00,1,0.2406,0,Low,Random Forest
41595,1101,406,2025-10-08 09:49:00,1,0.1554,0,Low,Random Forest
41596,2170,359,2025-10-08 09:56:00,1,0.2781,0,Low,Random Forest
41597,2476,88,2025-10-08 09:58:00,0,0.1632,0,Low,Random Forest
41598,23,371,2025-10-08 10:00:00,0,0.1335,0,Low,Random Forest
41599,883,235,2025-10-08 10:15:00,0,0.125,0,Low,Random Forest
41600,1105,317,2025-10-08 10:19:00,0,0.1413,0,Low,Random Forest
41601,1373,370,2025-10-08 10:22:00,0,0.1279,0,Low,Random Forest
41602,1616,106,2025-10-08 10:27:00,0,0.1325,0,Low,Random Forest
41603,434,28,2025-10-08 10:29:00,0,0.1474,0,Low,Random Forest
41604,1671,376,2025-10-08 10:33:00,0,0.1197,0,Low,Random Forest
41605,1390,370,2025-10-08 11:03:00,0,0.1233,0,Low,Random Forest
41606,1427,376,2025-10-08 11:17:00,0,0.1162,0,Low,Random Forest
41607,1160,180,2025-10-08 11:19:00,0,0.2842,0,Low,Random Forest
41608,2568,241,2025-10-08 11:34:00,0,0.1164,0,Low,Random Forest
41609,1573,60,2025-10-08 11:39:00,0,0.1613,0,Low,Random Forest
41610,37,251,2025-10-08 11:48:00,0,0.1566,0,Low,Random Forest
41611,2005,370,2025-10-08 11:49:00,1,0.1085,0,Low,Random Forest
41612,766,370,2025-10-08 11:50:00,0,0.1128,0,Low,Random Forest
41613,1880,349,2025-10-08 11:51:00,0,0.1199,0,Low,Random Forest
41614,883,436,2025-10-08 12:05:00,0,0.152,0,Low,Random Forest
41615,255,77,2025-10-08 12:06:00,0,0.1269,0,Low,Random Forest
41616,2255,241,2025-10-08 12:06:00,1,0.1216,0,Low,Random Forest
41617,113,60,2025-10-08 12:12:00,0,0.1779,0,Low,Random Forest
41618,2672,414,2025-10-08 12:13:00,0,0.1246,0,Low,Random Forest
41619,2871,50,2025-10-08 12:21:00,0,0.1582,0,Low,Random Forest
41620,983,275,2025-10-08 12:39:00,1,0.1147,0,Low,Random Forest
41621,255,241,2025-10-08 12:40:00,0,0.1185,0,Low,Random Forest
41622,1991,370,2025-10-08 12:45:00,1,0.1195,0,Low,Random Forest
41623,1101,363,2025-10-08 12:54:00,0,0.1252,0,Low,Random Forest
41624,219,370,2025-10-08 13:03:00,0,0.128,0,Low,Random Forest
41625,312,352,2025-10-08 13:12:00,0,0.1277,0,Low,Random Forest
41626,2542,323,2025-10-08 13:22:00,0,0.1315,0,Low,Random Forest
41627,1795,269,2025-10-08 13:28:00,0,0.1386,0,Low,Random Forest
41628,255,262,2025-10-08 13:34:00,0,0.1112,0,Low,Random Forest
41629,1812,238,2025-10-08 13:44:00,0,0.1337,0,Low,Random Forest
41630,1487,231,2025-10-08 13:49:00,0,0.1883,0,Low,Random Forest
41631,171,77,2025-10-08 13:55:00,0,0.1278,0,Low,Random Forest
41632,113,318,2025-10-08 14:15:00,0,0.2727,0,Low,Random Forest
41633,2021,241,2025-10-08 14:16:00,0,0.1243,0,Low,Random Forest
41634,1675,180,2025-10-08 14:17:00,0,0.2913,0,Low,Random Forest
41636,1800,316,2025-10-08 14:21:00,0,0.1186,0,Low,Random Forest
41635,2543,241,2025-10-08 14:21:00,1,0.1181,0,Low,Random Forest
41637,1507,155,2025-10-08 14:48:00,0,0.154,0,Low,Random Forest
41638,2600,337,2025-10-08 14:56:00,0,0.13,0,Low,Random Forest
41639,1225,370,2025-10-08 14:58:00,0,0.1198,0,Low,Random Forest
41640,1101,433,2025-10-08 15:09:00,0,0.1188,0,Low,Random Forest
41641,870,406,2025-10-08 15:13:00,0,0.1263,0,Low,Random Forest
41642,1413,155,2025-10-08 15:13:00,1,0.1426,0,Low,Random Forest
41643,1101,179,2025-10-08 15:17:00,0,0.1297,0,Low,Random Forest
41644,1101,370,2025-10-08 15:23:00,0,0.1145,0,Low,Random Forest
41645,1101,259,2025-10-08 15:24:00,0,0.1217,0,Low,Random Forest
41646,2218,363,2025-10-08 15:28:00,1,0.1329,0,Low,Random Forest
41647,255,241,2025-10-08 15:38:00,0,0.1928,0,Low,Random Forest
41648,1878,370,2025-10-08 15:47:00,0,0.1078,0,Low,Random Forest
41649,2290,427,2025-10-08 15:50:00,0,0.1272,0,Low,Random Forest
41650,2691,241,2025-10-08 15:50:00,0,0.1193,0,Low,Random Forest
41651,2570,193,2025-10-08 16:08:00,1,0.8052,1,High,Random Forest
41652,1285,275,2025-10-08 16:10:00,0,0.1166,0,Low,Random Forest
41653,163,370,2025-10-08 16:16:00,1,0.118,0,Low,Random Forest
41654,1101,106,2025-10-08 16:30:00,0,0.1199,0,Low,Random Forest
41655,578,86,2025-10-08 16:32:00,1,0.1333,0,Low,Random Forest
41657,922,260,2025-10-08 16:37:00,0,0.1134,0,Low,Random Forest
41656,2337,428,2025-10-08 16:37:00,0,0.1228,0,Low,Random Forest
41658,2317,363,2025-10-08 16:40:00,0,0.1159,0,Low,Random Forest
41659,724,376,2025-10-08 16:41:00,0,0.1522,0,Low,Random Forest
41660,664,4,2025-10-08 16:44:00,0,0.3006,1,Medium,Random Forest
41661,950,362,2025-10-08 16:51:00,0,0.1484,0,Low,Random Forest
41662,479,11,2025-10-08 16:54:00,0,0.122,0,Low,Random Forest
41663,1101,318,2025-10-08 16:54:00,1,0.2528,0,Low,Random Forest
41664,2145,363,2025-10-08 17:00:00,0,0.1148,0,Low,Random Forest
41665,113,120,2025-10-08 17:02:00,0,0.1535,0,Low,Random Forest
41666,123,370,2025-10-08 17:04:00,0,0.1412,0,Low,Random Forest
41667,2211,149,2025-10-08 17:10:00,0,0.1702,0,Low,Random Forest
41668,2881,318,2025-10-08 17:12:00,0,0.3144,1,Medium,Random Forest
41669,2444,252,2025-10-08 17:21:00,0,0.1278,0,Low,Random Forest
41670,2574,406,2025-10-08 17:36:00,0,0.1212,0,Low,Random Forest
41671,1876,318,2025-10-08 17:38:00,1,0.2577,0,Low,Random Forest
41673,160,405,2025-10-08 17:39:00,0,0.1325,0,Low,Random Forest
41672,1214,376,2025-10-08 17:39:00,0,0.1163,0,Low,Random Forest
41674,2028,220,2025-10-08 17:41:00,0,0.1792,0,Low,Random Forest
41675,254,77,2025-10-08 17:45:00,1,0.1275,0,Low,Random Forest
41676,2085,120,2025-10-08 17:50:00,0,0.1666,0,Low,Random Forest
41678,916,363,2025-10-08 17:55:00,0,0.1234,0,Low,Random Forest
41677,1875,363,2025-10-08 17:55:00,0,0.1355,0,Low,Random Forest
41679,258,370,2025-10-08 17:56:00,0,0.1059,0,Low,Random Forest
41680,1195,252,2025-10-08 17:57:00,0,0.1074,0,Low,Random Forest
41681,1875,370,2025-10-08 17:58:00,0,0.1508,0,Low,Random Forest
41682,280,48,2025-10-08 18:07:00,0,0.2066,0,Low,Random Forest
41683,255,306,2025-10-08 18:08:00,0,0.2127,0,Low,Random Forest
41684,1123,418,2025-10-08 18:15:00,0,0.1661,0,Low,Random Forest
41685,2397,241,2025-10-08 18:18:00,0,0.1706,0,Low,Random Forest
41687,2079,81,2025-10-08 18:23:00,1,0.7965,1,High,Random Forest
41686,1579,418,2025-10-08 18:23:00,0,0.283,0,Low,Random Forest
41688,1101,379,2025-10-08 18:27:00,0,0.2671,0,Low,Random Forest
41689,2092,77,2025-10-08 18:28:00,0,0.1906,0,Low,Random Forest
41690,876,241,2025-10-08 18:30:00,0,0.2505,0,Low,Random Forest
41691,255,435,2025-10-08 18:31:00,0,0.2512,0,Low,Random Forest
41692,1459,370,2025-10-08 18:41:00,0,0.1576,0,Low,Random Forest
41693,1939,323,2025-10-08 18:44:00,1,0.8156,1,High,Random Forest
41694,1127,416,2025-10-08 18:49:00,1,0.4763,1,Medium,Random Forest
41695,483,412,2025-10-08 18:49:00,0,0.2277,0,Low,Random Forest
41696,434,106,2025-10-08 19:06:00,0,0.2571,0,Low,Random Forest
41698,163,376,2025-10-08 19:15:00,0,0.2002,0,Low,Random Forest
41697,1101,241,2025-10-08 19:15:00,0,0.2298,0,Low,Random Forest
41699,1738,323,2025-10-08 19:29:00,0,0.193,0,Low,Random Forest
41700,2979,59,2025-10-08 19:37:00,0,0.2887,0,Low,Random Forest
41701,1101,370,2025-10-08 19:42:00,1,0.2511,0,Low,Random Forest
41702,1812,222,2025-10-08 19:49:00,1,0.4623,1,Medium,Random Forest
41703,574,158,2025-10-08 19:57:00,0,0.2302,0,Low,Random Forest
41704,922,46,2025-10-08 20:14:00,1,0.3827,1,Medium,Random Forest
41705,732,241,2025-10-08 20:16:00,0,0.256,0,Low,Random Forest
41706,1101,370,2025-10-08 20:17:00,1,0.1484,0,Low,Random Forest
41707,464,370,2025-10-08 20:32:00,1,0.1953,0,Low,Random Forest
41708,2317,133,2025-10-08 20:45:00,0,0.4284,1,Medium,Random Forest
41709,123,428,2025-10-08 20:51:00,1,0.2115,0,Low,Random Forest
41710,1289,370,2025-10-08 21:22:00,0,0.1119,0,Low,Random Forest
41711,1258,435,2025-10-08 21:32:00,0,0.1496,0,Low,Random Forest
41712,123,376,2025-10-08 21:41:00,0,0.1213,0,Low,Random Forest
41713,255,77,2025-10-08 22:34:00,0,0.121,0,Low,Random Forest
41714,171,241,2025-10-08 23:02:00,0,0.1516,0,Low,Random Forest
41715,627,337,2025-10-08 23:04:00,0,0.1691,0,Low,Random Forest
41716,158,77,2025-10-08 23:15:00,0,0.147,0,Low,Random Forest
41717,2225,124,2025-10-08 23:26:00,0,0.1553,0,Low,Random Forest
41718,2511,363,2025-10-09 00:16:00,0,0.1812,0,Low,Random Forest
41719,159,380,2025-10-09 00:23:00,0,0.2571,0,Low,Random Forest
41720,113,236,2025-10-09 01:20:00,1,0.7571,1,High,Random Forest
41721,1101,418,2025-10-09 01:29:00,1,0.2196,0,Low,Random Forest
41722,1089,152,2025-10-09 01:56:00,0,0.2139,0,Low,Random Forest
41723,417,252,2025-10-09 05:53:00,0,0.1193,0,Low,Random Forest
41724,1997,355,2025-10-09 06:04:00,1,0.1529,0,Low,Random Forest
41725,1812,316,2025-10-09 06:11:00,0,0.1271,0,Low,Random Forest
41726,1861,260,2025-10-09 06:13:00,0,0.142,0,Low,Random Forest
41727,2691,102,2025-10-09 06:28:00,0,0.1272,0,Low,Random Forest
41728,2607,311,2025-10-09 06:34:00,0,0.1553,0,Low,Random Forest
41729,113,433,2025-10-09 07:02:00,0,0.1317,0,Low,Random Forest
41730,823,376,2025-10-09 07:08:00,1,0.1288,0,Low,Random Forest
41731,113,241,2025-10-09 07:19:00,1,0.1212,0,Low,Random Forest
41732,567,351,2025-10-09 07:31:00,0,0.1777,0,Low,Random Forest
41733,1749,370,2025-10-09 07:43:00,1,0.1643,0,Low,Random Forest
41734,2448,275,2025-10-09 07:46:00,0,0.1217,0,Low,Random Forest
41735,255,260,2025-10-09 08:03:00,1,0.2391,0,Low,Random Forest
41736,690,370,2025-10-09 08:23:00,0,0.1718,0,Low,Random Forest
41738,1594,370,2025-10-09 08:28:00,1,0.2294,0,Low,Random Forest
41737,1101,312,2025-10-09 08:28:00,0,0.1502,0,Low,Random Forest
41739,255,425,2025-10-09 08:33:00,1,0.326,1,Medium,Random Forest
41740,2962,363,2025-10-09 08:35:00,0,0.1896,0,Low,Random Forest
41741,2458,241,2025-10-09 08:42:00,0,0.2311,0,Low,Random Forest
41742,1770,275,2025-10-09 08:55:00,0,0.2074,0,Low,Random Forest
41743,2691,236,2025-10-09 09:04:00,0,0.2386,0,Low,Random Forest
41744,990,106,2025-10-09 09:05:00,0,0.1857,0,Low,Random Forest
41745,232,363,2025-10-09 09:13:00,0,0.16,0,Low,Random Forest
41746,219,418,2025-10-09 09:17:00,0,0.1804,0,Low,Random Forest
41747,1428,363,2025-10-09 09:29:00,1,0.2136,0,Low,Random Forest
41748,2834,400,2025-10-09 09:31:00,0,0.2516,0,Low,Random Forest
41749,1438,241,2025-10-09 09:36:00,0,0.1899,0,Low,Random Forest
41750,2699,241,2025-10-09 09:47:00,1,0.2521,0,Low,Random Forest
41751,293,125,2025-10-09 09:56:00,0,0.2034,0,Low,Random Forest
41752,1803,294,2025-10-09 09:56:00,0,0.3718,1,Medium,Random Forest
41753,1225,370,2025-10-09 10:25:00,0,0.1161,0,Low,Random Forest
41754,2761,370,2025-10-09 10:28:00,0,0.1275,0,Low,Random Forest
41755,724,351,2025-10-09 10:44:00,0,0.122,0,Low,Random Forest
41756,2439,262,2025-10-09 10:46:00,0,0.1272,0,Low,Random Forest
41757,233,307,2025-10-09 10:48:00,0,0.1587,0,Low,Random Forest
41758,1089,318,2025-10-09 10:59:00,0,0.2727,0,Low,Random Forest
41759,1225,370,2025-10-09 11:31:00,0,0.1211,0,Low,Random Forest
41760,2991,262,2025-10-09 11:42:00,0,0.1161,0,Low,Random Forest
41761,2397,172,2025-10-09 11:49:00,0,0.1545,0,Low,Random Forest
41762,412,370,2025-10-09 12:01:00,1,0.1212,0,Low,Random Forest
41763,2255,241,2025-10-09 12:05:00,0,0.1127,0,Low,Random Forest
41764,2317,335,2025-10-09 12:28:00,0,0.2728,0,Low,Random Forest
41765,315,370,2025-10-09 12:46:00,0,0.1164,0,Low,Random Forest
41766,2317,370,2025-10-09 12:54:00,0,0.1256,0,Low,Random Forest
41767,255,285,2025-10-09 13:04:00,0,0.331,1,Medium,Random Forest
41768,895,341,2025-10-09 13:13:00,0,0.1482,0,Low,Random Forest
41769,2070,241,2025-10-09 13:20:00,0,0.1278,0,Low,Random Forest
41770,1373,441,2025-10-09 13:24:00,1,0.1245,0,Low,Random Forest
41771,1148,435,2025-10-09 13:33:00,0,0.1402,0,Low,Random Forest
41772,1138,318,2025-10-09 13:39:00,0,0.2856,0,Low,Random Forest
41773,2708,370,2025-10-09 13:52:00,0,0.11,0,Low,Random Forest
41774,618,169,2025-10-09 14:05:00,0,0.1362,0,Low,Random Forest
41775,1415,180,2025-10-09 14:07:00,0,0.3303,1,Medium,Random Forest
41776,2129,31,2025-10-09 14:29:00,0,0.1489,0,Low,Random Forest
41777,2251,370,2025-10-09 14:30:00,0,0.1019,0,Low,Random Forest
41778,1705,370,2025-10-09 14:39:00,0,0.12,0,Low,Random Forest
41779,976,296,2025-10-09 14:42:00,0,0.169,0,Low,Random Forest
41780,1081,376,2025-10-09 14:44:00,0,0.1207,0,Low,Random Forest
41781,238,410,2025-10-09 14:53:00,1,0.1269,0,Low,Random Forest
41782,2791,363,2025-10-09 15:12:00,0,0.1281,0,Low,Random Forest
41783,1966,3,2025-10-09 15:12:00,0,0.1163,0,Low,Random Forest
41785,434,335,2025-10-09 15:15:00,0,0.3293,1,Medium,Random Forest
41784,483,116,2025-10-09 15:15:00,0,0.1211,0,Low,Random Forest
41786,2978,363,2025-10-09 15:30:00,0,0.1148,0,Low,Random Forest
41787,2344,241,2025-10-09 15:38:00,0,0.1131,0,Low,Random Forest
41788,1742,181,2025-10-09 15:46:00,0,0.1317,0,Low,Random Forest
41789,135,330,2025-10-09 15:50:00,0,0.4072,1,Medium,Random Forest
41790,1987,370,2025-10-09 15:58:00,0,0.126,0,Low,Random Forest
41791,113,48,2025-10-09 16:01:00,1,0.1411,0,Low,Random Forest
41792,1944,236,2025-10-09 16:07:00,0,0.1136,0,Low,Random Forest
41793,844,181,2025-10-09 16:14:00,0,0.1385,0,Low,Random Forest
41794,614,370,2025-10-09 16:26:00,0,0.1237,0,Low,Random Forest
41795,1875,370,2025-10-09 16:45:00,0,0.1091,0,Low,Random Forest
41796,1940,132,2025-10-09 16:46:00,0,0.1266,0,Low,Random Forest
41797,2403,11,2025-10-09 16:49:00,0,0.1222,0,Low,Random Forest
41798,2272,370,2025-10-09 16:49:00,0,0.1216,0,Low,Random Forest
41799,1406,390,2025-10-09 16:59:00,0,0.165,0,Low,Random Forest
41800,113,448,2025-10-09 17:16:00,0,0.1626,0,Low,Random Forest
41801,1966,262,2025-10-09 17:20:00,0,0.1115,0,Low,Random Forest
41802,1800,45,2025-10-09 17:21:00,0,0.1497,0,Low,Random Forest
41803,1837,285,2025-10-09 17:22:00,0,0.3481,1,Medium,Random Forest
41804,1101,106,2025-10-09 17:22:00,0,0.1324,0,Low,Random Forest
41805,51,296,2025-10-09 17:26:00,0,0.1357,0,Low,Random Forest
41806,1812,260,2025-10-09 17:35:00,0,0.1525,0,Low,Random Forest
41807,1757,241,2025-10-09 17:51:00,0,0.1195,0,Low,Random Forest
41808,113,370,2025-10-09 17:56:00,0,0.1167,0,Low,Random Forest
41810,255,305,2025-10-09 17:57:00,0,0.1198,0,Low,Random Forest
41809,2942,154,2025-10-09 17:57:00,0,0.1213,0,Low,Random Forest
41811,2304,370,2025-10-09 17:58:00,0,0.1413,0,Low,Random Forest
41812,580,429,2025-10-09 17:59:00,0,0.1267,0,Low,Random Forest
41813,2952,370,2025-10-09 18:02:00,0,0.2576,0,Low,Random Forest
41814,2145,37,2025-10-09 18:05:00,1,0.7957,1,High,Random Forest
41816,2151,48,2025-10-09 18:12:00,0,0.1624,0,Low,Random Forest
41815,1355,262,2025-10-09 18:12:00,0,0.2309,0,Low,Random Forest
41817,113,86,2025-10-09 18:15:00,1,0.2153,0,Low,Random Forest
41818,1618,370,2025-10-09 18:35:00,1,0.2512,0,Low,Random Forest
41819,1150,362,2025-10-09 18:37:00,0,0.2598,0,Low,Random Forest
41820,258,262,2025-10-09 18:43:00,0,0.2002,0,Low,Random Forest
41821,1768,31,2025-10-09 18:44:00,0,0.2583,0,Low,Random Forest
41822,703,307,2025-10-09 18:44:00,0,0.2221,0,Low,Random Forest
41823,2211,159,2025-10-09 18:46:00,0,0.1678,0,Low,Random Forest
41824,1793,433,2025-10-09 18:50:00,0,0.2287,0,Low,Random Forest
41825,163,370,2025-10-09 18:51:00,0,0.1435,0,Low,Random Forest
41826,1101,154,2025-10-09 18:51:00,1,0.236,0,Low,Random Forest
41827,2997,370,2025-10-09 18:59:00,0,0.1444,0,Low,Random Forest
41828,255,315,2025-10-09 19:03:00,0,0.151,0,Low,Random Forest
41829,2657,51,2025-10-09 19:04:00,0,0.2513,0,Low,Random Forest
41831,2346,275,2025-10-09 19:17:00,0,0.1679,0,Low,Random Forest
41830,452,322,2025-10-09 19:17:00,0,0.1929,0,Low,Random Forest
41832,2834,45,2025-10-09 19:19:00,0,0.2042,0,Low,Random Forest
41833,2434,296,2025-10-09 19:24:00,1,0.1879,0,Low,Random Forest
41834,2182,200,2025-10-09 19:28:00,1,0.1717,0,Low,Random Forest
41835,821,289,2025-10-09 19:30:00,0,0.2592,0,Low,Random Forest
41836,219,133,2025-10-09 19:41:00,1,0.4119,1,Medium,Random Forest
41837,301,370,2025-10-09 19:49:00,0,0.221,0,Low,Random Forest
41838,1101,442,2025-10-09 19:55:00,0,0.2259,0,Low,Random Forest
41839,2238,241,2025-10-09 20:00:00,0,0.2258,0,Low,Random Forest
41840,2251,436,2025-10-09 20:11:00,0,0.2601,0,Low,Random Forest
41841,255,285,2025-10-09 20:13:00,0,0.3775,1,Medium,Random Forest
41842,255,252,2025-10-09 20:42:00,0,0.1954,0,Low,Random Forest
41843,2255,316,2025-10-09 20:51:00,0,0.1487,0,Low,Random Forest
41844,2216,106,2025-10-09 20:53:00,0,0.2173,0,Low,Random Forest
41845,1303,116,2025-10-09 21:04:00,0,0.1364,0,Low,Random Forest
41846,113,64,2025-10-09 21:10:00,0,0.1438,0,Low,Random Forest
41847,115,147,2025-10-09 21:14:00,0,0.1277,0,Low,Random Forest
41848,1101,433,2025-10-09 21:28:00,0,0.1369,0,Low,Random Forest
41849,113,383,2025-10-09 21:43:00,0,0.1494,0,Low,Random Forest
41850,515,258,2025-10-09 21:50:00,0,0.1284,0,Low,Random Forest
41851,1455,262,2025-10-09 21:57:00,0,0.1349,0,Low,Random Forest
41852,2105,252,2025-10-09 22:12:00,0,0.1334,0,Low,Random Forest
41853,703,76,2025-10-09 22:16:00,0,0.1398,0,Low,Random Forest
41854,1681,252,2025-10-09 22:22:00,0,0.1126,0,Low,Random Forest
41855,2203,370,2025-10-09 22:45:00,0,0.1422,0,Low,Random Forest
41857,2928,337,2025-10-09 22:53:00,0,0.1452,0,Low,Random Forest
41856,171,88,2025-10-09 22:53:00,0,0.1318,0,Low,Random Forest
41858,1258,64,2025-10-09 22:55:00,0,0.1522,0,Low,Random Forest
41859,255,433,2025-10-09 23:08:00,0,0.1525,0,Low,Random Forest
41860,1225,306,2025-10-09 23:22:00,0,0.1702,0,Low,Random Forest
41861,2014,370,2025-10-09 23:25:00,0,0.1482,0,Low,Random Forest
41862,1868,314,2025-10-09 23:46:00,1,0.1826,0,Low,Random Forest
41863,1101,318,2025-10-10 01:09:00,0,0.2773,0,Low,Random Forest
41864,1954,289,2025-10-10 01:33:00,0,0.2528,0,Low,Random Forest
41865,971,77,2025-10-10 03:19:00,0,0.1958,0,Low,Random Forest
41866,1584,406,2025-10-10 04:23:00,1,0.1558,0,Low,Random Forest
41867,2674,433,2025-10-10 04:38:00,0,0.1743,0,Low,Random Forest
41868,1738,328,2025-10-10 04:48:00,0,0.1609,0,Low,Random Forest
41869,2724,370,2025-10-10 04:56:00,1,0.2005,0,Low,Random Forest
41870,1116,315,2025-10-10 04:59:00,0,0.2341,0,Low,Random Forest
41871,2834,370,2025-10-10 05:17:00,0,0.1244,0,Low,Random Forest
41872,1387,370,2025-10-10 05:30:00,0,0.1212,0,Low,Random Forest
41873,770,318,2025-10-10 05:39:00,0,0.3016,1,Medium,Random Forest
41874,1721,343,2025-10-10 05:47:00,1,0.187,0,Low,Random Forest
41875,2003,159,2025-10-10 06:01:00,0,0.1572,0,Low,Random Forest
41876,1039,106,2025-10-10 06:24:00,0,0.1265,0,Low,Random Forest
41877,2499,318,2025-10-10 06:54:00,0,0.2761,0,Low,Random Forest
41878,255,363,2025-10-10 06:57:00,0,0.1224,0,Low,Random Forest
41879,2272,271,2025-10-10 06:58:00,0,0.1448,0,Low,Random Forest
41880,2276,181,2025-10-10 07:08:00,0,0.1552,0,Low,Random Forest
41881,1101,323,2025-10-10 07:11:00,0,0.1143,0,Low,Random Forest
41882,1833,285,2025-10-10 07:15:00,0,0.3027,1,Medium,Random Forest
41883,2404,412,2025-10-10 07:20:00,0,0.1561,0,Low,Random Forest
41884,482,262,2025-10-10 07:38:00,0,0.1487,0,Low,Random Forest
41885,2325,326,2025-10-10 07:59:00,0,0.1531,0,Low,Random Forest
41886,2306,399,2025-10-10 08:01:00,1,0.1905,0,Low,Random Forest
41887,461,433,2025-10-10 08:07:00,0,0.2243,0,Low,Random Forest
41888,255,198,2025-10-10 08:24:00,0,0.1994,0,Low,Random Forest
41889,757,154,2025-10-10 08:27:00,0,0.1786,0,Low,Random Forest
41891,687,376,2025-10-10 08:31:00,0,0.1842,0,Low,Random Forest
41890,1636,199,2025-10-10 08:31:00,0,0.3962,1,Medium,Random Forest
41892,1087,38,2025-10-10 08:37:00,0,0.2387,0,Low,Random Forest
41893,359,63,2025-10-10 08:42:00,0,0.182,0,Low,Random Forest
41894,2026,370,2025-10-10 08:47:00,0,0.1543,0,Low,Random Forest
41895,1225,106,2025-10-10 08:48:00,1,0.2469,0,Low,Random Forest
41898,830,363,2025-10-10 08:59:00,0,0.1692,0,Low,Random Forest
41897,1101,180,2025-10-10 08:59:00,1,0.3529,1,Medium,Random Forest
41896,163,32,2025-10-10 08:59:00,0,0.3526,1,Medium,Random Forest
41899,1613,381,2025-10-10 09:00:00,0,0.4529,1,Medium,Random Forest
41900,2113,306,2025-10-10 09:04:00,1,0.2037,0,Low,Random Forest
41901,2900,275,2025-10-10 09:14:00,1,0.2336,0,Low,Random Forest
41902,195,241,2025-10-10 09:17:00,0,0.1994,0,Low,Random Forest
41903,113,428,2025-10-10 09:27:00,0,0.1642,0,Low,Random Forest
41905,255,21,2025-10-10 09:33:00,0,0.2418,0,Low,Random Forest
41904,2240,3,2025-10-10 09:33:00,0,0.1676,0,Low,Random Forest
41906,1101,223,2025-10-10 09:44:00,0,0.2176,0,Low,Random Forest
41908,113,236,2025-10-10 09:58:00,1,0.1955,0,Low,Random Forest
41907,334,241,2025-10-10 09:58:00,1,0.1765,0,Low,Random Forest
41909,1573,370,2025-10-10 10:05:00,0,0.1099,0,Low,Random Forest
41910,2708,252,2025-10-10 10:05:00,0,0.1312,0,Low,Random Forest
41911,1996,296,2025-10-10 10:06:00,0,0.1435,0,Low,Random Forest
41912,1653,275,2025-10-10 10:08:00,0,0.1297,0,Low,Random Forest
41913,854,370,2025-10-10 10:17:00,0,0.1213,0,Low,Random Forest
41914,2949,134,2025-10-10 10:20:00,0,0.2219,0,Low,Random Forest
41915,2565,181,2025-10-10 10:26:00,0,0.1469,0,Low,Random Forest
41916,1884,356,2025-10-10 10:36:00,0,0.1278,0,Low,Random Forest
41917,163,277,2025-10-10 10:58:00,0,0.1392,0,Low,Random Forest
41918,2769,51,2025-10-10 11:05:00,0,0.152,0,Low,Random Forest
41919,1101,337,2025-10-10 11:12:00,0,0.1195,0,Low,Random Forest
41921,1875,241,2025-10-10 11:14:00,0,0.1131,0,Low,Random Forest
41920,2027,51,2025-10-10 11:14:00,0,0.1216,0,Low,Random Forest
41922,265,231,2025-10-10 11:18:00,1,0.1942,0,Low,Random Forest
41923,375,324,2025-10-10 11:18:00,0,0.1438,0,Low,Random Forest
41924,2180,370,2025-10-10 11:21:00,0,0.1395,0,Low,Random Forest
41925,1303,114,2025-10-10 11:33:00,0,0.1223,0,Low,Random Forest
41926,2394,370,2025-10-10 11:36:00,0,0.1253,0,Low,Random Forest
41927,1105,181,2025-10-10 11:52:00,0,0.1539,0,Low,Random Forest
41928,2194,370,2025-10-10 11:55:00,0,0.1292,0,Low,Random Forest
41929,2978,77,2025-10-10 12:05:00,0,0.1219,0,Low,Random Forest
41930,2048,262,2025-10-10 12:07:00,0,0.1374,0,Low,Random Forest
41931,2287,376,2025-10-10 12:19:00,0,0.1348,0,Low,Random Forest
41932,864,411,2025-10-10 12:42:00,1,0.3182,1,Medium,Random Forest
41933,557,116,2025-10-10 12:47:00,0,0.1256,0,Low,Random Forest
41934,1089,86,2025-10-10 13:11:00,0,0.1163,0,Low,Random Forest
41935,2251,401,2025-10-10 13:19:00,0,0.1778,0,Low,Random Forest
41936,2819,181,2025-10-10 13:32:00,0,0.1541,0,Low,Random Forest
41937,2782,363,2025-10-10 13:44:00,1,0.1219,0,Low,Random Forest
41938,514,318,2025-10-10 13:58:00,1,0.3177,1,Medium,Random Forest
41939,88,106,2025-10-10 14:12:00,0,0.1224,0,Low,Random Forest
41940,651,376,2025-10-10 14:17:00,0,0.1366,0,Low,Random Forest
41941,1455,118,2025-10-10 14:22:00,0,0.1818,0,Low,Random Forest
41942,2624,259,2025-10-10 14:31:00,1,0.1441,0,Low,Random Forest
41943,1596,259,2025-10-10 14:50:00,0,0.1348,0,Low,Random Forest
41944,140,77,2025-10-10 14:59:00,0,0.1136,0,Low,Random Forest
41945,2358,252,2025-10-10 15:10:00,0,0.1337,0,Low,Random Forest
41946,401,241,2025-10-10 15:12:00,0,0.172,0,Low,Random Forest
41947,1193,260,2025-10-10 15:23:00,0,0.1239,0,Low,Random Forest
41948,2096,158,2025-10-10 15:29:00,0,0.1507,0,Low,Random Forest
41949,274,376,2025-10-10 15:35:00,0,0.1214,0,Low,Random Forest
41950,255,296,2025-10-10 15:36:00,0,0.1174,0,Low,Random Forest
41951,159,418,2025-10-10 16:18:00,0,0.1304,0,Low,Random Forest
41952,883,124,2025-10-10 16:26:00,0,0.1208,0,Low,Random Forest
41954,1819,363,2025-10-10 16:41:00,0,0.1394,0,Low,Random Forest
41953,2928,275,2025-10-10 16:41:00,0,0.1441,0,Low,Random Forest
41955,2325,426,2025-10-10 16:44:00,0,0.1343,0,Low,Random Forest
41956,2251,170,2025-10-10 16:50:00,0,0.2274,0,Low,Random Forest
41958,2377,370,2025-10-10 16:51:00,0,0.1279,0,Low,Random Forest
41957,254,262,2025-10-10 16:51:00,0,0.1233,0,Low,Random Forest
41959,1101,275,2025-10-10 16:56:00,0,0.147,0,Low,Random Forest
41960,2414,182,2025-10-10 17:02:00,0,0.1155,0,Low,Random Forest
41961,1625,376,2025-10-10 17:07:00,1,0.1297,0,Low,Random Forest
41962,2677,231,2025-10-10 17:12:00,0,0.1924,0,Low,Random Forest
41963,19,318,2025-10-10 17:32:00,0,0.2735,0,Low,Random Forest
41964,1875,181,2025-10-10 17:34:00,1,0.165,0,Low,Random Forest
41965,1101,123,2025-10-10 17:35:00,0,0.1181,0,Low,Random Forest
41966,2101,362,2025-10-10 17:35:00,0,0.1407,0,Low,Random Forest
41967,2927,428,2025-10-10 17:37:00,1,0.1273,0,Low,Random Forest
41968,1774,370,2025-10-10 17:37:00,0,0.1098,0,Low,Random Forest
41969,1481,262,2025-10-10 17:51:00,0,0.1263,0,Low,Random Forest
41970,1636,296,2025-10-10 17:58:00,0,0.114,0,Low,Random Forest
41971,875,275,2025-10-10 18:10:00,0,0.1679,0,Low,Random Forest
41972,2216,370,2025-10-10 18:13:00,0,0.1562,0,Low,Random Forest
41973,1101,294,2025-10-10 18:14:00,0,0.4589,1,Medium,Random Forest
41974,334,370,2025-10-10 18:15:00,0,0.2128,0,Low,Random Forest
41975,1101,252,2025-10-10 18:18:00,0,0.1844,0,Low,Random Forest
41976,1510,433,2025-10-10 18:20:00,1,0.1839,0,Low,Random Forest
41977,2720,327,2025-10-10 18:21:00,0,0.2466,0,Low,Random Forest
41978,1039,370,2025-10-10 18:22:00,0,0.2628,0,Low,Random Forest
41979,2196,199,2025-10-10 18:31:00,1,0.4601,1,Medium,Random Forest
41980,2928,376,2025-10-10 18:33:00,0,0.221,0,Low,Random Forest
41981,2079,86,2025-10-10 18:37:00,0,0.2607,0,Low,Random Forest
41982,648,45,2025-10-10 18:40:00,0,0.1943,0,Low,Random Forest
41983,2433,241,2025-10-10 18:43:00,0,0.2172,0,Low,Random Forest
41984,2893,376,2025-10-10 18:45:00,0,0.2092,0,Low,Random Forest
41986,2642,198,2025-10-10 19:02:00,0,0.2259,0,Low,Random Forest
41985,334,318,2025-10-10 19:02:00,0,0.3886,1,Medium,Random Forest
41987,291,60,2025-10-10 19:07:00,0,0.2031,0,Low,Random Forest
41988,177,363,2025-10-10 19:08:00,0,0.2431,0,Low,Random Forest
41989,491,433,2025-10-10 19:08:00,0,0.2464,0,Low,Random Forest
41990,1292,337,2025-10-10 19:22:00,1,0.2458,0,Low,Random Forest
41991,1384,241,2025-10-10 19:48:00,0,0.165,0,Low,Random Forest
41992,2109,181,2025-10-10 19:49:00,0,0.1912,0,Low,Random Forest
41993,312,183,2025-10-10 19:54:00,0,0.1556,0,Low,Random Forest
41994,2834,241,2025-10-10 19:59:00,1,0.2215,0,Low,Random Forest
41995,1812,370,2025-10-10 20:21:00,1,0.768,1,High,Random Forest
41996,2464,77,2025-10-10 20:22:00,1,0.2656,0,Low,Random Forest
41997,1105,370,2025-10-10 20:27:00,0,0.1626,0,Low,Random Forest
41998,255,318,2025-10-10 20:50:00,0,0.335,1,Medium,Random Forest
41999,2911,176,2025-10-10 20:56:00,0,0.2052,0,Low,Random Forest
42000,1583,323,2025-10-10 20:56:00,0,0.1649,0,Low,Random Forest
42001,1986,360,2025-10-10 20:58:00,0,0.2464,0,Low,Random Forest
42002,2360,370,2025-10-10 21:12:00,0,0.1275,0,Low,Random Forest
42003,2180,241,2025-10-10 21:15:00,0,0.1157,0,Low,Random Forest
42004,2044,390,2025-10-10 21:31:00,0,0.1554,0,Low,Random Forest
42005,1421,307,2025-10-10 21:37:00,0,0.1634,0,Low,Random Forest
42006,440,241,2025-10-10 21:46:00,0,0.1294,0,Low,Random Forest
42007,557,259,2025-10-10 22:04:00,0,0.1291,0,Low,Random Forest
42008,1101,370,2025-10-10 22:23:00,0,0.1229,0,Low,Random Forest
42009,1012,370,2025-10-10 22:27:00,1,0.2157,0,Low,Random Forest
42010,312,370,2025-10-10 22:41:00,0,0.1154,0,Low,Random Forest
42011,1195,45,2025-10-10 22:47:00,0,0.1772,0,Low,Random Forest
42012,2774,318,2025-10-10 22:48:00,0,0.3437,1,Medium,Random Forest
42013,2708,296,2025-10-10 22:53:00,0,0.1265,0,Low,Random Forest
42014,312,370,2025-10-10 23:09:00,0,0.1333,0,Low,Random Forest
42015,255,370,2025-10-10 23:24:00,0,0.1341,0,Low,Random Forest
42016,1806,323,2025-10-10 23:57:00,1,0.7421,1,High,Random Forest
42017,1772,269,2025-10-11 00:31:00,0,0.2722,0,Low,Random Forest
42018,385,351,2025-10-11 01:17:00,0,0.2417,0,Low,Random Forest
42019,2073,48,2025-10-11 02:59:00,0,0.2099,0,Low,Random Forest
42020,1719,277,2025-10-11 03:04:00,1,0.2272,0,Low,Random Forest
42021,1346,254,2025-10-11 03:22:00,0,0.2455,0,Low,Random Forest
42022,1968,433,2025-10-11 05:11:00,0,0.1445,0,Low,Random Forest
42023,1150,376,2025-10-11 05:22:00,0,0.1345,0,Low,Random Forest
42024,2314,435,2025-10-11 06:08:00,0,0.1647,0,Low,Random Forest
42025,113,180,2025-10-11 06:11:00,0,0.3634,1,Medium,Random Forest
42026,2019,370,2025-10-11 06:28:00,0,0.1557,0,Low,Random Forest
42027,163,68,2025-10-11 06:31:00,0,0.1351,0,Low,Random Forest
42029,225,77,2025-10-11 06:33:00,0,0.1522,0,Low,Random Forest
42028,1658,370,2025-10-11 06:33:00,0,0.1305,0,Low,Random Forest
42030,2986,370,2025-10-11 06:34:00,0,0.1423,0,Low,Random Forest
42031,1101,252,2025-10-11 07:07:00,0,0.1376,0,Low,Random Forest
42032,1101,260,2025-10-11 07:14:00,0,0.1231,0,Low,Random Forest
42033,993,238,2025-10-11 07:22:00,0,0.1872,0,Low,Random Forest
42034,1060,216,2025-10-11 07:52:00,0,0.1533,0,Low,Random Forest
42035,2006,363,2025-10-11 08:01:00,0,0.1939,0,Low,Random Forest
42036,363,51,2025-10-11 08:07:00,1,0.2701,0,Low,Random Forest
42037,604,241,2025-10-11 08:13:00,0,0.2723,0,Low,Random Forest
42038,1774,63,2025-10-11 08:18:00,0,0.1712,0,Low,Random Forest
42039,2791,275,2025-10-11 08:21:00,0,0.2629,0,Low,Random Forest
42040,2791,124,2025-10-11 08:25:00,0,0.2536,0,Low,Random Forest
42041,1289,275,2025-10-11 08:26:00,0,0.2296,0,Low,Random Forest
42042,1101,78,2025-10-11 08:33:00,0,0.17,0,Low,Random Forest
42043,1636,238,2025-10-11 08:45:00,0,0.2648,0,Low,Random Forest
42044,592,376,2025-10-11 08:49:00,0,0.2352,0,Low,Random Forest
42045,2317,116,2025-10-11 08:55:00,1,0.2093,0,Low,Random Forest
42046,1026,241,2025-10-11 09:06:00,1,0.2423,0,Low,Random Forest
42047,266,181,2025-10-11 09:26:00,0,0.308,1,Medium,Random Forest
42048,2256,370,2025-10-11 09:32:00,0,0.1731,0,Low,Random Forest
42050,2699,93,2025-10-11 09:38:00,1,0.2718,0,Low,Random Forest
42049,1944,216,2025-10-11 09:38:00,0,0.2018,0,Low,Random Forest
42051,567,77,2025-10-11 09:39:00,0,0.1669,0,Low,Random Forest
42052,2725,124,2025-10-11 09:43:00,1,0.1841,0,Low,Random Forest
42053,922,387,2025-10-11 09:45:00,0,0.2238,0,Low,Random Forest
42054,194,217,2025-10-11 09:46:00,0,0.2917,0,Low,Random Forest
42055,913,376,2025-10-11 09:46:00,0,0.2409,0,Low,Random Forest
42056,732,252,2025-10-11 10:01:00,0,0.1356,0,Low,Random Forest
42057,775,68,2025-10-11 10:13:00,1,0.222,0,Low,Random Forest
42058,1225,213,2025-10-11 10:15:00,1,0.191,0,Low,Random Forest
42059,2005,376,2025-10-11 10:22:00,0,0.13,0,Low,Random Forest
42060,2180,400,2025-10-11 10:27:00,0,0.1359,0,Low,Random Forest
42062,2542,370,2025-10-11 10:31:00,0,0.1393,0,Low,Random Forest
42061,6,231,2025-10-11 10:31:00,0,0.2049,0,Low,Random Forest
42063,2635,68,2025-10-11 10:42:00,0,0.221,0,Low,Random Forest
42064,2870,226,2025-10-11 10:42:00,0,0.1448,0,Low,Random Forest
42065,14,306,2025-10-11 10:52:00,0,0.1937,0,Low,Random Forest
42066,951,429,2025-10-11 11:00:00,0,0.1311,0,Low,Random Forest
42067,1195,318,2025-10-11 11:29:00,0,0.3216,1,Medium,Random Forest
42068,821,242,2025-10-11 11:43:00,1,0.221,0,Low,Random Forest
42069,1605,328,2025-10-11 11:59:00,0,0.1282,0,Low,Random Forest
42070,1101,77,2025-10-11 12:08:00,0,0.1545,0,Low,Random Forest
42071,2699,181,2025-10-11 12:09:00,0,0.1808,0,Low,Random Forest
42072,959,102,2025-10-11 12:31:00,1,0.1771,0,Low,Random Forest
42073,291,370,2025-10-11 12:33:00,0,0.1373,0,Low,Random Forest
42074,434,77,2025-10-11 12:37:00,0,0.1225,0,Low,Random Forest
42075,2216,318,2025-10-11 12:40:00,1,0.2632,0,Low,Random Forest
42076,2962,86,2025-10-11 12:44:00,0,0.1425,0,Low,Random Forest
42077,989,181,2025-10-11 12:51:00,1,0.1574,0,Low,Random Forest
42078,255,370,2025-10-11 12:59:00,1,0.1214,0,Low,Random Forest
42079,2339,275,2025-10-11 13:04:00,0,0.1581,0,Low,Random Forest
42080,255,363,2025-10-11 13:12:00,0,0.1446,0,Low,Random Forest
42081,1309,362,2025-10-11 13:20:00,1,0.1766,0,Low,Random Forest
42082,113,318,2025-10-11 13:23:00,0,0.2825,0,Low,Random Forest
42083,1680,370,2025-10-11 13:38:00,0,0.1495,0,Low,Random Forest
42084,1229,238,2025-10-11 13:42:00,0,0.1387,0,Low,Random Forest
42085,1977,264,2025-10-11 13:46:00,0,0.1759,0,Low,Random Forest
42086,2598,262,2025-10-11 13:48:00,1,0.1482,0,Low,Random Forest
42087,432,262,2025-10-11 13:51:00,0,0.1266,0,Low,Random Forest
42088,821,370,2025-10-11 13:55:00,1,0.1674,0,Low,Random Forest
42089,2255,264,2025-10-11 14:02:00,1,0.1901,0,Low,Random Forest
42090,1303,323,2025-10-11 14:13:00,0,0.1416,0,Low,Random Forest
42091,2642,239,2025-10-11 14:47:00,0,0.2076,0,Low,Random Forest
42092,1889,370,2025-10-11 14:52:00,0,0.2068,0,Low,Random Forest
42093,2362,328,2025-10-11 15:19:00,0,0.1223,0,Low,Random Forest
42094,2142,376,2025-10-11 15:29:00,0,0.1243,0,Low,Random Forest
42095,2092,383,2025-10-11 15:55:00,0,0.1531,0,Low,Random Forest
42096,1880,363,2025-10-11 15:58:00,1,0.2149,0,Low,Random Forest
42097,986,406,2025-10-11 15:59:00,1,0.1635,0,Low,Random Forest
42098,1864,355,2025-10-11 16:03:00,0,0.146,0,Low,Random Forest
42099,2226,309,2025-10-11 16:10:00,0,0.1825,0,Low,Random Forest
42100,1089,106,2025-10-11 16:22:00,0,0.1603,0,Low,Random Forest
42101,1105,64,2025-10-11 16:35:00,0,0.1348,0,Low,Random Forest
42102,2651,412,2025-10-11 16:45:00,0,0.1785,0,Low,Random Forest
42103,244,45,2025-10-11 16:47:00,0,0.2541,0,Low,Random Forest
42104,2824,435,2025-10-11 16:50:00,0,0.1456,0,Low,Random Forest
42105,158,242,2025-10-11 17:01:00,0,0.1775,0,Low,Random Forest
42106,848,281,2025-10-11 17:06:00,0,0.2067,0,Low,Random Forest
42107,1111,4,2025-10-11 17:07:00,0,0.3972,1,Medium,Random Forest
42108,648,193,2025-10-11 17:11:00,0,0.1823,0,Low,Random Forest
42109,2704,406,2025-10-11 17:13:00,1,0.1993,0,Low,Random Forest
42110,799,252,2025-10-11 17:31:00,1,0.1591,0,Low,Random Forest
42111,255,328,2025-10-11 17:45:00,0,0.1302,0,Low,Random Forest
42112,1848,181,2025-10-11 17:46:00,0,0.2307,0,Low,Random Forest
42113,567,370,2025-10-11 17:48:00,0,0.1471,0,Low,Random Forest
42114,1418,268,2025-10-11 17:56:00,0,0.2234,0,Low,Random Forest
42115,2501,101,2025-10-11 18:01:00,1,0.2875,0,Low,Random Forest
42116,255,199,2025-10-11 18:08:00,0,0.4752,1,Medium,Random Forest
42117,1406,273,2025-10-11 18:12:00,0,0.257,0,Low,Random Forest
42118,2678,241,2025-10-11 18:13:00,0,0.3093,1,Medium,Random Forest
42120,588,387,2025-10-11 18:18:00,0,0.3124,1,Medium,Random Forest
42119,2092,271,2025-10-11 18:18:00,1,0.7976,1,High,Random Forest
42121,741,442,2025-10-11 18:26:00,0,0.2687,0,Low,Random Forest
42122,255,15,2025-10-11 18:31:00,0,0.2619,0,Low,Random Forest
42123,59,241,2025-10-11 18:40:00,0,0.2591,0,Low,Random Forest
42124,255,265,2025-10-11 18:41:00,0,0.2613,0,Low,Random Forest
42125,966,426,2025-10-11 18:47:00,1,0.2807,0,Low,Random Forest
42126,2092,38,2025-10-11 18:51:00,0,0.2245,0,Low,Random Forest
42127,1812,363,2025-10-11 18:58:00,0,0.1787,0,Low,Random Forest
42128,75,16,2025-10-11 19:05:00,0,0.1827,0,Low,Random Forest
42129,1636,120,2025-10-11 19:06:00,1,0.2877,0,Low,Random Forest
42130,1069,252,2025-10-11 19:06:00,0,0.1632,0,Low,Random Forest
42131,2725,241,2025-10-11 19:09:00,0,0.1768,0,Low,Random Forest
42132,2255,241,2025-10-11 19:15:00,1,0.3179,1,Medium,Random Forest
42133,2464,376,2025-10-11 19:34:00,0,0.2535,0,Low,Random Forest
42134,2346,38,2025-10-11 19:42:00,1,0.2777,0,Low,Random Forest
42135,257,231,2025-10-11 19:45:00,0,0.2896,0,Low,Random Forest
42136,113,287,2025-10-11 19:45:00,0,0.2639,0,Low,Random Forest
42137,2220,72,2025-10-11 19:51:00,1,0.3649,1,Medium,Random Forest
42138,2350,51,2025-10-11 20:00:00,1,0.3224,1,Medium,Random Forest
42139,1101,37,2025-10-11 20:06:00,0,0.32,1,Medium,Random Forest
42140,1993,430,2025-10-11 20:09:00,0,0.2715,0,Low,Random Forest
42141,696,306,2025-10-11 20:10:00,0,0.2615,0,Low,Random Forest
42142,258,231,2025-10-11 20:14:00,0,0.2882,0,Low,Random Forest
42143,312,120,2025-10-11 20:15:00,0,0.2895,0,Low,Random Forest
42144,2325,376,2025-10-11 20:16:00,0,0.1923,0,Low,Random Forest
42145,805,304,2025-10-11 20:33:00,1,0.2957,0,Low,Random Forest
42146,312,236,2025-10-11 20:40:00,0,0.2285,0,Low,Random Forest
42147,1945,318,2025-10-11 20:52:00,1,0.38,1,Medium,Random Forest
42148,1875,77,2025-10-11 21:01:00,0,0.155,0,Low,Random Forest
42149,2678,318,2025-10-11 21:16:00,0,0.3379,1,Medium,Random Forest
42150,724,252,2025-10-11 21:17:00,0,0.1253,0,Low,Random Forest
42151,2725,275,2025-10-11 21:23:00,1,0.7858,1,High,Random Forest
42152,1455,106,2025-10-11 21:28:00,0,0.133,0,Low,Random Forest
42153,1683,251,2025-10-11 21:30:00,0,0.1523,0,Low,Random Forest
42154,1487,28,2025-10-11 21:35:00,0,0.1588,0,Low,Random Forest
42155,1935,296,2025-10-11 22:12:00,0,0.171,0,Low,Random Forest
42156,575,370,2025-10-11 22:16:00,1,0.1883,0,Low,Random Forest
42157,678,124,2025-10-11 22:34:00,0,0.1547,0,Low,Random Forest
42158,20,241,2025-10-11 22:56:00,0,0.1381,0,Low,Random Forest
42159,1877,74,2025-10-11 23:02:00,0,0.2393,0,Low,Random Forest
42160,2255,231,2025-10-11 23:07:00,0,0.2141,0,Low,Random Forest
42161,312,318,2025-10-11 23:12:00,1,0.4138,1,Medium,Random Forest
42162,1101,79,2025-10-11 23:45:00,0,0.1545,0,Low,Random Forest
42163,1742,177,2025-10-12 00:32:00,0,0.2413,0,Low,Random Forest
42164,1250,64,2025-10-12 00:39:00,1,0.2913,0,Low,Random Forest
42165,25,362,2025-10-12 01:04:00,0,0.2223,0,Low,Random Forest
42166,1101,323,2025-10-12 02:25:00,0,0.2144,0,Low,Random Forest
42167,1008,285,2025-10-12 02:32:00,1,0.4293,1,Medium,Random Forest
42168,1947,195,2025-10-12 02:36:00,1,0.2707,0,Low,Random Forest
42169,2092,435,2025-10-12 03:34:00,0,0.2185,0,Low,Random Forest
42170,113,236,2025-10-12 03:46:00,0,0.2433,0,Low,Random Forest
42171,1303,275,2025-10-12 04:33:00,0,0.1992,0,Low,Random Forest
42172,741,335,2025-10-12 05:28:00,1,0.3103,1,Medium,Random Forest
42173,1800,376,2025-10-12 05:43:00,0,0.236,0,Low,Random Forest
42174,2536,285,2025-10-12 05:55:00,1,0.3652,1,Medium,Random Forest
42175,334,398,2025-10-12 06:20:00,1,0.1589,0,Low,Random Forest
42176,163,371,2025-10-12 06:22:00,0,0.138,0,Low,Random Forest
42177,2699,318,2025-10-12 06:49:00,0,0.3512,1,Medium,Random Forest
42178,1231,363,2025-10-12 06:55:00,0,0.1684,0,Low,Random Forest
42179,1735,6,2025-10-12 07:01:00,0,0.154,0,Low,Random Forest
42180,1481,370,2025-10-12 07:15:00,0,0.2067,0,Low,Random Forest
42181,275,203,2025-10-12 07:22:00,0,0.1604,0,Low,Random Forest
42182,2346,68,2025-10-12 07:34:00,0,0.1359,0,Low,Random Forest
42183,1676,46,2025-10-12 07:35:00,0,0.3849,1,Medium,Random Forest
42184,1260,316,2025-10-12 07:51:00,0,0.1483,0,Low,Random Forest
42185,1101,323,2025-10-12 07:58:00,0,0.1252,0,Low,Random Forest
42186,1636,427,2025-10-12 08:02:00,0,0.2507,0,Low,Random Forest
42187,1422,124,2025-10-12 08:03:00,0,0.2944,0,Low,Random Forest
42188,2161,318,2025-10-12 08:08:00,1,0.3812,1,Medium,Random Forest
42189,2691,262,2025-10-12 08:11:00,1,0.2318,0,Low,Random Forest
42190,163,429,2025-10-12 08:11:00,0,0.2062,0,Low,Random Forest
42191,2420,309,2025-10-12 08:16:00,0,0.2948,0,Low,Random Forest
42192,1889,376,2025-10-12 08:20:00,0,0.2438,0,Low,Random Forest
42193,255,275,2025-10-12 08:22:00,1,0.2565,0,Low,Random Forest
42194,2153,80,2025-10-12 08:26:00,0,0.2983,0,Low,Random Forest
42195,627,11,2025-10-12 08:44:00,0,0.2396,0,Low,Random Forest
42196,1854,241,2025-10-12 08:45:00,0,0.2375,0,Low,Random Forest
42197,641,11,2025-10-12 08:51:00,0,0.2701,0,Low,Random Forest
42198,573,275,2025-10-12 08:57:00,0,0.3005,1,Medium,Random Forest
42199,1101,241,2025-10-12 09:07:00,0,0.2375,0,Low,Random Forest
42200,1374,223,2025-10-12 09:30:00,1,0.2934,0,Low,Random Forest
42201,888,181,2025-10-12 09:56:00,0,0.183,0,Low,Random Forest
42202,1111,414,2025-10-12 10:00:00,0,0.188,0,Low,Random Forest
42203,349,376,2025-10-12 10:17:00,0,0.1481,0,Low,Random Forest
42204,610,430,2025-10-12 10:20:00,0,0.1461,0,Low,Random Forest
42205,2092,376,2025-10-12 10:28:00,0,0.127,0,Low,Random Forest
42206,1552,296,2025-10-12 10:42:00,0,0.1497,0,Low,Random Forest
42207,312,406,2025-10-12 10:59:00,0,0.128,0,Low,Random Forest
42208,2321,332,2025-10-12 11:13:00,0,0.1664,0,Low,Random Forest
42209,1649,241,2025-10-12 11:14:00,0,0.1521,0,Low,Random Forest
42210,2005,77,2025-10-12 11:17:00,0,0.1411,0,Low,Random Forest
42211,1875,252,2025-10-12 11:18:00,1,0.1314,0,Low,Random Forest
42212,1812,318,2025-10-12 11:39:00,0,0.3038,1,Medium,Random Forest
42213,2725,152,2025-10-12 11:46:00,1,0.7928,1,High,Random Forest
42214,479,220,2025-10-12 12:16:00,0,0.1827,0,Low,Random Forest
42215,2994,181,2025-10-12 12:19:00,0,0.187,0,Low,Random Forest
42216,159,77,2025-10-12 12:23:00,0,0.1246,0,Low,Random Forest
42217,1986,362,2025-10-12 12:28:00,0,0.1277,0,Low,Random Forest
42218,2187,241,2025-10-12 12:32:00,0,0.1218,0,Low,Random Forest
42219,174,64,2025-10-12 12:34:00,1,0.7771,1,High,Random Forest
42220,1101,300,2025-10-12 12:37:00,0,0.1306,0,Low,Random Forest
42221,175,370,2025-10-12 12:39:00,0,0.2189,0,Low,Random Forest
42222,255,336,2025-10-12 12:41:00,0,0.1368,0,Low,Random Forest
42223,457,15,2025-10-12 12:47:00,0,0.1325,0,Low,Random Forest
42224,2691,154,2025-10-12 13:05:00,0,0.1826,0,Low,Random Forest
42225,765,86,2025-10-12 13:07:00,0,0.1515,0,Low,Random Forest
42226,654,406,2025-10-12 13:15:00,0,0.2312,0,Low,Random Forest
42227,2499,241,2025-10-12 13:28:00,0,0.1387,0,Low,Random Forest
42228,1092,323,2025-10-12 13:28:00,0,0.1547,0,Low,Random Forest
42229,1041,252,2025-10-12 13:35:00,0,0.1337,0,Low,Random Forest
42230,1101,106,2025-10-12 13:41:00,0,0.126,0,Low,Random Forest
42231,334,73,2025-10-12 13:42:00,0,0.154,0,Low,Random Forest
42232,1877,289,2025-10-12 14:02:00,0,0.1638,0,Low,Random Forest
42233,913,316,2025-10-12 14:17:00,0,0.1454,0,Low,Random Forest
42234,2379,159,2025-10-12 14:21:00,1,0.1397,0,Low,Random Forest
42235,1812,376,2025-10-12 14:21:00,0,0.1378,0,Low,Random Forest
42237,2720,236,2025-10-12 14:24:00,0,0.138,0,Low,Random Forest
42238,2788,260,2025-10-12 14:24:00,0,0.122,0,Low,Random Forest
42236,113,102,2025-10-12 14:24:00,0,0.1336,0,Low,Random Forest
42239,2825,326,2025-10-12 14:35:00,0,0.1483,0,Low,Random Forest
42240,113,184,2025-10-12 14:38:00,1,0.8101,1,High,Random Forest
42241,2151,363,2025-10-12 14:44:00,0,0.1484,0,Low,Random Forest
42242,1362,353,2025-10-12 14:45:00,1,0.3213,1,Medium,Random Forest
42243,648,252,2025-10-12 14:46:00,0,0.1293,0,Low,Random Forest
42244,2997,152,2025-10-12 15:05:00,0,0.1678,0,Low,Random Forest
42245,19,312,2025-10-12 15:06:00,1,0.1775,0,Low,Random Forest
42246,1101,69,2025-10-12 15:13:00,0,0.1324,0,Low,Random Forest
42247,1101,241,2025-10-12 15:16:00,0,0.1879,0,Low,Random Forest
42248,1816,406,2025-10-12 15:45:00,1,0.1596,0,Low,Random Forest
42249,2691,376,2025-10-12 15:57:00,0,0.1764,0,Low,Random Forest
42250,1101,326,2025-10-12 15:58:00,0,0.1208,0,Low,Random Forest
42251,2507,421,2025-10-12 16:10:00,0,0.1577,0,Low,Random Forest
42252,312,433,2025-10-12 16:11:00,0,0.1377,0,Low,Random Forest
42253,1876,132,2025-10-12 16:20:00,0,0.1501,0,Low,Random Forest
42254,1101,236,2025-10-12 16:34:00,0,0.1343,0,Low,Random Forest
42255,171,45,2025-10-12 16:36:00,0,0.1539,0,Low,Random Forest
42256,1769,181,2025-10-12 16:42:00,1,0.1456,0,Low,Random Forest
42257,1168,326,2025-10-12 16:43:00,0,0.1975,0,Low,Random Forest
42258,190,370,2025-10-12 16:51:00,1,0.1574,0,Low,Random Forest
42259,606,275,2025-10-12 16:56:00,1,0.7762,1,High,Random Forest
42260,113,275,2025-10-12 16:56:00,0,0.1584,0,Low,Random Forest
42261,1101,433,2025-10-12 16:56:00,0,0.1384,0,Low,Random Forest
42262,1087,370,2025-10-12 16:59:00,0,0.1707,0,Low,Random Forest
42263,1193,116,2025-10-12 17:00:00,0,0.1677,0,Low,Random Forest
42264,988,88,2025-10-12 17:01:00,0,0.1508,0,Low,Random Forest
42265,2256,45,2025-10-12 17:07:00,0,0.1894,0,Low,Random Forest
42266,440,370,2025-10-12 17:12:00,1,0.7639,1,High,Random Forest
42267,2255,262,2025-10-12 17:15:00,0,0.1272,0,Low,Random Forest
42268,2251,335,2025-10-12 17:21:00,0,0.3438,1,Medium,Random Forest
42269,1756,433,2025-10-12 17:27:00,0,0.1653,0,Low,Random Forest
42270,1101,241,2025-10-12 17:28:00,0,0.1639,0,Low,Random Forest
42271,2667,162,2025-10-12 17:35:00,0,0.1403,0,Low,Random Forest
42272,2242,181,2025-10-12 17:45:00,0,0.1403,0,Low,Random Forest
42273,1555,42,2025-10-12 17:45:00,0,0.1593,0,Low,Random Forest
42276,1723,433,2025-10-12 17:46:00,0,0.164,0,Low,Random Forest
42275,312,370,2025-10-12 17:46:00,0,0.1423,0,Low,Random Forest
42274,1226,64,2025-10-12 17:46:00,0,0.1368,0,Low,Random Forest
42277,2916,123,2025-10-12 18:02:00,0,0.212,0,Low,Random Forest
42278,2678,400,2025-10-12 18:09:00,0,0.2484,0,Low,Random Forest
42279,1632,241,2025-10-12 18:12:00,0,0.2817,0,Low,Random Forest
42280,2339,89,2025-10-12 18:14:00,1,0.3224,1,Medium,Random Forest
42281,163,236,2025-10-12 18:16:00,0,0.1718,0,Low,Random Forest
42282,2720,442,2025-10-12 18:17:00,0,0.2326,0,Low,Random Forest
42283,2718,400,2025-10-12 18:19:00,0,0.2391,0,Low,Random Forest
42284,2180,260,2025-10-12 18:23:00,0,0.2959,0,Low,Random Forest
42285,113,107,2025-10-12 18:39:00,1,0.4672,1,Medium,Random Forest
42286,939,370,2025-10-12 18:42:00,0,0.2564,0,Low,Random Forest
42287,1389,323,2025-10-12 18:44:00,1,0.8168,1,High,Random Forest
42288,2725,55,2025-10-12 18:48:00,0,0.2596,0,Low,Random Forest
42289,2255,324,2025-10-12 18:48:00,0,0.3521,1,Medium,Random Forest
42290,1861,225,2025-10-12 18:49:00,1,0.2499,0,Low,Random Forest
42291,1101,275,2025-10-12 18:53:00,0,0.2286,0,Low,Random Forest
42292,975,296,2025-10-12 18:57:00,0,0.2313,0,Low,Random Forest
42293,1101,318,2025-10-12 19:05:00,1,0.7424,1,High,Random Forest
42294,2092,241,2025-10-12 19:08:00,1,0.2894,0,Low,Random Forest
42295,1704,335,2025-10-12 19:13:00,0,0.3816,1,Medium,Random Forest
42296,219,6,2025-10-12 19:17:00,0,0.2604,0,Low,Random Forest
42297,1101,292,2025-10-12 19:20:00,0,0.3251,1,Medium,Random Forest
42298,1924,370,2025-10-12 19:24:00,0,0.2791,0,Low,Random Forest
42299,255,77,2025-10-12 19:30:00,0,0.221,0,Low,Random Forest
42300,983,433,2025-10-12 19:37:00,0,0.2806,0,Low,Random Forest
42301,1326,418,2025-10-12 19:51:00,0,0.273,0,Low,Random Forest
42302,2733,370,2025-10-12 20:04:00,0,0.2874,0,Low,Random Forest
42303,113,271,2025-10-12 20:11:00,0,0.2888,0,Low,Random Forest
42304,113,283,2025-10-12 20:12:00,0,0.2978,0,Low,Random Forest
42305,1138,370,2025-10-12 20:18:00,0,0.2932,0,Low,Random Forest
42306,761,318,2025-10-12 20:30:00,1,0.4441,1,Medium,Random Forest
42307,78,275,2025-10-12 20:32:00,0,0.2881,0,Low,Random Forest
42308,1143,370,2025-10-12 20:43:00,0,0.2695,0,Low,Random Forest
42309,2294,154,2025-10-12 20:44:00,0,0.2239,0,Low,Random Forest
42310,1989,86,2025-10-12 20:55:00,0,0.2782,0,Low,Random Forest
42311,789,335,2025-10-12 21:01:00,0,0.3466,1,Medium,Random Forest
42312,1751,390,2025-10-12 21:10:00,0,0.1716,0,Low,Random Forest
42313,2894,241,2025-10-12 21:11:00,0,0.1677,0,Low,Random Forest
42314,1607,370,2025-10-12 21:25:00,0,0.1475,0,Low,Random Forest
42315,1636,181,2025-10-12 21:29:00,0,0.2091,0,Low,Random Forest
42316,774,187,2025-10-12 21:39:00,0,0.1616,0,Low,Random Forest
42317,1636,77,2025-10-12 21:42:00,0,0.1416,0,Low,Random Forest
42318,2404,77,2025-10-12 21:49:00,0,0.1705,0,Low,Random Forest
42319,2388,28,2025-10-12 21:57:00,0,0.159,0,Low,Random Forest
42320,2928,5,2025-10-12 22:42:00,0,0.1592,0,Low,Random Forest
42321,1340,376,2025-10-12 22:58:00,0,0.1378,0,Low,Random Forest
42322,1819,307,2025-10-12 22:58:00,0,0.2081,0,Low,Random Forest
42323,1583,363,2025-10-12 23:14:00,0,0.192,0,Low,Random Forest
42324,2397,236,2025-10-12 23:25:00,1,0.207,0,Low,Random Forest
42325,844,307,2025-10-12 23:27:00,1,0.2531,0,Low,Random Forest
42326,95,412,2025-10-12 23:40:00,0,0.2085,0,Low,Random Forest
42327,1737,262,2025-10-13 01:46:00,1,0.2074,0,Low,Random Forest
42328,1101,262,2025-10-13 02:07:00,1,0.738,1,High,Random Forest
42329,163,328,2025-10-13 03:49:00,1,0.1811,0,Low,Random Forest
42330,2298,78,2025-10-13 05:01:00,0,0.1388,0,Low,Random Forest
42331,113,68,2025-10-13 05:02:00,0,0.1326,0,Low,Random Forest
42332,917,370,2025-10-13 05:55:00,0,0.1403,0,Low,Random Forest
42334,864,318,2025-10-13 05:59:00,1,0.2512,0,Low,Random Forest
42333,919,363,2025-10-13 05:59:00,0,0.1393,0,Low,Random Forest
42335,1891,349,2025-10-13 06:13:00,1,0.783,1,High,Random Forest
42336,2216,130,2025-10-13 06:18:00,0,0.1401,0,Low,Random Forest
42337,254,392,2025-10-13 06:21:00,0,0.1228,0,Low,Random Forest
42338,2454,376,2025-10-13 06:23:00,0,0.1362,0,Low,Random Forest
42339,1610,318,2025-10-13 06:28:00,0,0.3017,1,Medium,Random Forest
42340,1618,241,2025-10-13 06:40:00,1,0.1524,0,Low,Random Forest
42341,1879,123,2025-10-13 07:23:00,0,0.137,0,Low,Random Forest
42342,1213,64,2025-10-13 07:23:00,0,0.1372,0,Low,Random Forest
42343,1286,241,2025-10-13 07:25:00,0,0.1211,0,Low,Random Forest
42344,2409,99,2025-10-13 07:29:00,0,0.1823,0,Low,Random Forest
42345,1689,428,2025-10-13 07:33:00,0,0.1249,0,Low,Random Forest
42346,498,74,2025-10-13 07:39:00,0,0.2118,0,Low,Random Forest
42347,255,370,2025-10-13 07:43:00,0,0.127,0,Low,Random Forest
42348,1650,262,2025-10-13 07:45:00,0,0.1284,0,Low,Random Forest
42349,113,323,2025-10-13 07:50:00,0,0.1315,0,Low,Random Forest
42350,2317,275,2025-10-13 07:52:00,0,0.1301,0,Low,Random Forest
42351,1101,28,2025-10-13 07:54:00,0,0.1371,0,Low,Random Forest
42352,812,370,2025-10-13 07:56:00,0,0.1175,0,Low,Random Forest
42353,1878,441,2025-10-13 08:00:00,0,0.1646,0,Low,Random Forest
42354,1777,363,2025-10-13 08:05:00,0,0.1804,0,Low,Random Forest
42355,163,77,2025-10-13 08:09:00,0,0.2345,0,Low,Random Forest
42356,1101,21,2025-10-13 08:10:00,1,0.1602,0,Low,Random Forest
42357,2107,370,2025-10-13 08:20:00,0,0.1536,0,Low,Random Forest
42358,2733,404,2025-10-13 08:28:00,0,0.2184,0,Low,Random Forest
42359,753,370,2025-10-13 08:33:00,0,0.167,0,Low,Random Forest
42360,1493,241,2025-10-13 08:38:00,0,0.1647,0,Low,Random Forest
42361,2815,241,2025-10-13 08:40:00,0,0.1667,0,Low,Random Forest
42362,813,370,2025-10-13 08:44:00,0,0.151,0,Low,Random Forest
42363,49,241,2025-10-13 08:56:00,0,0.2113,0,Low,Random Forest
42364,2691,252,2025-10-13 08:57:00,1,0.2,0,Low,Random Forest
42365,908,433,2025-10-13 09:06:00,1,0.2011,0,Low,Random Forest
42366,312,412,2025-10-13 09:08:00,0,0.2207,0,Low,Random Forest
42367,113,180,2025-10-13 09:18:00,0,0.3264,1,Medium,Random Forest
42368,1463,370,2025-10-13 09:22:00,0,0.1506,0,Low,Random Forest
42369,1160,252,2025-10-13 09:24:00,0,0.1915,0,Low,Random Forest
42370,219,46,2025-10-13 09:24:00,1,0.3552,1,Medium,Random Forest
42371,255,281,2025-10-13 10:03:00,0,0.1503,0,Low,Random Forest
42372,113,77,2025-10-13 10:07:00,0,0.1382,0,Low,Random Forest
42373,1877,242,2025-10-13 10:14:00,0,0.1479,0,Low,Random Forest
42374,113,376,2025-10-13 10:22:00,0,0.1158,0,Low,Random Forest
42375,2781,262,2025-10-13 10:32:00,0,0.1137,0,Low,Random Forest
42376,975,252,2025-10-13 10:41:00,0,0.1199,0,Low,Random Forest
42377,864,433,2025-10-13 10:48:00,0,0.1417,0,Low,Random Forest
42378,2651,241,2025-10-13 10:50:00,0,0.134,0,Low,Random Forest
42379,2341,275,2025-10-13 10:52:00,0,0.1502,0,Low,Random Forest
42380,2826,363,2025-10-13 10:59:00,0,0.1313,0,Low,Random Forest
42381,1629,58,2025-10-13 11:13:00,0,0.1672,0,Low,Random Forest
42382,1583,201,2025-10-13 11:13:00,0,0.144,0,Low,Random Forest
42383,255,28,2025-10-13 11:16:00,0,0.1226,0,Low,Random Forest
42384,2092,433,2025-10-13 11:22:00,0,0.128,0,Low,Random Forest
42385,1101,370,2025-10-13 11:37:00,0,0.172,0,Low,Random Forest
42386,518,11,2025-10-13 11:38:00,1,0.1322,0,Low,Random Forest
42387,2551,389,2025-10-13 11:44:00,0,0.1261,0,Low,Random Forest
42388,2615,181,2025-10-13 11:52:00,1,0.1458,0,Low,Random Forest
42389,2857,425,2025-10-13 11:54:00,0,0.2717,0,Low,Random Forest
42390,1803,363,2025-10-13 11:55:00,0,0.133,0,Low,Random Forest
42391,259,140,2025-10-13 12:05:00,1,0.3097,1,Medium,Random Forest
42392,2298,88,2025-10-13 12:12:00,0,0.1231,0,Low,Random Forest
42394,113,258,2025-10-13 12:36:00,1,0.1565,0,Low,Random Forest
42393,1636,252,2025-10-13 12:36:00,0,0.1134,0,Low,Random Forest
42395,1188,275,2025-10-13 12:54:00,0,0.1228,0,Low,Random Forest
42396,1681,124,2025-10-13 13:02:00,0,0.1238,0,Low,Random Forest
42397,1101,45,2025-10-13 13:34:00,1,0.1349,0,Low,Random Forest
42398,2431,239,2025-10-13 13:38:00,0,0.1836,0,Low,Random Forest
42399,2170,296,2025-10-13 13:39:00,0,0.1503,0,Low,Random Forest
42400,258,220,2025-10-13 13:46:00,0,0.2079,0,Low,Random Forest
42401,2570,363,2025-10-13 13:51:00,0,0.1196,0,Low,Random Forest
42402,255,260,2025-10-13 14:04:00,0,0.1104,0,Low,Random Forest
42403,829,106,2025-10-13 14:10:00,0,0.1346,0,Low,Random Forest
42404,255,370,2025-10-13 14:44:00,0,0.1152,0,Low,Random Forest
42405,1636,316,2025-10-13 15:05:00,0,0.1235,0,Low,Random Forest
42406,1101,106,2025-10-13 15:13:00,0,0.1184,0,Low,Random Forest
42407,1961,344,2025-10-13 15:36:00,0,0.1507,0,Low,Random Forest
42408,2352,334,2025-10-13 15:37:00,1,0.1553,0,Low,Random Forest
42409,651,363,2025-10-13 15:46:00,0,0.1307,0,Low,Random Forest
42410,2719,256,2025-10-13 15:49:00,0,0.1136,0,Low,Random Forest
42411,113,262,2025-10-13 15:56:00,0,0.1118,0,Low,Random Forest
42412,375,406,2025-10-13 15:56:00,0,0.1294,0,Low,Random Forest
42413,2180,241,2025-10-13 16:02:00,0,0.1108,0,Low,Random Forest
42414,2255,412,2025-10-13 16:03:00,0,0.177,0,Low,Random Forest
42415,2240,185,2025-10-13 16:04:00,0,0.3173,1,Medium,Random Forest
42416,2351,231,2025-10-13 16:18:00,0,0.2179,0,Low,Random Forest
42417,1487,370,2025-10-13 16:20:00,1,0.1224,0,Low,Random Forest
42418,113,261,2025-10-13 16:23:00,0,0.1396,0,Low,Random Forest
42419,1101,208,2025-10-13 16:25:00,0,0.1179,0,Low,Random Forest
42420,1101,335,2025-10-13 16:28:00,0,0.281,0,Low,Random Forest
42421,2005,241,2025-10-13 16:29:00,0,0.1043,0,Low,Random Forest
42422,2531,70,2025-10-13 16:30:00,0,0.2023,0,Low,Random Forest
42423,1636,441,2025-10-13 16:36:00,0,0.1287,0,Low,Random Forest
42424,372,376,2025-10-13 16:43:00,0,0.1194,0,Low,Random Forest
42425,2965,376,2025-10-13 16:45:00,1,0.118,0,Low,Random Forest
42426,2658,63,2025-10-13 16:46:00,0,0.1314,0,Low,Random Forest
42427,2092,370,2025-10-13 16:48:00,0,0.1285,0,Low,Random Forest
42428,2658,359,2025-10-13 16:50:00,0,0.1448,0,Low,Random Forest
42429,1101,389,2025-10-13 16:59:00,0,0.1208,0,Low,Random Forest
42430,2341,381,2025-10-13 17:08:00,0,0.2711,0,Low,Random Forest
42431,662,370,2025-10-13 17:12:00,0,0.1243,0,Low,Random Forest
42432,1362,402,2025-10-13 17:14:00,0,0.1314,0,Low,Random Forest
42433,1101,363,2025-10-13 17:17:00,0,0.1121,0,Low,Random Forest
42434,2023,241,2025-10-13 17:18:00,0,0.1288,0,Low,Random Forest
42435,2162,68,2025-10-13 17:34:00,0,0.1207,0,Low,Random Forest
42436,1101,50,2025-10-13 17:41:00,1,0.1492,0,Low,Random Forest
42437,2426,260,2025-10-13 17:42:00,0,0.1301,0,Low,Random Forest
42438,2265,241,2025-10-13 17:45:00,0,0.1379,0,Low,Random Forest
42439,113,36,2025-10-13 17:46:00,0,0.1356,0,Low,Random Forest
42440,844,376,2025-10-13 17:58:00,0,0.1153,0,Low,Random Forest
42441,1986,262,2025-10-13 17:58:00,0,0.1316,0,Low,Random Forest
42442,1416,241,2025-10-13 18:09:00,1,0.2144,0,Low,Random Forest
42443,2701,45,2025-10-13 18:13:00,0,0.2261,0,Low,Random Forest
42444,2562,68,2025-10-13 18:17:00,1,0.2523,0,Low,Random Forest
42445,389,70,2025-10-13 18:24:00,1,0.3246,1,Medium,Random Forest
42446,2426,286,2025-10-13 18:30:00,1,0.2558,0,Low,Random Forest
42447,2151,103,2025-10-13 18:31:00,0,0.2017,0,Low,Random Forest
42448,158,318,2025-10-13 18:38:00,0,0.3447,1,Medium,Random Forest
42449,1101,77,2025-10-13 18:43:00,0,0.1844,0,Low,Random Forest
42450,1774,38,2025-10-13 18:49:00,1,0.2556,0,Low,Random Forest
42451,1877,378,2025-10-13 18:54:00,0,0.2835,0,Low,Random Forest
42452,1986,93,2025-10-13 19:10:00,0,0.2693,0,Low,Random Forest
42453,2691,262,2025-10-13 19:23:00,1,0.1843,0,Low,Random Forest
42454,641,31,2025-10-13 19:26:00,0,0.1664,0,Low,Random Forest
42455,255,363,2025-10-13 19:33:00,0,0.2036,0,Low,Random Forest
42456,1101,88,2025-10-13 19:37:00,0,0.2169,0,Low,Random Forest
42457,821,296,2025-10-13 19:38:00,1,0.2256,0,Low,Random Forest
42458,1756,275,2025-10-13 19:45:00,0,0.1705,0,Low,Random Forest
42459,113,370,2025-10-13 19:48:00,0,0.1351,0,Low,Random Forest
42460,1848,365,2025-10-13 19:58:00,0,0.3871,1,Medium,Random Forest
42461,2371,382,2025-10-13 20:05:00,1,0.1832,0,Low,Random Forest
42462,255,406,2025-10-13 20:06:00,0,0.214,0,Low,Random Forest
42463,852,370,2025-10-13 20:08:00,0,0.1926,0,Low,Random Forest
42464,483,370,2025-10-13 20:26:00,0,0.2333,0,Low,Random Forest
42465,255,435,2025-10-13 20:28:00,0,0.1634,0,Low,Random Forest
42466,397,275,2025-10-13 20:38:00,1,0.1628,0,Low,Random Forest
42467,1101,337,2025-10-13 20:39:00,0,0.1699,0,Low,Random Forest
42468,49,416,2025-10-13 20:42:00,0,0.3805,1,Medium,Random Forest
42469,6,238,2025-10-13 20:47:00,1,0.1726,0,Low,Random Forest
42470,870,181,2025-10-13 21:13:00,0,0.1599,0,Low,Random Forest
42471,2790,370,2025-10-13 21:53:00,0,0.1239,0,Low,Random Forest
42472,1495,241,2025-10-13 21:57:00,0,0.1464,0,Low,Random Forest
42473,1939,370,2025-10-13 22:35:00,1,0.1134,0,Low,Random Forest
42474,2691,241,2025-10-13 22:41:00,0,0.1424,0,Low,Random Forest
42475,1101,318,2025-10-13 23:11:00,1,0.3037,1,Medium,Random Forest
42476,1362,352,2025-10-13 23:19:00,0,0.1641,0,Low,Random Forest
42477,175,412,2025-10-13 23:31:00,1,0.183,0,Low,Random Forest
42478,255,355,2025-10-13 23:50:00,1,0.1767,0,Low,Random Forest
42479,2242,11,2025-10-14 05:42:00,1,0.1314,0,Low,Random Forest
42480,492,159,2025-10-14 05:56:00,0,0.1544,0,Low,Random Forest
42481,2255,318,2025-10-14 06:03:00,1,0.7352,1,High,Random Forest
42482,1330,181,2025-10-14 06:35:00,0,0.1436,0,Low,Random Forest
42483,984,370,2025-10-14 06:47:00,0,0.1323,0,Low,Random Forest
42484,2189,92,2025-10-14 06:49:00,0,0.148,0,Low,Random Forest
42485,1738,370,2025-10-14 07:06:00,0,0.1488,0,Low,Random Forest
42486,1893,262,2025-10-14 07:16:00,0,0.119,0,Low,Random Forest
42487,2672,16,2025-10-14 07:27:00,0,0.1219,0,Low,Random Forest
42488,1286,421,2025-10-14 07:31:00,0,0.1479,0,Low,Random Forest
42489,483,77,2025-10-14 07:32:00,0,0.1518,0,Low,Random Forest
42490,2147,292,2025-10-14 07:36:00,0,0.1589,0,Low,Random Forest
42491,1986,404,2025-10-14 07:38:00,0,0.1291,0,Low,Random Forest
42492,1101,300,2025-10-14 07:39:00,0,0.1166,0,Low,Random Forest
42493,821,296,2025-10-14 07:42:00,0,0.1357,0,Low,Random Forest
42494,1088,106,2025-10-14 07:46:00,0,0.1498,0,Low,Random Forest
42495,1355,335,2025-10-14 07:49:00,0,0.2611,0,Low,Random Forest
42496,1552,439,2025-10-14 07:54:00,0,0.1426,0,Low,Random Forest
42497,1596,252,2025-10-14 07:59:00,0,0.1215,0,Low,Random Forest
42498,2180,425,2025-10-14 08:03:00,0,0.2915,0,Low,Random Forest
42499,2194,371,2025-10-14 08:05:00,0,0.1777,0,Low,Random Forest
42500,483,216,2025-10-14 08:13:00,0,0.1636,0,Low,Random Forest
42501,1138,306,2025-10-14 08:13:00,1,0.201,0,Low,Random Forest
42502,2161,370,2025-10-14 08:15:00,0,0.2286,0,Low,Random Forest
42503,2600,418,2025-10-14 08:21:00,0,0.1844,0,Low,Random Forest
42504,434,411,2025-10-14 08:24:00,0,0.4475,1,Medium,Random Forest
42505,873,192,2025-10-14 08:33:00,0,0.1728,0,Low,Random Forest
42506,1880,50,2025-10-14 08:34:00,0,0.2489,0,Low,Random Forest
42507,826,187,2025-10-14 08:37:00,0,0.2045,0,Low,Random Forest
42508,1455,426,2025-10-14 08:41:00,0,0.2354,0,Low,Random Forest
42510,1742,157,2025-10-14 08:42:00,0,0.2216,0,Low,Random Forest
42509,1482,442,2025-10-14 08:42:00,0,0.2625,0,Low,Random Forest
42511,2435,241,2025-10-14 08:52:00,0,0.2135,0,Low,Random Forest
42512,852,77,2025-10-14 08:54:00,1,0.1665,0,Low,Random Forest
42513,1465,404,2025-10-14 09:06:00,0,0.1825,0,Low,Random Forest
42514,1933,264,2025-10-14 09:09:00,0,0.2118,0,Low,Random Forest
42515,163,241,2025-10-14 09:16:00,0,0.1429,0,Low,Random Forest
42516,1105,241,2025-10-14 09:46:00,1,0.3183,1,Medium,Random Forest
42517,2889,24,2025-10-14 09:56:00,1,0.4728,1,Medium,Random Forest
42518,685,435,2025-10-14 10:00:00,0,0.1413,0,Low,Random Forest
42519,2696,289,2025-10-14 10:03:00,0,0.1949,0,Low,Random Forest
42520,983,15,2025-10-14 10:04:00,0,0.1254,0,Low,Random Forest
42521,216,370,2025-10-14 10:14:00,0,0.1341,0,Low,Random Forest
42522,1101,399,2025-10-14 10:18:00,0,0.1365,0,Low,Random Forest
42523,2725,370,2025-10-14 10:45:00,1,0.1331,0,Low,Random Forest
42524,255,125,2025-10-14 10:50:00,0,0.13,0,Low,Random Forest
42526,57,318,2025-10-14 11:00:00,0,0.3108,1,Medium,Random Forest
42525,2731,370,2025-10-14 11:00:00,0,0.1202,0,Low,Random Forest
42527,628,370,2025-10-14 11:01:00,0,0.1159,0,Low,Random Forest
42528,255,370,2025-10-14 11:15:00,0,0.1194,0,Low,Random Forest
42529,979,158,2025-10-14 11:17:00,0,0.1388,0,Low,Random Forest
42530,1101,45,2025-10-14 11:39:00,0,0.1438,0,Low,Random Forest
42531,2672,370,2025-10-14 12:01:00,0,0.1308,0,Low,Random Forest
42532,30,252,2025-10-14 12:07:00,1,0.124,0,Low,Random Forest
42533,2834,38,2025-10-14 12:09:00,1,0.1481,0,Low,Random Forest
42534,1101,241,2025-10-14 12:19:00,0,0.1396,0,Low,Random Forest
42535,2134,281,2025-10-14 12:24:00,0,0.1425,0,Low,Random Forest
42536,1758,108,2025-10-14 12:25:00,0,0.1236,0,Low,Random Forest
42537,2080,262,2025-10-14 12:37:00,1,0.1389,0,Low,Random Forest
42538,217,438,2025-10-14 12:55:00,0,0.2082,0,Low,Random Forest
42539,2986,425,2025-10-14 13:02:00,0,0.2225,0,Low,Random Forest
42540,2607,180,2025-10-14 13:10:00,0,0.3069,1,Medium,Random Forest
42541,2434,323,2025-10-14 13:33:00,0,0.1253,0,Low,Random Forest
42542,852,442,2025-10-14 13:43:00,0,0.1476,0,Low,Random Forest
42543,2750,172,2025-10-14 13:46:00,0,0.1195,0,Low,Random Forest
42544,1099,55,2025-10-14 13:49:00,0,0.1318,0,Low,Random Forest
42545,2699,376,2025-10-14 13:58:00,0,0.1332,0,Low,Random Forest
42546,1636,238,2025-10-14 14:04:00,0,0.1216,0,Low,Random Forest
42547,595,46,2025-10-14 14:09:00,0,0.3017,1,Medium,Random Forest
42548,1812,337,2025-10-14 14:17:00,0,0.1279,0,Low,Random Forest
42549,761,260,2025-10-14 14:20:00,1,0.1486,0,Low,Random Forest
42550,1650,412,2025-10-14 14:21:00,0,0.143,0,Low,Random Forest
42551,1961,21,2025-10-14 14:24:00,0,0.1481,0,Low,Random Forest
42552,1812,64,2025-10-14 14:28:00,1,0.1336,0,Low,Random Forest
42553,2400,74,2025-10-14 14:50:00,0,0.1496,0,Low,Random Forest
42554,433,392,2025-10-14 14:53:00,0,0.1408,0,Low,Random Forest
42555,255,45,2025-10-14 14:56:00,0,0.1598,0,Low,Random Forest
42556,1101,181,2025-10-14 14:59:00,0,0.14,0,Low,Random Forest
42557,334,328,2025-10-14 15:09:00,0,0.1165,0,Low,Random Forest
42558,2499,241,2025-10-14 15:22:00,0,0.1178,0,Low,Random Forest
42559,939,305,2025-10-14 15:32:00,1,0.8031,1,High,Random Forest
42560,2774,31,2025-10-14 15:49:00,0,0.1349,0,Low,Random Forest
42561,1653,316,2025-10-14 15:55:00,0,0.1214,0,Low,Random Forest
42562,2290,376,2025-10-14 15:58:00,1,0.1328,0,Low,Random Forest
42563,1468,370,2025-10-14 16:03:00,0,0.1815,0,Low,Random Forest
42564,2834,289,2025-10-14 16:04:00,0,0.1337,0,Low,Random Forest
42566,1138,328,2025-10-14 16:12:00,1,0.1072,0,Low,Random Forest
42565,186,323,2025-10-14 16:12:00,0,0.1153,0,Low,Random Forest
42567,1896,376,2025-10-14 16:27:00,0,0.1107,0,Low,Random Forest
42568,113,339,2025-10-14 16:41:00,0,0.1515,0,Low,Random Forest
42569,2323,262,2025-10-14 16:43:00,0,0.1371,0,Low,Random Forest
42570,2438,349,2025-10-14 16:47:00,0,0.1615,0,Low,Random Forest
42571,2551,218,2025-10-14 16:49:00,0,0.1297,0,Low,Random Forest
42572,720,241,2025-10-14 16:50:00,0,0.1105,0,Low,Random Forest
42573,1914,370,2025-10-14 17:00:00,1,0.1163,0,Low,Random Forest
42574,1101,241,2025-10-14 17:02:00,0,0.1262,0,Low,Random Forest
42575,789,233,2025-10-14 17:07:00,0,0.1456,0,Low,Random Forest
42576,1101,332,2025-10-14 17:07:00,0,0.1162,0,Low,Random Forest
42577,372,387,2025-10-14 17:12:00,0,0.1625,0,Low,Random Forest
42578,255,370,2025-10-14 17:12:00,0,0.1133,0,Low,Random Forest
42579,2172,449,2025-10-14 17:23:00,0,0.157,0,Low,Random Forest
42580,1653,433,2025-10-14 17:30:00,0,0.1337,0,Low,Random Forest
42581,1229,233,2025-10-14 17:33:00,0,0.2291,0,Low,Random Forest
42582,787,37,2025-10-14 17:34:00,1,0.2373,0,Low,Random Forest
42583,803,50,2025-10-14 17:48:00,0,0.1811,0,Low,Random Forest
42584,1101,412,2025-10-14 17:53:00,0,0.1359,0,Low,Random Forest
42585,255,259,2025-10-14 17:54:00,0,0.1242,0,Low,Random Forest
42586,113,241,2025-10-14 17:59:00,0,0.122,0,Low,Random Forest
42587,1193,162,2025-10-14 18:03:00,0,0.2267,0,Low,Random Forest
42588,163,275,2025-10-14 18:05:00,0,0.2516,0,Low,Random Forest
42589,73,337,2025-10-14 18:12:00,0,0.218,0,Low,Random Forest
42590,1101,383,2025-10-14 18:18:00,0,0.145,0,Low,Random Forest
42591,2886,370,2025-10-14 18:24:00,0,0.1945,0,Low,Random Forest
42592,2479,241,2025-10-14 18:28:00,0,0.1671,0,Low,Random Forest
42593,597,370,2025-10-14 18:29:00,1,0.2484,0,Low,Random Forest
42594,148,252,2025-10-14 18:35:00,0,0.2054,0,Low,Random Forest
42595,1561,370,2025-10-14 18:41:00,0,0.2327,0,Low,Random Forest
42596,225,64,2025-10-14 18:41:00,0,0.1883,0,Low,Random Forest
42597,724,1,2025-10-14 18:43:00,0,0.2233,0,Low,Random Forest
42598,1101,363,2025-10-14 18:45:00,1,0.2301,0,Low,Random Forest
42599,2639,406,2025-10-14 18:49:00,0,0.2251,0,Low,Random Forest
42600,1101,275,2025-10-14 19:17:00,1,0.23,0,Low,Random Forest
42601,353,411,2025-10-14 19:45:00,1,0.4293,1,Medium,Random Forest
42602,2732,321,2025-10-14 19:51:00,0,0.2555,0,Low,Random Forest
42603,1027,175,2025-10-14 19:55:00,1,0.2485,0,Low,Random Forest
42604,1878,236,2025-10-14 20:00:00,0,0.2022,0,Low,Random Forest
42605,2024,337,2025-10-14 20:10:00,0,0.2059,0,Low,Random Forest
42606,2683,349,2025-10-14 20:11:00,0,0.2581,0,Low,Random Forest
42607,1009,370,2025-10-14 20:24:00,1,0.2068,0,Low,Random Forest
42608,1095,183,2025-10-14 20:33:00,0,0.249,0,Low,Random Forest
42609,2493,158,2025-10-14 20:35:00,0,0.205,0,Low,Random Forest
42610,2577,90,2025-10-14 20:41:00,0,0.3451,1,Medium,Random Forest
42611,2953,323,2025-10-14 20:50:00,0,0.1615,0,Low,Random Forest
42612,1313,182,2025-10-14 21:11:00,0,0.1256,0,Low,Random Forest
42613,1636,262,2025-10-14 21:14:00,0,0.1342,0,Low,Random Forest
42614,1331,370,2025-10-14 21:32:00,0,0.1191,0,Low,Random Forest
42615,547,376,2025-10-14 21:47:00,0,0.1141,0,Low,Random Forest
42616,2026,370,2025-10-14 21:48:00,0,0.1281,0,Low,Random Forest
42617,1626,376,2025-10-14 21:48:00,0,0.1329,0,Low,Random Forest
42618,2860,60,2025-10-14 21:57:00,0,0.1484,0,Low,Random Forest
42619,2255,181,2025-10-14 22:01:00,0,0.142,0,Low,Random Forest
42620,343,370,2025-10-14 22:05:00,0,0.1166,0,Low,Random Forest
42621,207,355,2025-10-14 22:24:00,0,0.1389,0,Low,Random Forest
42622,443,370,2025-10-14 22:29:00,0,0.1471,0,Low,Random Forest
42623,838,328,2025-10-14 22:45:00,0,0.1133,0,Low,Random Forest
42624,140,55,2025-10-14 22:47:00,0,0.1442,0,Low,Random Forest
42625,2928,260,2025-10-14 23:10:00,0,0.149,0,Low,Random Forest
42626,334,177,2025-10-14 23:13:00,1,0.1652,0,Low,Random Forest
42627,16,77,2025-10-14 23:16:00,0,0.1327,0,Low,Random Forest
42628,1812,37,2025-10-14 23:18:00,1,0.7372,1,High,Random Forest
42629,434,376,2025-10-14 23:44:00,0,0.1493,0,Low,Random Forest
42630,1806,363,2025-10-15 00:19:00,0,0.1807,0,Low,Random Forest
42631,255,335,2025-10-15 01:52:00,0,0.3209,1,Medium,Random Forest
42632,2748,300,2025-10-15 02:46:00,0,0.2002,0,Low,Random Forest
42633,113,72,2025-10-15 02:49:00,0,0.2486,0,Low,Random Forest
42634,2362,69,2025-10-15 03:11:00,0,0.1986,0,Low,Random Forest
42635,1150,413,2025-10-15 04:12:00,1,0.1935,0,Low,Random Forest
42636,1101,51,2025-10-15 04:33:00,0,0.1775,0,Low,Random Forest
42637,2316,363,2025-10-15 04:42:00,0,0.1727,0,Low,Random Forest
42638,2766,435,2025-10-15 05:04:00,0,0.2631,0,Low,Random Forest
42639,171,363,2025-10-15 05:48:00,1,0.1365,0,Low,Random Forest
42640,1817,376,2025-10-15 06:05:00,0,0.1225,0,Low,Random Forest
42641,503,23,2025-10-15 06:12:00,0,0.2263,0,Low,Random Forest
42642,1005,427,2025-10-15 06:58:00,0,0.1406,0,Low,Random Forest
42643,695,158,2025-10-15 06:58:00,0,0.214,0,Low,Random Forest
42645,1930,370,2025-10-15 07:03:00,0,0.1435,0,Low,Random Forest
42644,2325,296,2025-10-15 07:03:00,0,0.1195,0,Low,Random Forest
42647,1416,106,2025-10-15 07:06:00,0,0.1428,0,Low,Random Forest
42646,2455,370,2025-10-15 07:06:00,1,0.1281,0,Low,Random Forest
42648,207,236,2025-10-15 07:17:00,0,0.1223,0,Low,Random Forest
42649,1148,124,2025-10-15 07:27:00,0,0.1411,0,Low,Random Forest
42650,495,74,2025-10-15 07:30:00,0,0.1402,0,Low,Random Forest
42651,604,370,2025-10-15 07:39:00,0,0.1303,0,Low,Random Forest
42652,1689,241,2025-10-15 07:49:00,0,0.1282,0,Low,Random Forest
42653,1986,240,2025-10-15 07:54:00,1,0.1632,0,Low,Random Forest
42654,1800,370,2025-10-15 07:57:00,0,0.1221,0,Low,Random Forest
42655,287,181,2025-10-15 08:00:00,0,0.1712,0,Low,Random Forest
42656,401,406,2025-10-15 08:11:00,0,0.1631,0,Low,Random Forest
42657,1875,370,2025-10-15 08:12:00,0,0.1779,0,Low,Random Forest
42658,2872,376,2025-10-15 08:14:00,0,0.1639,0,Low,Random Forest
42659,258,275,2025-10-15 08:20:00,0,0.1962,0,Low,Random Forest
42660,2834,37,2025-10-15 08:25:00,1,0.2826,0,Low,Random Forest
42661,985,289,2025-10-15 08:25:00,0,0.1938,0,Low,Random Forest
42662,113,275,2025-10-15 08:26:00,0,0.2417,0,Low,Random Forest
42663,2180,131,2025-10-15 08:27:00,0,0.2198,0,Low,Random Forest
42664,950,181,2025-10-15 08:28:00,0,0.2225,0,Low,Random Forest
42665,2354,370,2025-10-15 08:28:00,0,0.1528,0,Low,Random Forest
42666,163,304,2025-10-15 08:34:00,0,0.1751,0,Low,Random Forest
42667,2325,318,2025-10-15 08:36:00,1,0.3492,1,Medium,Random Forest
42668,1041,241,2025-10-15 08:41:00,1,0.173,0,Low,Random Forest
42669,2965,361,2025-10-15 08:58:00,0,0.1717,0,Low,Random Forest
42671,926,262,2025-10-15 09:00:00,0,0.2226,0,Low,Random Forest
42670,1579,363,2025-10-15 09:00:00,0,0.1484,0,Low,Random Forest
42672,908,393,2025-10-15 09:07:00,0,0.2534,0,Low,Random Forest
42673,231,77,2025-10-15 09:08:00,0,0.207,0,Low,Random Forest
42674,1101,316,2025-10-15 09:14:00,0,0.2231,0,Low,Random Forest
42675,2222,440,2025-10-15 09:17:00,1,0.2967,0,Low,Random Forest
42676,981,223,2025-10-15 09:25:00,0,0.2351,0,Low,Random Forest
42677,171,408,2025-10-15 09:31:00,1,0.7132,1,High,Random Forest
42678,1675,64,2025-10-15 09:42:00,0,0.2197,0,Low,Random Forest
42679,1650,433,2025-10-15 09:50:00,0,0.2385,0,Low,Random Forest
42680,2624,328,2025-10-15 09:52:00,0,0.1732,0,Low,Random Forest
42681,113,236,2025-10-15 10:08:00,0,0.1256,0,Low,Random Forest
42682,156,241,2025-10-15 10:16:00,1,0.1294,0,Low,Random Forest
42683,1608,97,2025-10-15 10:17:00,0,0.1437,0,Low,Random Forest
42684,2194,106,2025-10-15 10:33:00,0,0.11,0,Low,Random Forest
42685,1398,78,2025-10-15 10:47:00,0,0.1212,0,Low,Random Forest
42686,826,77,2025-10-15 10:57:00,0,0.1236,0,Low,Random Forest
42687,255,88,2025-10-15 11:03:00,0,0.1216,0,Low,Random Forest
42688,2035,370,2025-10-15 11:23:00,0,0.133,0,Low,Random Forest
42689,123,231,2025-10-15 11:24:00,0,0.177,0,Low,Random Forest
42691,1101,275,2025-10-15 11:39:00,0,0.1508,0,Low,Random Forest
42690,1231,370,2025-10-15 11:39:00,0,0.1173,0,Low,Random Forest
42692,2677,376,2025-10-15 11:51:00,1,0.1238,0,Low,Random Forest
42693,255,323,2025-10-15 11:52:00,0,0.1092,0,Low,Random Forest
42694,1515,74,2025-10-15 11:59:00,0,0.124,0,Low,Random Forest
42695,2819,380,2025-10-15 12:06:00,0,0.1389,0,Low,Random Forest
42696,1416,72,2025-10-15 12:17:00,0,0.1553,0,Low,Random Forest
42697,1105,182,2025-10-15 12:19:00,0,0.153,0,Low,Random Forest
42698,2886,370,2025-10-15 12:22:00,0,0.1231,0,Low,Random Forest
42699,2676,363,2025-10-15 12:25:00,0,0.1366,0,Low,Random Forest
42700,291,106,2025-10-15 12:31:00,1,0.11,0,Low,Random Forest
42701,1314,306,2025-10-15 12:33:00,1,0.1166,0,Low,Random Forest
42702,1742,351,2025-10-15 12:37:00,0,0.1304,0,Low,Random Forest
42704,1264,275,2025-10-15 12:52:00,0,0.1184,0,Low,Random Forest
42703,219,370,2025-10-15 12:52:00,1,0.138,0,Low,Random Forest
42705,1875,323,2025-10-15 13:13:00,0,0.1155,0,Low,Random Forest
42706,1573,77,2025-10-15 13:28:00,0,0.1095,0,Low,Random Forest
42707,1356,252,2025-10-15 13:46:00,0,0.1228,0,Low,Random Forest
42708,2253,260,2025-10-15 13:49:00,0,0.1214,0,Low,Random Forest
42709,807,1,2025-10-15 13:55:00,1,0.1475,0,Low,Random Forest
42710,1500,259,2025-10-15 14:03:00,0,0.1298,0,Low,Random Forest
42711,171,68,2025-10-15 14:09:00,1,0.1206,0,Low,Random Forest
42713,159,47,2025-10-15 14:22:00,0,0.1659,0,Low,Random Forest
42712,929,382,2025-10-15 14:22:00,0,0.1252,0,Low,Random Forest
42714,189,241,2025-10-15 14:49:00,0,0.1433,0,Low,Random Forest
42715,162,143,2025-10-15 14:52:00,0,0.1421,0,Low,Random Forest
42716,1784,370,2025-10-15 15:29:00,1,0.1434,0,Low,Random Forest
42717,2301,433,2025-10-15 15:38:00,0,0.1507,0,Low,Random Forest
42718,2395,252,2025-10-15 15:42:00,0,0.1289,0,Low,Random Forest
42719,255,370,2025-10-15 16:01:00,0,0.1218,0,Low,Random Forest
42721,1193,113,2025-10-15 16:02:00,0,0.1484,0,Low,Random Forest
42720,312,241,2025-10-15 16:02:00,0,0.1105,0,Low,Random Forest
42722,350,318,2025-10-15 16:12:00,0,0.2666,0,Low,Random Forest
42723,1455,316,2025-10-15 16:19:00,0,0.1155,0,Low,Random Forest
42724,2691,45,2025-10-15 16:20:00,0,0.1457,0,Low,Random Forest
42725,1469,370,2025-10-15 16:24:00,0,0.1081,0,Low,Random Forest
42726,2834,328,2025-10-15 16:29:00,0,0.1173,0,Low,Random Forest
42727,177,202,2025-10-15 16:39:00,0,0.1503,0,Low,Random Forest
42728,255,10,2025-10-15 16:42:00,0,0.1415,0,Low,Random Forest
42729,171,51,2025-10-15 16:45:00,0,0.1806,0,Low,Random Forest
42730,1101,318,2025-10-15 17:00:00,1,0.2841,0,Low,Random Forest
42731,2872,31,2025-10-15 17:08:00,0,0.1423,0,Low,Random Forest
42732,948,316,2025-10-15 17:09:00,0,0.1106,0,Low,Random Forest
42733,433,241,2025-10-15 17:12:00,0,0.1275,0,Low,Random Forest
42734,1101,233,2025-10-15 17:22:00,0,0.1468,0,Low,Random Forest
42735,1535,439,2025-10-15 17:25:00,0,0.1309,0,Low,Random Forest
42736,628,51,2025-10-15 17:28:00,0,0.1236,0,Low,Random Forest
42737,255,241,2025-10-15 17:28:00,0,0.1221,0,Low,Random Forest
42738,2182,411,2025-10-15 17:36:00,0,0.3686,1,Medium,Random Forest
42739,219,241,2025-10-15 17:37:00,0,0.1409,0,Low,Random Forest
42740,1875,381,2025-10-15 17:40:00,1,0.352,1,Medium,Random Forest
42741,624,133,2025-10-15 17:47:00,1,0.3522,1,Medium,Random Forest
42742,2860,260,2025-10-15 17:51:00,0,0.1196,0,Low,Random Forest
42743,69,259,2025-10-15 17:53:00,0,0.1217,0,Low,Random Forest
42744,357,442,2025-10-15 17:55:00,0,0.128,0,Low,Random Forest
42745,334,236,2025-10-15 18:03:00,0,0.2462,0,Low,Random Forest
42746,225,318,2025-10-15 18:06:00,0,0.3313,1,Medium,Random Forest
42747,102,335,2025-10-15 18:08:00,0,0.3605,1,Medium,Random Forest
42749,2499,435,2025-10-15 18:14:00,0,0.2288,0,Low,Random Forest
42748,1174,194,2025-10-15 18:14:00,0,0.1632,0,Low,Random Forest
42750,1148,275,2025-10-15 18:18:00,1,0.2813,0,Low,Random Forest
42752,1812,335,2025-10-15 18:21:00,0,0.4374,1,Medium,Random Forest
42751,2500,370,2025-10-15 18:21:00,0,0.1679,0,Low,Random Forest
42753,1422,363,2025-10-15 18:31:00,1,0.7952,1,High,Random Forest
42754,725,181,2025-10-15 18:40:00,0,0.2183,0,Low,Random Forest
42756,231,216,2025-10-15 18:48:00,0,0.2278,0,Low,Random Forest
42755,2047,337,2025-10-15 18:48:00,0,0.1951,0,Low,Random Forest
42757,2459,252,2025-10-15 18:50:00,0,0.1526,0,Low,Random Forest
42758,2965,411,2025-10-15 19:07:00,0,0.4411,1,Medium,Random Forest
42759,343,181,2025-10-15 19:07:00,0,0.2145,0,Low,Random Forest
42760,1326,370,2025-10-15 19:10:00,0,0.2344,0,Low,Random Forest
42761,1989,390,2025-10-15 19:11:00,0,0.2712,0,Low,Random Forest
42762,135,241,2025-10-15 19:19:00,0,0.1389,0,Low,Random Forest
42763,1583,443,2025-10-15 19:22:00,0,0.2157,0,Low,Random Forest
42764,239,363,2025-10-15 19:23:00,0,0.2368,0,Low,Random Forest
42765,1864,236,2025-10-15 19:25:00,1,0.2558,0,Low,Random Forest
42766,1127,442,2025-10-15 19:43:00,1,0.2626,0,Low,Random Forest
42768,163,370,2025-10-15 19:51:00,0,0.1329,0,Low,Random Forest
42767,255,370,2025-10-15 19:51:00,0,0.2333,0,Low,Random Forest
42769,1996,370,2025-10-15 19:54:00,1,0.2286,0,Low,Random Forest
42770,2819,336,2025-10-15 19:55:00,0,0.169,0,Low,Random Forest
42771,533,72,2025-10-15 20:04:00,0,0.2114,0,Low,Random Forest
42772,189,252,2025-10-15 20:07:00,0,0.1964,0,Low,Random Forest
42773,1243,47,2025-10-15 20:10:00,1,0.2011,0,Low,Random Forest
42774,2005,363,2025-10-15 20:11:00,0,0.2031,0,Low,Random Forest
42775,2860,370,2025-10-15 20:14:00,0,0.2364,0,Low,Random Forest
42776,1875,305,2025-10-15 20:18:00,0,0.2379,0,Low,Random Forest
42777,91,233,2025-10-15 20:19:00,0,0.2316,0,Low,Random Forest
42778,2256,376,2025-10-15 20:30:00,0,0.163,0,Low,Random Forest
42779,1101,241,2025-10-15 20:41:00,0,0.2529,0,Low,Random Forest
42780,2317,289,2025-10-15 20:54:00,1,0.8206,1,High,Random Forest
42781,175,6,2025-10-15 21:33:00,0,0.1314,0,Low,Random Forest
42782,929,275,2025-10-15 21:36:00,1,0.1382,0,Low,Random Forest
42783,1101,219,2025-10-15 21:39:00,0,0.2851,0,Low,Random Forest
42784,444,446,2025-10-15 21:41:00,0,0.1924,0,Low,Random Forest
42785,113,311,2025-10-15 21:59:00,1,0.158,0,Low,Random Forest
42786,255,363,2025-10-15 23:32:00,0,0.1428,0,Low,Random Forest
42787,2079,86,2025-10-15 23:34:00,0,0.1568,0,Low,Random Forest
42788,2725,208,2025-10-15 23:55:00,0,0.1639,0,Low,Random Forest
42789,2551,318,2025-10-16 00:13:00,0,0.2907,0,Low,Random Forest
42790,1101,64,2025-10-16 01:00:00,1,0.7628,1,High,Random Forest
42791,1875,376,2025-10-16 02:54:00,1,0.7661,1,High,Random Forest
42792,2457,448,2025-10-16 03:42:00,0,0.2245,0,Low,Random Forest
42793,1653,271,2025-10-16 04:01:00,0,0.1943,0,Low,Random Forest
42794,687,370,2025-10-16 04:23:00,1,0.1453,0,Low,Random Forest
42795,2102,300,2025-10-16 04:31:00,0,0.2365,0,Low,Random Forest
42796,349,376,2025-10-16 04:42:00,0,0.1589,0,Low,Random Forest
42797,2263,241,2025-10-16 05:06:00,0,0.1317,0,Low,Random Forest
42798,258,137,2025-10-16 05:51:00,0,0.2645,0,Low,Random Forest
42799,440,318,2025-10-16 05:57:00,0,0.2402,0,Low,Random Forest
42800,2006,318,2025-10-16 06:13:00,1,0.3258,1,Medium,Random Forest
42801,799,31,2025-10-16 06:15:00,0,0.1364,0,Low,Random Forest
42802,2130,45,2025-10-16 06:23:00,0,0.2068,0,Low,Random Forest
42803,1812,241,2025-10-16 06:24:00,0,0.1234,0,Low,Random Forest
42804,2189,370,2025-10-16 06:26:00,0,0.1409,0,Low,Random Forest
42805,2501,316,2025-10-16 06:53:00,0,0.1194,0,Low,Random Forest
42806,1224,358,2025-10-16 06:56:00,0,0.134,0,Low,Random Forest
42807,2255,376,2025-10-16 07:04:00,0,0.1184,0,Low,Random Forest
42809,1974,199,2025-10-16 07:08:00,0,0.3007,1,Medium,Random Forest
42808,483,370,2025-10-16 07:08:00,0,0.1126,0,Low,Random Forest
42810,2079,406,2025-10-16 07:55:00,0,0.1336,0,Low,Random Forest
42811,113,256,2025-10-16 08:01:00,0,0.2193,0,Low,Random Forest
42812,255,258,2025-10-16 08:06:00,0,0.1551,0,Low,Random Forest
42813,163,120,2025-10-16 08:09:00,1,0.27,0,Low,Random Forest
42814,385,376,2025-10-16 08:12:00,0,0.159,0,Low,Random Forest
42815,1944,120,2025-10-16 08:16:00,0,0.213,0,Low,Random Forest
42816,1101,370,2025-10-16 08:17:00,0,0.2527,0,Low,Random Forest
42817,113,414,2025-10-16 08:20:00,0,0.2344,0,Low,Random Forest
42818,312,174,2025-10-16 08:21:00,0,0.2473,0,Low,Random Forest
42819,255,236,2025-10-16 08:32:00,0,0.2046,0,Low,Random Forest
42820,1360,223,2025-10-16 08:39:00,0,0.2207,0,Low,Random Forest
42821,2538,376,2025-10-16 08:39:00,0,0.1638,0,Low,Random Forest
42822,1840,440,2025-10-16 08:41:00,0,0.3937,1,Medium,Random Forest
42823,1669,260,2025-10-16 08:53:00,0,0.2747,0,Low,Random Forest
42824,2172,256,2025-10-16 08:56:00,0,0.2335,0,Low,Random Forest
42825,312,318,2025-10-16 08:58:00,1,0.3137,1,Medium,Random Forest
42827,255,252,2025-10-16 09:05:00,0,0.1518,0,Low,Random Forest
42826,1420,241,2025-10-16 09:05:00,1,0.1653,0,Low,Random Forest
42828,1469,370,2025-10-16 09:21:00,0,0.1815,0,Low,Random Forest
42829,1880,116,2025-10-16 09:24:00,0,0.2228,0,Low,Random Forest
42830,121,412,2025-10-16 09:33:00,0,0.2712,0,Low,Random Forest
42831,84,440,2025-10-16 09:34:00,0,0.3822,1,Medium,Random Forest
42832,1101,435,2025-10-16 09:48:00,0,0.2173,0,Low,Random Forest
42833,255,1,2025-10-16 09:51:00,0,0.2447,0,Low,Random Forest
42834,1738,273,2025-10-16 09:57:00,0,0.1755,0,Low,Random Forest
42835,254,363,2025-10-16 10:00:00,0,0.1317,0,Low,Random Forest
42836,1771,376,2025-10-16 10:07:00,0,0.1316,0,Low,Random Forest
42837,2946,180,2025-10-16 10:08:00,1,0.3033,1,Medium,Random Forest
42838,2395,241,2025-10-16 10:11:00,0,0.1152,0,Low,Random Forest
42839,2303,21,2025-10-16 10:14:00,0,0.135,0,Low,Random Forest
42840,2666,4,2025-10-16 10:16:00,0,0.3084,1,Medium,Random Forest
42841,2005,370,2025-10-16 10:46:00,0,0.111,0,Low,Random Forest
42842,2180,125,2025-10-16 10:56:00,0,0.1235,0,Low,Random Forest
42843,2141,275,2025-10-16 11:00:00,1,0.1251,0,Low,Random Forest
42844,1388,16,2025-10-16 11:06:00,0,0.1316,0,Low,Random Forest
42845,640,231,2025-10-16 11:16:00,0,0.2154,0,Low,Random Forest
42846,1584,77,2025-10-16 11:20:00,0,0.1208,0,Low,Random Forest
42847,1935,370,2025-10-16 11:26:00,0,0.117,0,Low,Random Forest
42848,320,433,2025-10-16 11:51:00,0,0.1541,0,Low,Random Forest
42849,648,429,2025-10-16 12:01:00,1,0.1183,0,Low,Random Forest
42850,732,241,2025-10-16 12:14:00,1,0.1413,0,Low,Random Forest
42851,2089,16,2025-10-16 12:23:00,0,0.1372,0,Low,Random Forest
42852,2246,363,2025-10-16 12:27:00,0,0.1278,0,Low,Random Forest
42853,2013,166,2025-10-16 12:28:00,1,0.1213,0,Low,Random Forest
42854,363,370,2025-10-16 12:30:00,0,0.1142,0,Low,Random Forest
42855,1937,328,2025-10-16 12:42:00,0,0.1152,0,Low,Random Forest
42856,2570,406,2025-10-16 12:52:00,0,0.1262,0,Low,Random Forest
42857,883,370,2025-10-16 13:02:00,0,0.1228,0,Low,Random Forest
42858,2870,387,2025-10-16 13:03:00,0,0.1216,0,Low,Random Forest
42859,348,376,2025-10-16 13:16:00,0,0.1536,0,Low,Random Forest
42860,2161,370,2025-10-16 13:17:00,0,0.1022,0,Low,Random Forest
42861,53,86,2025-10-16 13:24:00,0,0.1395,0,Low,Random Forest
42862,2205,305,2025-10-16 13:53:00,0,0.1273,0,Low,Random Forest
42863,1702,252,2025-10-16 13:57:00,0,0.1293,0,Low,Random Forest
42864,2631,181,2025-10-16 14:08:00,1,0.162,0,Low,Random Forest
42865,1586,132,2025-10-16 14:54:00,0,0.1268,0,Low,Random Forest
42866,766,106,2025-10-16 14:56:00,0,0.1152,0,Low,Random Forest
42867,1438,370,2025-10-16 14:57:00,0,0.1127,0,Low,Random Forest
42868,2380,195,2025-10-16 15:00:00,1,0.1309,0,Low,Random Forest
42869,1303,370,2025-10-16 15:13:00,0,0.1413,0,Low,Random Forest
42870,1812,370,2025-10-16 15:15:00,0,0.112,0,Low,Random Forest
42871,1636,376,2025-10-16 15:17:00,0,0.1081,0,Low,Random Forest
42872,2491,306,2025-10-16 15:40:00,0,0.1247,0,Low,Random Forest
42873,1260,162,2025-10-16 15:55:00,0,0.1573,0,Low,Random Forest
42874,49,231,2025-10-16 16:09:00,1,0.1859,0,Low,Random Forest
42875,2870,406,2025-10-16 16:10:00,0,0.1443,0,Low,Random Forest
42876,1150,412,2025-10-16 16:12:00,0,0.1815,0,Low,Random Forest
42877,1422,370,2025-10-16 16:14:00,0,0.1168,0,Low,Random Forest
42878,255,65,2025-10-16 16:16:00,0,0.1369,0,Low,Random Forest
42879,2928,370,2025-10-16 16:19:00,1,0.1878,0,Low,Random Forest
42880,1384,236,2025-10-16 16:20:00,1,0.1216,0,Low,Random Forest
42881,2911,11,2025-10-16 16:21:00,0,0.119,0,Low,Random Forest
42882,775,241,2025-10-16 16:23:00,0,0.1279,0,Low,Random Forest
42883,1812,63,2025-10-16 16:29:00,0,0.1309,0,Low,Random Forest
42884,687,307,2025-10-16 16:33:00,0,0.1649,0,Low,Random Forest
42885,2872,318,2025-10-16 16:53:00,0,0.2589,0,Low,Random Forest
42886,1455,106,2025-10-16 16:57:00,0,0.1182,0,Low,Random Forest
42887,2616,406,2025-10-16 17:09:00,0,0.1241,0,Low,Random Forest
42888,2172,283,2025-10-16 17:17:00,0,0.1367,0,Low,Random Forest
42889,1101,181,2025-10-16 17:18:00,0,0.1586,0,Low,Random Forest
42890,1101,400,2025-10-16 17:27:00,0,0.1406,0,Low,Random Forest
42891,2764,16,2025-10-16 17:56:00,0,0.1215,0,Low,Random Forest
42892,1636,72,2025-10-16 18:00:00,1,0.7834,1,High,Random Forest
42893,113,77,2025-10-16 18:02:00,1,0.165,0,Low,Random Forest
42894,1914,50,2025-10-16 18:07:00,0,0.296,0,Low,Random Forest
42895,2255,328,2025-10-16 18:11:00,0,0.1696,0,Low,Random Forest
42896,219,241,2025-10-16 18:19:00,0,0.2717,0,Low,Random Forest
42897,883,172,2025-10-16 18:26:00,0,0.2147,0,Low,Random Forest
42898,255,370,2025-10-16 18:27:00,0,0.1574,0,Low,Random Forest
42899,651,194,2025-10-16 18:31:00,0,0.2505,0,Low,Random Forest
42900,2084,241,2025-10-16 18:39:00,1,0.1861,0,Low,Random Forest
42901,258,26,2025-10-16 18:51:00,0,0.1587,0,Low,Random Forest
42902,1028,241,2025-10-16 18:58:00,0,0.1648,0,Low,Random Forest
42903,1455,363,2025-10-16 19:11:00,0,0.233,0,Low,Random Forest
42904,1101,370,2025-10-16 19:17:00,1,0.7283,1,High,Random Forest
42905,2031,77,2025-10-16 19:20:00,0,0.2373,0,Low,Random Forest
42906,1416,180,2025-10-16 19:24:00,0,0.384,1,Medium,Random Forest
42907,652,195,2025-10-16 19:29:00,0,0.1709,0,Low,Random Forest
42909,258,77,2025-10-16 19:33:00,0,0.1683,0,Low,Random Forest
42908,255,376,2025-10-16 19:33:00,0,0.2018,0,Low,Random Forest
42910,657,316,2025-10-16 19:35:00,0,0.2385,0,Low,Random Forest
42911,821,74,2025-10-16 19:45:00,0,0.2565,0,Low,Random Forest
42912,275,442,2025-10-16 19:50:00,1,0.2188,0,Low,Random Forest
42913,2187,370,2025-10-16 20:02:00,1,0.1544,0,Low,Random Forest
42914,815,372,2025-10-16 20:25:00,0,0.1822,0,Low,Random Forest
42915,8,318,2025-10-16 20:33:00,1,0.439,1,Medium,Random Forest
42916,131,375,2025-10-16 20:36:00,0,0.2694,0,Low,Random Forest
42917,1147,409,2025-10-16 20:45:00,0,0.2102,0,Low,Random Forest
42918,765,406,2025-10-16 20:46:00,1,0.1937,0,Low,Random Forest
42919,113,328,2025-10-16 20:47:00,0,0.2522,0,Low,Random Forest
42920,648,312,2025-10-16 20:53:00,0,0.2373,0,Low,Random Forest
42922,113,306,2025-10-16 20:57:00,1,0.1855,0,Low,Random Forest
42921,1875,252,2025-10-16 20:57:00,0,0.1521,0,Low,Random Forest
42923,2663,370,2025-10-16 20:58:00,0,0.2562,0,Low,Random Forest
42924,2005,370,2025-10-16 20:59:00,1,0.1462,0,Low,Random Forest
42925,1101,370,2025-10-16 21:00:00,0,0.1202,0,Low,Random Forest
42926,113,88,2025-10-16 21:12:00,0,0.1294,0,Low,Random Forest
42927,2542,264,2025-10-16 21:40:00,0,0.1435,0,Low,Random Forest
42928,113,399,2025-10-16 21:51:00,0,0.1355,0,Low,Random Forest
42929,2764,124,2025-10-16 21:54:00,0,0.1452,0,Low,Random Forest
42930,226,335,2025-10-16 21:59:00,0,0.3269,1,Medium,Random Forest
42931,1904,201,2025-10-16 22:28:00,0,0.128,0,Low,Random Forest
42932,2141,60,2025-10-16 22:37:00,1,0.1766,0,Low,Random Forest
42934,1930,182,2025-10-16 22:49:00,0,0.122,0,Low,Random Forest
42933,2406,82,2025-10-16 22:49:00,0,0.1526,0,Low,Random Forest
42935,1101,363,2025-10-16 22:54:00,0,0.1303,0,Low,Random Forest
42936,2940,400,2025-10-16 23:12:00,0,0.1775,0,Low,Random Forest
42937,1880,370,2025-10-16 23:26:00,0,0.1335,0,Low,Random Forest
42938,1996,275,2025-10-16 23:59:00,1,0.7639,1,High,Random Forest
42939,821,275,2025-10-17 00:38:00,0,0.1579,0,Low,Random Forest
42940,498,285,2025-10-17 00:49:00,0,0.387,1,Medium,Random Forest
42941,1944,252,2025-10-17 00:54:00,0,0.1763,0,Low,Random Forest
42942,254,363,2025-10-17 01:23:00,0,0.1992,0,Low,Random Forest
42943,1356,376,2025-10-17 02:46:00,0,0.1907,0,Low,Random Forest
42944,2788,275,2025-10-17 03:58:00,1,0.1699,0,Low,Random Forest
42945,1465,370,2025-10-17 05:00:00,0,0.1239,0,Low,Random Forest
42946,1965,169,2025-10-17 05:02:00,0,0.1388,0,Low,Random Forest
42947,2761,328,2025-10-17 05:43:00,0,0.1608,0,Low,Random Forest
42948,1330,259,2025-10-17 06:02:00,0,0.1244,0,Low,Random Forest
42949,163,433,2025-10-17 06:03:00,0,0.1284,0,Low,Random Forest
42950,2346,376,2025-10-17 06:11:00,0,0.1325,0,Low,Random Forest
42951,1147,376,2025-10-17 06:26:00,0,0.1139,0,Low,Random Forest
42952,1270,349,2025-10-17 06:31:00,0,0.1224,0,Low,Random Forest
42953,1101,318,2025-10-17 06:33:00,1,0.281,0,Low,Random Forest
42954,443,351,2025-10-17 06:49:00,0,0.1235,0,Low,Random Forest
42955,884,370,2025-10-17 07:11:00,0,0.1332,0,Low,Random Forest
42956,1939,376,2025-10-17 07:15:00,1,0.1158,0,Low,Random Forest
42957,1101,337,2025-10-17 07:20:00,0,0.1255,0,Low,Random Forest
42958,1069,376,2025-10-17 07:21:00,1,0.1261,0,Low,Random Forest
42959,659,275,2025-10-17 07:26:00,0,0.1369,0,Low,Random Forest
42960,1101,323,2025-10-17 07:28:00,0,0.1172,0,Low,Random Forest
42961,1485,241,2025-10-17 07:31:00,0,0.1223,0,Low,Random Forest
42962,2663,370,2025-10-17 07:38:00,0,0.1218,0,Low,Random Forest
42963,1101,260,2025-10-17 07:42:00,1,0.1214,0,Low,Random Forest
42964,1101,363,2025-10-17 07:44:00,1,0.1335,0,Low,Random Forest
42965,821,422,2025-10-17 07:49:00,0,0.1316,0,Low,Random Forest
42966,113,275,2025-10-17 07:51:00,0,0.1156,0,Low,Random Forest
42967,852,316,2025-10-17 07:57:00,0,0.1392,0,Low,Random Forest
42968,255,412,2025-10-17 07:57:00,0,0.181,0,Low,Random Forest
42969,2875,363,2025-10-17 08:10:00,0,0.1643,0,Low,Random Forest
42970,651,252,2025-10-17 08:11:00,0,0.1656,0,Low,Random Forest
42971,588,260,2025-10-17 08:11:00,0,0.1739,0,Low,Random Forest
42972,1386,46,2025-10-17 08:13:00,0,0.4624,1,Medium,Random Forest
42973,518,433,2025-10-17 08:19:00,0,0.1914,0,Low,Random Forest
42974,1150,306,2025-10-17 08:23:00,0,0.2033,0,Low,Random Forest
42975,113,106,2025-10-17 08:27:00,1,0.2081,0,Low,Random Forest
42976,1526,311,2025-10-17 08:28:00,1,0.1644,0,Low,Random Forest
42977,2179,136,2025-10-17 08:31:00,0,0.1515,0,Low,Random Forest
42978,2819,359,2025-10-17 08:32:00,0,0.2661,0,Low,Random Forest
42979,1334,338,2025-10-17 08:34:00,1,0.2346,0,Low,Random Forest
42980,2096,184,2025-10-17 08:36:00,1,0.2823,0,Low,Random Forest
42981,2182,300,2025-10-17 08:42:00,1,0.2108,0,Low,Random Forest
42982,367,152,2025-10-17 08:53:00,0,0.2829,0,Low,Random Forest
42983,2788,370,2025-10-17 08:57:00,0,0.1997,0,Low,Random Forest
42984,2317,370,2025-10-17 09:11:00,0,0.2014,0,Low,Random Forest
42985,2881,260,2025-10-17 09:16:00,0,0.2092,0,Low,Random Forest
42987,2961,375,2025-10-17 09:19:00,1,0.3135,1,Medium,Random Forest
42986,1427,370,2025-10-17 09:19:00,1,0.1567,0,Low,Random Forest
42988,1101,45,2025-10-17 09:21:00,0,0.2109,0,Low,Random Forest
42989,1345,252,2025-10-17 09:22:00,0,0.1943,0,Low,Random Forest
42990,2830,363,2025-10-17 09:24:00,0,0.1874,0,Low,Random Forest
42991,1866,363,2025-10-17 09:38:00,0,0.2118,0,Low,Random Forest
42992,1074,283,2025-10-17 09:40:00,0,0.1963,0,Low,Random Forest
42993,559,273,2025-10-17 09:43:00,1,0.2369,0,Low,Random Forest
42994,2869,1,2025-10-17 09:45:00,0,0.2262,0,Low,Random Forest
42995,98,3,2025-10-17 09:53:00,0,0.1643,0,Low,Random Forest
42996,1959,86,2025-10-17 09:55:00,0,0.2274,0,Low,Random Forest
42997,473,275,2025-10-17 09:58:00,0,0.2138,0,Low,Random Forest
42998,1101,201,2025-10-17 09:59:00,0,0.2423,0,Low,Random Forest
42999,1875,241,2025-10-17 10:03:00,0,0.1267,0,Low,Random Forest
43000,255,77,2025-10-17 10:03:00,0,0.1149,0,Low,Random Forest
43001,2419,102,2025-10-17 10:16:00,0,0.1465,0,Low,Random Forest
43002,2385,370,2025-10-17 10:40:00,0,0.1195,0,Low,Random Forest
43003,1876,195,2025-10-17 10:40:00,0,0.1226,0,Low,Random Forest
43004,2593,203,2025-10-17 10:46:00,0,0.1567,0,Low,Random Forest
43005,1225,238,2025-10-17 11:14:00,1,0.1325,0,Low,Random Forest
43006,175,411,2025-10-17 11:16:00,1,0.3277,1,Medium,Random Forest
43007,2344,370,2025-10-17 11:23:00,0,0.1324,0,Low,Random Forest
43008,666,171,2025-10-17 11:38:00,1,0.1498,0,Low,Random Forest
43009,255,181,2025-10-17 11:51:00,0,0.1341,0,Low,Random Forest
43010,2023,412,2025-10-17 11:53:00,1,0.2295,0,Low,Random Forest
43011,1101,370,2025-10-17 11:55:00,0,0.1327,0,Low,Random Forest
43012,1387,120,2025-10-17 12:06:00,0,0.1948,0,Low,Random Forest
43013,2156,370,2025-10-17 12:17:00,0,0.1331,0,Low,Random Forest
43014,174,241,2025-10-17 12:26:00,0,0.1149,0,Low,Random Forest
43015,175,4,2025-10-17 12:28:00,0,0.2785,0,Low,Random Forest
43016,1966,241,2025-10-17 12:33:00,0,0.1232,0,Low,Random Forest
43017,1108,370,2025-10-17 12:44:00,1,0.1311,0,Low,Random Forest
43018,255,21,2025-10-17 12:49:00,0,0.121,0,Low,Random Forest
43019,131,42,2025-10-17 12:50:00,0,0.1264,0,Low,Random Forest
43020,1101,370,2025-10-17 13:08:00,0,0.1175,0,Low,Random Forest
43021,1101,376,2025-10-17 13:10:00,0,0.1328,0,Low,Random Forest
43022,1636,252,2025-10-17 13:20:00,0,0.1318,0,Low,Random Forest
43023,1650,64,2025-10-17 13:26:00,0,0.1309,0,Low,Random Forest
43024,2782,275,2025-10-17 13:45:00,0,0.132,0,Low,Random Forest
43025,28,275,2025-10-17 13:54:00,0,0.1145,0,Low,Random Forest
43026,1467,370,2025-10-17 14:13:00,0,0.1279,0,Low,Random Forest
43027,1334,289,2025-10-17 14:14:00,0,0.128,0,Low,Random Forest
43028,168,376,2025-10-17 14:22:00,0,0.1171,0,Low,Random Forest
43029,2317,381,2025-10-17 14:24:00,0,0.3165,1,Medium,Random Forest
43030,567,275,2025-10-17 14:29:00,1,0.1093,0,Low,Random Forest
43031,53,411,2025-10-17 14:33:00,1,0.3213,1,Medium,Random Forest
43032,370,200,2025-10-17 15:06:00,1,0.1403,0,Low,Random Forest
43033,1101,363,2025-10-17 15:12:00,1,0.117,0,Low,Random Forest
43034,2819,16,2025-10-17 15:17:00,1,0.1125,0,Low,Random Forest
43035,1011,62,2025-10-17 15:27:00,0,0.1686,0,Low,Random Forest
43036,1966,252,2025-10-17 15:35:00,0,0.1103,0,Low,Random Forest
43038,2678,45,2025-10-17 15:36:00,0,0.1685,0,Low,Random Forest
43037,255,376,2025-10-17 15:36:00,0,0.1111,0,Low,Random Forest
43039,2983,355,2025-10-17 15:47:00,0,0.1406,0,Low,Random Forest
43040,2621,316,2025-10-17 15:59:00,1,0.1579,0,Low,Random Forest
43041,1800,181,2025-10-17 16:00:00,0,0.1692,0,Low,Random Forest
43042,2108,264,2025-10-17 16:02:00,0,0.2165,0,Low,Random Forest
43043,174,148,2025-10-17 16:03:00,0,0.1354,0,Low,Random Forest
43044,1577,289,2025-10-17 16:05:00,0,0.1371,0,Low,Random Forest
43045,452,318,2025-10-17 16:16:00,0,0.2446,0,Low,Random Forest
43046,1440,241,2025-10-17 16:26:00,0,0.1529,0,Low,Random Forest
43047,165,434,2025-10-17 16:33:00,0,0.1327,0,Low,Random Forest
43048,184,68,2025-10-17 16:44:00,0,0.1455,0,Low,Random Forest
43049,1866,370,2025-10-17 16:53:00,0,0.1109,0,Low,Random Forest
43050,1101,275,2025-10-17 17:04:00,0,0.1312,0,Low,Random Forest
43051,219,335,2025-10-17 17:06:00,1,0.2536,0,Low,Random Forest
43052,255,297,2025-10-17 17:06:00,0,0.1565,0,Low,Random Forest
43053,2834,335,2025-10-17 17:07:00,0,0.2869,0,Low,Random Forest
43054,1160,45,2025-10-17 17:14:00,0,0.1706,0,Low,Random Forest
43055,807,241,2025-10-17 17:28:00,0,0.138,0,Low,Random Forest
43056,1101,252,2025-10-17 17:32:00,0,0.1254,0,Low,Random Forest
43058,957,312,2025-10-17 17:49:00,0,0.1241,0,Low,Random Forest
43057,1651,46,2025-10-17 17:49:00,1,0.2969,0,Low,Random Forest
43059,2173,289,2025-10-17 17:51:00,1,0.1251,0,Low,Random Forest
43060,2867,181,2025-10-17 17:56:00,0,0.1331,0,Low,Random Forest
43061,837,77,2025-10-17 18:04:00,0,0.2317,0,Low,Random Forest
43062,434,370,2025-10-17 18:05:00,0,0.1622,0,Low,Random Forest
43063,952,376,2025-10-17 18:07:00,0,0.226,0,Low,Random Forest
43064,430,275,2025-10-17 18:09:00,0,0.1965,0,Low,Random Forest
43066,2731,64,2025-10-17 18:18:00,1,0.7975,1,High,Random Forest
43065,2803,262,2025-10-17 18:18:00,0,0.2249,0,Low,Random Forest
43067,2803,241,2025-10-17 18:22:00,0,0.2378,0,Low,Random Forest
43068,113,213,2025-10-17 18:35:00,0,0.3069,1,Medium,Random Forest
43069,2635,363,2025-10-17 18:52:00,0,0.2143,0,Low,Random Forest
43070,460,241,2025-10-17 18:54:00,0,0.166,0,Low,Random Forest
43071,1273,370,2025-10-17 18:56:00,0,0.1425,0,Low,Random Forest
43072,1101,252,2025-10-17 18:57:00,0,0.1519,0,Low,Random Forest
43073,255,433,2025-10-17 18:58:00,0,0.2044,0,Low,Random Forest
43074,1613,82,2025-10-17 19:10:00,0,0.2748,0,Low,Random Forest
43075,359,433,2025-10-17 19:12:00,1,0.2306,0,Low,Random Forest
43076,1150,124,2025-10-17 19:22:00,0,0.1608,0,Low,Random Forest
43077,125,281,2025-10-17 19:25:00,0,0.2294,0,Low,Random Forest
43078,2141,338,2025-10-17 19:30:00,0,0.2516,0,Low,Random Forest
43079,2206,181,2025-10-17 19:35:00,0,0.1857,0,Low,Random Forest
43080,113,55,2025-10-17 19:38:00,0,0.2156,0,Low,Random Forest
43081,2919,15,2025-10-17 19:44:00,0,0.2001,0,Low,Random Forest
43082,2092,370,2025-10-17 19:52:00,0,0.1518,0,Low,Random Forest
43083,2317,289,2025-10-17 19:58:00,0,0.2906,0,Low,Random Forest
43084,1101,262,2025-10-17 20:16:00,0,0.1918,0,Low,Random Forest
43085,2187,252,2025-10-17 20:27:00,0,0.165,0,Low,Random Forest
43086,2862,370,2025-10-17 20:31:00,0,0.2577,0,Low,Random Forest
43087,1101,406,2025-10-17 20:33:00,0,0.1873,0,Low,Random Forest
43088,684,88,2025-10-17 20:38:00,1,0.2484,0,Low,Random Forest
43089,1421,15,2025-10-17 21:12:00,0,0.1459,0,Low,Random Forest
43090,1723,363,2025-10-17 21:45:00,1,0.1224,0,Low,Random Forest
43091,255,318,2025-10-17 21:46:00,0,0.3192,1,Medium,Random Forest
43092,1886,149,2025-10-17 21:47:00,0,0.1597,0,Low,Random Forest
43093,1101,45,2025-10-17 21:58:00,0,0.1681,0,Low,Random Forest
43094,1876,74,2025-10-17 21:59:00,0,0.1259,0,Low,Random Forest
43095,1671,318,2025-10-17 22:34:00,0,0.2795,0,Low,Random Forest
43096,1422,260,2025-10-17 22:48:00,0,0.1144,0,Low,Random Forest
43097,163,370,2025-10-17 22:52:00,0,0.1292,0,Low,Random Forest
43098,171,241,2025-10-17 23:02:00,0,0.1609,0,Low,Random Forest
43099,2699,436,2025-10-17 23:27:00,0,0.2033,0,Low,Random Forest
43100,2499,421,2025-10-17 23:43:00,0,0.1867,0,Low,Random Forest
43101,2438,252,2025-10-18 00:13:00,0,0.2081,0,Low,Random Forest
43102,624,370,2025-10-18 01:48:00,1,0.2237,0,Low,Random Forest
43103,2699,406,2025-10-18 02:27:00,0,0.2373,0,Low,Random Forest
43104,1087,181,2025-10-18 03:46:00,0,0.1945,0,Low,Random Forest
43105,255,176,2025-10-18 03:57:00,0,0.2087,0,Low,Random Forest
43106,163,275,2025-10-18 04:10:00,0,0.1839,0,Low,Random Forest
43107,1101,77,2025-10-18 04:11:00,0,0.252,0,Low,Random Forest
43108,1101,241,2025-10-18 04:28:00,0,0.2045,0,Low,Random Forest
43109,2781,46,2025-10-18 05:27:00,1,0.3573,1,Medium,Random Forest
43110,2641,241,2025-10-18 06:32:00,0,0.1312,0,Low,Random Forest
43112,1695,370,2025-10-18 07:13:00,0,0.1326,0,Low,Random Forest
43111,2834,4,2025-10-18 07:13:00,0,0.3577,1,Medium,Random Forest
43113,2222,370,2025-10-18 07:23:00,0,0.1288,0,Low,Random Forest
43115,64,363,2025-10-18 07:31:00,0,0.1553,0,Low,Random Forest
43114,1101,275,2025-10-18 07:31:00,0,0.1302,0,Low,Random Forest
43116,782,323,2025-10-18 07:37:00,0,0.1384,0,Low,Random Forest
43117,163,371,2025-10-18 07:38:00,0,0.1587,0,Low,Random Forest
43118,1924,296,2025-10-18 07:42:00,0,0.1614,0,Low,Random Forest
43119,2666,370,2025-10-18 07:56:00,0,0.1437,0,Low,Random Forest
43120,2499,388,2025-10-18 07:59:00,0,0.2109,0,Low,Random Forest
43122,2542,317,2025-10-18 08:10:00,1,0.2319,0,Low,Random Forest
43121,331,256,2025-10-18 08:10:00,0,0.2587,0,Low,Random Forest
43123,965,395,2025-10-18 08:16:00,0,0.1971,0,Low,Random Forest
43128,255,241,2025-10-18 08:18:00,1,0.2683,0,Low,Random Forest
43127,255,318,2025-10-18 08:18:00,0,0.328,1,Medium,Random Forest
43126,113,241,2025-10-18 08:18:00,1,0.2209,0,Low,Random Forest
43125,2499,370,2025-10-18 08:18:00,0,0.2985,0,Low,Random Forest
43124,2180,406,2025-10-18 08:18:00,0,0.1987,0,Low,Random Forest
43129,255,363,2025-10-18 08:27:00,0,0.2325,0,Low,Random Forest
43130,1156,16,2025-10-18 08:28:00,0,0.2922,0,Low,Random Forest
43132,1731,434,2025-10-18 08:31:00,1,0.2485,0,Low,Random Forest
43131,1226,376,2025-10-18 08:31:00,0,0.2508,0,Low,Random Forest
43134,876,74,2025-10-18 08:38:00,0,0.2791,0,Low,Random Forest
43133,203,241,2025-10-18 08:38:00,0,0.2748,0,Low,Random Forest
43135,255,252,2025-10-18 08:39:00,0,0.2332,0,Low,Random Forest
43136,2026,262,2025-10-18 08:50:00,1,0.2607,0,Low,Random Forest
43137,1101,241,2025-10-18 08:51:00,0,0.3078,1,Medium,Random Forest
43138,1150,414,2025-10-18 09:06:00,0,0.2578,0,Low,Random Forest
43139,2712,406,2025-10-18 09:08:00,0,0.2396,0,Low,Random Forest
43140,36,236,2025-10-18 09:09:00,1,0.2372,0,Low,Random Forest
43141,1921,374,2025-10-18 09:14:00,1,0.4708,1,Medium,Random Forest
43142,1101,254,2025-10-18 09:14:00,0,0.2646,0,Low,Random Forest
43143,334,70,2025-10-18 09:27:00,1,0.7849,1,High,Random Forest
43144,648,370,2025-10-18 09:37:00,1,0.3028,1,Medium,Random Forest
43145,2849,318,2025-10-18 09:39:00,0,0.3834,1,Medium,Random Forest
43146,1455,376,2025-10-18 09:48:00,0,0.2535,0,Low,Random Forest
43147,560,16,2025-10-18 09:52:00,0,0.1695,0,Low,Random Forest
43148,2255,363,2025-10-18 10:11:00,1,0.7488,1,High,Random Forest
43149,1800,311,2025-10-18 10:40:00,0,0.1571,0,Low,Random Forest
43150,254,252,2025-10-18 10:48:00,0,0.1372,0,Low,Random Forest
43151,1742,252,2025-10-18 11:10:00,0,0.1179,0,Low,Random Forest
43152,1126,376,2025-10-18 11:17:00,0,0.1178,0,Low,Random Forest
43153,2102,376,2025-10-18 11:33:00,0,0.1382,0,Low,Random Forest
43154,254,70,2025-10-18 11:40:00,0,0.1899,0,Low,Random Forest
43155,2226,241,2025-10-18 11:45:00,0,0.1271,0,Low,Random Forest
43156,1260,181,2025-10-18 11:59:00,0,0.1628,0,Low,Random Forest
43157,1876,106,2025-10-18 12:00:00,0,0.1338,0,Low,Random Forest
43158,2008,370,2025-10-18 12:00:00,0,0.1322,0,Low,Random Forest
43159,2205,363,2025-10-18 12:02:00,1,0.1367,0,Low,Random Forest
43160,1101,241,2025-10-18 12:05:00,1,0.1343,0,Low,Random Forest
43161,255,64,2025-10-18 12:46:00,1,0.1487,0,Low,Random Forest
43162,158,99,2025-10-18 12:59:00,0,0.1683,0,Low,Random Forest
43163,2161,225,2025-10-18 13:05:00,0,0.177,0,Low,Random Forest
43164,977,107,2025-10-18 13:15:00,0,0.304,1,Medium,Random Forest
43165,2170,260,2025-10-18 13:19:00,0,0.1598,0,Low,Random Forest
43166,1193,335,2025-10-18 13:21:00,0,0.3091,1,Medium,Random Forest
43167,815,55,2025-10-18 13:22:00,0,0.1346,0,Low,Random Forest
43168,2455,260,2025-10-18 13:24:00,1,0.1222,0,Low,Random Forest
43169,2685,236,2025-10-18 13:45:00,0,0.1273,0,Low,Random Forest
43170,255,152,2025-10-18 13:56:00,0,0.1503,0,Low,Random Forest
43171,2994,133,2025-10-18 14:04:00,0,0.3868,1,Medium,Random Forest
43172,1750,427,2025-10-18 14:33:00,1,0.1353,0,Low,Random Forest
43173,1738,285,2025-10-18 14:34:00,1,0.7396,1,High,Random Forest
43174,1780,252,2025-10-18 14:57:00,0,0.1484,0,Low,Random Forest
43175,1812,252,2025-10-18 15:02:00,0,0.1363,0,Low,Random Forest
43176,2180,370,2025-10-18 15:29:00,1,0.1532,0,Low,Random Forest
43177,113,370,2025-10-18 15:30:00,0,0.1604,0,Low,Random Forest
43178,1101,31,2025-10-18 15:47:00,1,0.7481,1,High,Random Forest
43179,1636,323,2025-10-18 16:20:00,0,0.1449,0,Low,Random Forest
43180,1101,429,2025-10-18 16:24:00,0,0.158,0,Low,Random Forest
43181,397,370,2025-10-18 16:31:00,0,0.1231,0,Low,Random Forest
43182,1966,339,2025-10-18 16:33:00,0,0.154,0,Low,Random Forest
43183,577,335,2025-10-18 16:44:00,0,0.4069,1,Medium,Random Forest
43184,1858,309,2025-10-18 16:44:00,0,0.22,0,Low,Random Forest
43185,1738,370,2025-10-18 16:51:00,0,0.1116,0,Low,Random Forest
43186,1848,21,2025-10-18 17:01:00,0,0.1513,0,Low,Random Forest
43187,2825,433,2025-10-18 17:03:00,0,0.1713,0,Low,Random Forest
43188,1101,260,2025-10-18 17:06:00,1,0.1422,0,Low,Random Forest
43189,1566,376,2025-10-18 17:16:00,0,0.1229,0,Low,Random Forest
43190,2499,241,2025-10-18 17:20:00,0,0.1269,0,Low,Random Forest
43191,2942,55,2025-10-18 17:22:00,0,0.1349,0,Low,Random Forest
43192,1742,241,2025-10-18 17:26:00,0,0.1329,0,Low,Random Forest
43193,1768,307,2025-10-18 17:27:00,0,0.189,0,Low,Random Forest
43194,312,433,2025-10-18 17:28:00,1,0.1394,0,Low,Random Forest
43195,163,401,2025-10-18 18:14:00,0,0.2687,0,Low,Random Forest
43196,1150,231,2025-10-18 18:18:00,0,0.3522,1,Medium,Random Forest
43197,334,363,2025-10-18 18:19:00,1,0.7974,1,High,Random Forest
43198,2255,64,2025-10-18 18:22:00,0,0.2781,0,Low,Random Forest
43199,1616,252,2025-10-18 18:22:00,0,0.2095,0,Low,Random Forest
43200,2270,332,2025-10-18 18:29:00,0,0.2644,0,Low,Random Forest
43201,2882,370,2025-10-18 18:32:00,0,0.2974,0,Low,Random Forest
43202,1101,296,2025-10-18 18:33:00,0,0.2444,0,Low,Random Forest
43204,1005,356,2025-10-18 18:33:00,0,0.2583,0,Low,Random Forest
43203,2269,241,2025-10-18 18:33:00,1,0.2939,0,Low,Random Forest
43205,1954,370,2025-10-18 18:36:00,0,0.2441,0,Low,Random Forest
43206,2501,217,2025-10-18 18:38:00,0,0.3551,1,Medium,Random Forest
43207,1202,241,2025-10-18 18:41:00,1,0.283,0,Low,Random Forest
43208,1540,334,2025-10-18 18:55:00,0,0.2698,0,Low,Random Forest
43209,2059,318,2025-10-18 18:59:00,0,0.3535,1,Medium,Random Forest
43210,1738,349,2025-10-18 19:06:00,0,0.311,1,Medium,Random Forest
43211,379,363,2025-10-18 19:07:00,0,0.2154,0,Low,Random Forest
43212,219,376,2025-10-18 19:11:00,0,0.2382,0,Low,Random Forest
43213,393,45,2025-10-18 19:15:00,0,0.2977,0,Low,Random Forest
43214,1101,241,2025-10-18 19:16:00,0,0.3083,1,Medium,Random Forest
43215,1150,370,2025-10-18 19:31:00,1,0.2407,0,Low,Random Forest
43216,1587,370,2025-10-18 19:37:00,0,0.2137,0,Low,Random Forest
43217,1101,376,2025-10-18 19:38:00,0,0.2786,0,Low,Random Forest
43218,1812,241,2025-10-18 19:44:00,0,0.2278,0,Low,Random Forest
43219,1881,241,2025-10-18 19:46:00,0,0.2619,0,Low,Random Forest
43220,219,316,2025-10-18 19:49:00,0,0.2778,0,Low,Random Forest
43221,1406,410,2025-10-18 19:52:00,0,0.3043,1,Medium,Random Forest
43222,113,370,2025-10-18 19:52:00,0,0.2638,0,Low,Random Forest
43223,905,370,2025-10-18 20:12:00,0,0.3251,1,Medium,Random Forest
43225,1101,318,2025-10-18 20:15:00,0,0.3966,1,Medium,Random Forest
43224,2298,363,2025-10-18 20:15:00,0,0.2511,0,Low,Random Forest
43226,2255,433,2025-10-18 20:23:00,0,0.1977,0,Low,Random Forest
43227,2854,241,2025-10-18 20:25:00,0,0.2557,0,Low,Random Forest
43228,73,6,2025-10-18 20:32:00,0,0.3051,1,Medium,Random Forest
43229,195,357,2025-10-18 20:34:00,0,0.2913,0,Low,Random Forest
43230,1089,77,2025-10-18 20:39:00,0,0.1901,0,Low,Random Forest
43231,624,260,2025-10-18 20:43:00,1,0.2269,0,Low,Random Forest
43233,1650,241,2025-10-18 20:43:00,0,0.2566,0,Low,Random Forest
43232,334,371,2025-10-18 20:43:00,0,0.2863,0,Low,Random Forest
43234,651,124,2025-10-18 20:44:00,0,0.2971,0,Low,Random Forest
43235,2692,275,2025-10-18 20:48:00,0,0.2021,0,Low,Random Forest
43236,1644,130,2025-10-18 20:55:00,0,0.1722,0,Low,Random Forest
43237,163,183,2025-10-18 21:02:00,0,0.1368,0,Low,Random Forest
43238,255,370,2025-10-18 21:06:00,0,0.1321,0,Low,Random Forest
43239,2380,259,2025-10-18 21:14:00,0,0.1702,0,Low,Random Forest
43240,113,363,2025-10-18 22:06:00,1,0.1345,0,Low,Random Forest
43241,113,363,2025-10-18 22:47:00,0,0.1709,0,Low,Random Forest
43242,1596,296,2025-10-18 23:19:00,0,0.1552,0,Low,Random Forest
43244,2596,294,2025-10-18 23:20:00,0,0.4661,1,Medium,Random Forest
43243,113,306,2025-10-18 23:20:00,1,0.1775,0,Low,Random Forest
43245,2819,370,2025-10-18 23:22:00,0,0.1396,0,Low,Random Forest
43246,1416,370,2025-10-18 23:42:00,0,0.1823,0,Low,Random Forest
43247,1109,258,2025-10-19 00:18:00,0,0.2426,0,Low,Random Forest
43248,190,180,2025-10-19 01:26:00,1,0.3567,1,Medium,Random Forest
43249,175,376,2025-10-19 01:47:00,0,0.1899,0,Low,Random Forest
43250,2397,296,2025-10-19 01:49:00,0,0.19,0,Low,Random Forest
43251,1930,316,2025-10-19 03:36:00,1,0.2175,0,Low,Random Forest
43252,2499,370,2025-10-19 05:11:00,0,0.1415,0,Low,Random Forest
43253,1089,437,2025-10-19 06:48:00,0,0.1317,0,Low,Random Forest
43254,1438,252,2025-10-19 07:02:00,0,0.1392,0,Low,Random Forest
43255,2263,155,2025-10-19 07:03:00,0,0.1432,0,Low,Random Forest
43256,1986,306,2025-10-19 07:09:00,0,0.1677,0,Low,Random Forest
43257,113,433,2025-10-19 07:14:00,1,0.1644,0,Low,Random Forest
43258,138,316,2025-10-19 07:17:00,0,0.1224,0,Low,Random Forest
43259,255,268,2025-10-19 07:21:00,0,0.1719,0,Low,Random Forest
43260,1650,318,2025-10-19 07:27:00,1,0.2883,0,Low,Random Forest
43261,1793,370,2025-10-19 07:40:00,0,0.146,0,Low,Random Forest
43262,2691,363,2025-10-19 07:46:00,0,0.1483,0,Low,Random Forest
43264,2791,318,2025-10-19 07:47:00,0,0.285,0,Low,Random Forest
43263,1150,359,2025-10-19 07:47:00,0,0.1836,0,Low,Random Forest
43265,1101,370,2025-10-19 08:01:00,1,0.2926,0,Low,Random Forest
43266,413,275,2025-10-19 08:02:00,0,0.2783,0,Low,Random Forest
43267,82,120,2025-10-19 08:03:00,0,0.2656,0,Low,Random Forest
43268,163,376,2025-10-19 08:08:00,0,0.2282,0,Low,Random Forest
43269,228,370,2025-10-19 08:10:00,0,0.2925,0,Low,Random Forest
43270,425,219,2025-10-19 08:10:00,1,0.3763,1,Medium,Random Forest
43272,1101,241,2025-10-19 08:11:00,0,0.2746,0,Low,Random Forest
43271,1753,442,2025-10-19 08:11:00,0,0.1986,0,Low,Random Forest
43273,868,318,2025-10-19 08:12:00,0,0.3094,1,Medium,Random Forest
43274,1455,437,2025-10-19 08:17:00,0,0.262,0,Low,Random Forest
43275,1875,279,2025-10-19 08:27:00,0,0.3509,1,Medium,Random Forest
43276,2170,241,2025-10-19 08:29:00,1,0.334,1,Medium,Random Forest
43277,820,275,2025-10-19 08:35:00,0,0.2251,0,Low,Random Forest
43278,1309,216,2025-10-19 08:36:00,0,0.3058,1,Medium,Random Forest
43279,2986,363,2025-10-19 08:43:00,0,0.2097,0,Low,Random Forest
43280,815,106,2025-10-19 08:44:00,0,0.2594,0,Low,Random Forest
43281,852,262,2025-10-19 08:58:00,0,0.2047,0,Low,Random Forest
43282,1101,89,2025-10-19 09:15:00,1,0.3238,1,Medium,Random Forest
43283,2886,339,2025-10-19 09:20:00,0,0.2872,0,Low,Random Forest
43284,2691,241,2025-10-19 09:30:00,0,0.2456,0,Low,Random Forest
43285,1101,370,2025-10-19 09:40:00,0,0.1773,0,Low,Random Forest
43286,864,106,2025-10-19 09:58:00,1,0.1891,0,Low,Random Forest
43287,1900,370,2025-10-19 10:14:00,0,0.1261,0,Low,Random Forest
43288,1150,231,2025-10-19 10:25:00,0,0.2063,0,Low,Random Forest
43289,1214,435,2025-10-19 10:31:00,1,0.1335,0,Low,Random Forest
43290,74,216,2025-10-19 10:32:00,0,0.1271,0,Low,Random Forest
43291,2872,242,2025-10-19 10:38:00,0,0.2059,0,Low,Random Forest
43292,2256,77,2025-10-19 10:44:00,0,0.1516,0,Low,Random Forest
43293,2928,241,2025-10-19 10:58:00,0,0.1443,0,Low,Random Forest
43294,1148,252,2025-10-19 11:02:00,0,0.158,0,Low,Random Forest
43295,2265,74,2025-10-19 11:07:00,0,0.1619,0,Low,Random Forest
43296,312,440,2025-10-19 11:29:00,1,0.2925,0,Low,Random Forest
43297,1225,370,2025-10-19 11:34:00,0,0.158,0,Low,Random Forest
43298,1101,280,2025-10-19 11:36:00,0,0.1264,0,Low,Random Forest
43299,2872,241,2025-10-19 11:43:00,1,0.1597,0,Low,Random Forest
43300,2348,370,2025-10-19 11:51:00,1,0.1492,0,Low,Random Forest
43301,1421,370,2025-10-19 11:59:00,1,0.1559,0,Low,Random Forest
43302,2433,60,2025-10-19 12:07:00,0,0.1524,0,Low,Random Forest
43303,2791,262,2025-10-19 12:23:00,0,0.1372,0,Low,Random Forest
43304,2346,370,2025-10-19 12:35:00,0,0.1305,0,Low,Random Forest
43305,2699,109,2025-10-19 12:38:00,1,0.1882,0,Low,Random Forest
43306,1812,376,2025-10-19 12:51:00,0,0.1348,0,Low,Random Forest
43307,1770,241,2025-10-19 12:54:00,0,0.1304,0,Low,Random Forest
43308,2750,152,2025-10-19 12:58:00,0,0.2437,0,Low,Random Forest
43309,113,363,2025-10-19 13:02:00,0,0.21,0,Low,Random Forest
43310,171,181,2025-10-19 13:08:00,0,0.1325,0,Low,Random Forest
43311,1292,370,2025-10-19 13:11:00,0,0.129,0,Low,Random Forest
43312,2187,38,2025-10-19 13:21:00,0,0.1533,0,Low,Random Forest
43313,2386,21,2025-10-19 13:29:00,0,0.1323,0,Low,Random Forest
43314,813,77,2025-10-19 13:32:00,0,0.1475,0,Low,Random Forest
43315,2637,323,2025-10-19 13:40:00,0,0.1495,0,Low,Random Forest
43316,1612,72,2025-10-19 13:53:00,0,0.2145,0,Low,Random Forest
43317,113,318,2025-10-19 14:01:00,0,0.318,1,Medium,Random Forest
43318,2664,241,2025-10-19 14:02:00,0,0.1963,0,Low,Random Forest
43319,2420,306,2025-10-19 14:04:00,0,0.1532,0,Low,Random Forest
43321,2725,241,2025-10-19 14:33:00,0,0.1385,0,Low,Random Forest
43320,798,370,2025-10-19 14:33:00,0,0.1474,0,Low,Random Forest
43322,490,328,2025-10-19 14:44:00,0,0.1543,0,Low,Random Forest
43323,2736,363,2025-10-19 14:56:00,0,0.1618,0,Low,Random Forest
43324,1899,181,2025-10-19 15:05:00,0,0.1555,0,Low,Random Forest
43325,797,61,2025-10-19 15:18:00,1,0.2139,0,Low,Random Forest
43326,2176,316,2025-10-19 15:21:00,0,0.1354,0,Low,Random Forest
43327,1545,77,2025-10-19 15:22:00,0,0.1591,0,Low,Random Forest
43328,1028,241,2025-10-19 15:38:00,0,0.1508,0,Low,Random Forest
43329,1552,316,2025-10-19 15:55:00,0,0.1441,0,Low,Random Forest
43330,2299,260,2025-10-19 16:26:00,0,0.1455,0,Low,Random Forest
43331,1413,238,2025-10-19 16:28:00,0,0.138,0,Low,Random Forest
43332,1674,370,2025-10-19 16:39:00,0,0.1205,0,Low,Random Forest
43333,805,370,2025-10-19 16:42:00,1,0.1467,0,Low,Random Forest
43334,314,107,2025-10-19 16:46:00,1,0.3431,1,Medium,Random Forest
43335,604,433,2025-10-19 17:01:00,0,0.1758,0,Low,Random Forest
43336,1812,334,2025-10-19 17:09:00,0,0.1625,0,Low,Random Forest
43337,746,363,2025-10-19 17:09:00,0,0.1351,0,Low,Random Forest
43338,1875,370,2025-10-19 17:13:00,0,0.1476,0,Low,Random Forest
43339,604,359,2025-10-19 17:15:00,0,0.1531,0,Low,Random Forest
43340,1742,90,2025-10-19 17:16:00,1,0.2143,0,Low,Random Forest
43341,2459,305,2025-10-19 17:24:00,0,0.1499,0,Low,Random Forest
43343,2834,418,2025-10-19 17:28:00,0,0.1692,0,Low,Random Forest
43342,821,95,2025-10-19 17:28:00,0,0.1808,0,Low,Random Forest
43345,113,289,2025-10-19 17:30:00,1,0.1696,0,Low,Random Forest
43344,163,77,2025-10-19 17:30:00,0,0.1475,0,Low,Random Forest
43347,1875,260,2025-10-19 17:31:00,0,0.1439,0,Low,Random Forest
43346,1812,370,2025-10-19 17:31:00,0,0.1418,0,Low,Random Forest
43348,1101,370,2025-10-19 17:40:00,0,0.1391,0,Low,Random Forest
43349,1141,285,2025-10-19 17:43:00,0,0.3878,1,Medium,Random Forest
43350,1101,371,2025-10-19 17:46:00,0,0.1467,0,Low,Random Forest
43351,1451,236,2025-10-19 17:57:00,0,0.1959,0,Low,Random Forest
43352,2928,64,2025-10-19 18:10:00,0,0.2232,0,Low,Random Forest
43353,2152,363,2025-10-19 18:18:00,0,0.2102,0,Low,Random Forest
43354,355,138,2025-10-19 18:23:00,0,0.3657,1,Medium,Random Forest
43355,2026,133,2025-10-19 18:34:00,1,0.5111,1,Medium,Random Forest
43356,2600,370,2025-10-19 18:38:00,1,0.2848,0,Low,Random Forest
43357,1989,158,2025-10-19 18:40:00,0,0.3047,1,Medium,Random Forest
43358,1422,351,2025-10-19 18:45:00,0,0.2768,0,Low,Random Forest
43359,2926,252,2025-10-19 18:54:00,0,0.2438,0,Low,Random Forest
43360,1690,94,2025-10-19 18:55:00,0,0.3053,1,Medium,Random Forest
43361,707,180,2025-10-19 18:56:00,1,0.3914,1,Medium,Random Forest
43362,171,318,2025-10-19 18:57:00,0,0.3676,1,Medium,Random Forest
43363,255,252,2025-10-19 19:07:00,0,0.2135,0,Low,Random Forest
43364,255,154,2025-10-19 19:20:00,0,0.2702,0,Low,Random Forest
43365,255,400,2025-10-19 19:25:00,0,0.2921,0,Low,Random Forest
43366,738,318,2025-10-19 19:27:00,0,0.4238,1,Medium,Random Forest
43368,2925,241,2025-10-19 19:31:00,0,0.159,0,Low,Random Forest
43367,2023,406,2025-10-19 19:31:00,0,0.2045,0,Low,Random Forest
43369,2066,159,2025-10-19 19:41:00,1,0.3058,1,Medium,Random Forest
43370,1455,370,2025-10-19 19:47:00,0,0.1757,0,Low,Random Forest
43371,802,376,2025-10-19 20:02:00,0,0.2646,0,Low,Random Forest
43372,2618,262,2025-10-19 20:17:00,0,0.2426,0,Low,Random Forest
43373,2092,181,2025-10-19 20:18:00,0,0.1746,0,Low,Random Forest
43374,113,130,2025-10-19 20:40:00,1,0.2733,0,Low,Random Forest
43375,1150,351,2025-10-19 20:48:00,1,0.1878,0,Low,Random Forest
43376,2699,318,2025-10-19 20:56:00,0,0.4183,1,Medium,Random Forest
43377,1864,299,2025-10-19 21:14:00,0,0.2114,0,Low,Random Forest
43378,2499,262,2025-10-19 21:16:00,0,0.1458,0,Low,Random Forest
43379,2824,70,2025-10-19 21:35:00,0,0.2326,0,Low,Random Forest
43380,1286,183,2025-10-19 21:41:00,0,0.1891,0,Low,Random Forest
43381,2170,275,2025-10-19 21:41:00,0,0.1492,0,Low,Random Forest
43382,782,376,2025-10-19 21:56:00,1,0.1436,0,Low,Random Forest
43383,514,231,2025-10-19 21:57:00,0,0.1904,0,Low,Random Forest
43384,1671,316,2025-10-19 21:58:00,0,0.1291,0,Low,Random Forest
43385,255,370,2025-10-19 22:05:00,0,0.1289,0,Low,Random Forest
43386,255,289,2025-10-19 22:08:00,0,0.1825,0,Low,Random Forest
43387,1326,433,2025-10-19 22:18:00,0,0.1494,0,Low,Random Forest
43388,13,55,2025-10-19 22:30:00,0,0.1779,0,Low,Random Forest
43389,2499,318,2025-10-19 22:32:00,0,0.2931,0,Low,Random Forest
43390,338,120,2025-10-19 22:39:00,0,0.2219,0,Low,Random Forest
43391,2970,370,2025-10-19 22:40:00,0,0.1554,0,Low,Random Forest
43392,522,370,2025-10-19 22:55:00,0,0.144,0,Low,Random Forest
43393,1101,241,2025-10-19 23:12:00,1,0.1818,0,Low,Random Forest
43394,2601,262,2025-10-19 23:59:00,0,0.1554,0,Low,Random Forest
43395,2961,262,2025-10-20 00:26:00,0,0.1754,0,Low,Random Forest
43396,1721,370,2025-10-20 00:55:00,0,0.1867,0,Low,Random Forest
43397,1101,241,2025-10-20 02:49:00,0,0.1864,0,Low,Random Forest
43398,1147,370,2025-10-20 02:52:00,0,0.1725,0,Low,Random Forest
43399,1871,324,2025-10-20 05:18:00,0,0.1569,0,Low,Random Forest
43400,312,241,2025-10-20 05:38:00,0,0.1294,0,Low,Random Forest
43401,766,86,2025-10-20 06:20:00,0,0.1877,0,Low,Random Forest
43402,2194,370,2025-10-20 06:26:00,0,0.1158,0,Low,Random Forest
43403,255,77,2025-10-20 06:49:00,0,0.1243,0,Low,Random Forest
43405,2089,433,2025-10-20 06:50:00,1,0.1424,0,Low,Random Forest
43404,113,370,2025-10-20 06:50:00,0,0.1152,0,Low,Random Forest
43406,255,241,2025-10-20 07:06:00,0,0.1275,0,Low,Random Forest
43407,171,412,2025-10-20 07:09:00,0,0.1477,0,Low,Random Forest
43408,2255,247,2025-10-20 07:10:00,0,0.126,0,Low,Random Forest
43409,1875,152,2025-10-20 07:11:00,0,0.138,0,Low,Random Forest
43410,1101,370,2025-10-20 07:13:00,1,0.1423,0,Low,Random Forest
43411,1649,436,2025-10-20 07:22:00,0,0.1496,0,Low,Random Forest
43412,618,318,2025-10-20 07:24:00,1,0.266,0,Low,Random Forest
43413,1148,323,2025-10-20 07:25:00,0,0.1245,0,Low,Random Forest
43414,2708,370,2025-10-20 07:28:00,0,0.1334,0,Low,Random Forest
43415,1105,339,2025-10-20 07:29:00,0,0.1607,0,Low,Random Forest
43416,312,236,2025-10-20 07:34:00,0,0.1325,0,Low,Random Forest
43417,2993,292,2025-10-20 07:36:00,0,0.1847,0,Low,Random Forest
43418,275,340,2025-10-20 07:39:00,1,0.1517,0,Low,Random Forest
43419,2918,435,2025-10-20 07:44:00,0,0.1393,0,Low,Random Forest
43420,163,88,2025-10-20 07:56:00,0,0.1354,0,Low,Random Forest
43421,101,433,2025-10-20 08:02:00,0,0.2169,0,Low,Random Forest
43422,2256,429,2025-10-20 08:04:00,1,0.1746,0,Low,Random Forest
43423,1586,370,2025-10-20 08:12:00,1,0.2245,0,Low,Random Forest
43424,334,231,2025-10-20 08:14:00,1,0.2257,0,Low,Random Forest
43425,1101,370,2025-10-20 08:15:00,0,0.2411,0,Low,Random Forest
43426,113,399,2025-10-20 08:26:00,0,0.1797,0,Low,Random Forest
43427,1573,180,2025-10-20 08:27:00,0,0.2889,0,Low,Random Forest
43428,975,337,2025-10-20 08:29:00,0,0.1798,0,Low,Random Forest
43429,652,441,2025-10-20 08:32:00,1,0.2508,0,Low,Random Forest
43430,205,132,2025-10-20 08:37:00,1,0.7458,1,High,Random Forest
43431,159,376,2025-10-20 08:54:00,0,0.1755,0,Low,Random Forest
43432,2089,238,2025-10-20 08:56:00,0,0.166,0,Low,Random Forest
43433,1389,275,2025-10-20 08:58:00,0,0.232,0,Low,Random Forest
43434,2255,370,2025-10-20 09:00:00,1,0.2233,0,Low,Random Forest
43435,1105,154,2025-10-20 09:01:00,0,0.2384,0,Low,Random Forest
43436,2180,406,2025-10-20 09:02:00,0,0.1918,0,Low,Random Forest
43437,2922,226,2025-10-20 09:07:00,0,0.1744,0,Low,Random Forest
43438,67,335,2025-10-20 09:13:00,0,0.3181,1,Medium,Random Forest
43439,821,216,2025-10-20 09:17:00,1,0.1756,0,Low,Random Forest
43440,1101,180,2025-10-20 09:24:00,1,0.4005,1,Medium,Random Forest
43441,1916,203,2025-10-20 10:09:00,0,0.1411,0,Low,Random Forest
43442,1150,181,2025-10-20 10:10:00,0,0.1294,0,Low,Random Forest
43443,1011,116,2025-10-20 10:20:00,0,0.1364,0,Low,Random Forest
43444,745,328,2025-10-20 10:24:00,0,0.1137,0,Low,Random Forest
43445,255,260,2025-10-20 10:32:00,0,0.1339,0,Low,Random Forest
43446,270,433,2025-10-20 10:36:00,0,0.1683,0,Low,Random Forest
43447,1455,74,2025-10-20 10:47:00,0,0.1493,0,Low,Random Forest
43448,1127,180,2025-10-20 10:56:00,0,0.2957,0,Low,Random Forest
43449,1409,401,2025-10-20 11:00:00,0,0.1407,0,Low,Random Forest
43450,518,370,2025-10-20 11:28:00,0,0.1136,0,Low,Random Forest
43451,1140,289,2025-10-20 11:48:00,0,0.1339,0,Low,Random Forest
43452,194,412,2025-10-20 11:52:00,0,0.1486,0,Low,Random Forest
43453,1636,45,2025-10-20 12:14:00,0,0.1359,0,Low,Random Forest
43454,334,435,2025-10-20 12:16:00,0,0.1404,0,Low,Random Forest
43455,2783,154,2025-10-20 12:19:00,1,0.1189,0,Low,Random Forest
43457,2024,260,2025-10-20 12:42:00,0,0.1779,0,Low,Random Forest
43456,628,258,2025-10-20 12:42:00,0,0.1369,0,Low,Random Forest
43458,1608,288,2025-10-20 12:44:00,0,0.1359,0,Low,Random Forest
43459,255,34,2025-10-20 13:08:00,0,0.1408,0,Low,Random Forest
43460,113,46,2025-10-20 13:51:00,0,0.2695,0,Low,Random Forest
43461,452,370,2025-10-20 14:01:00,1,0.1219,0,Low,Random Forest
43462,1088,395,2025-10-20 14:04:00,0,0.1578,0,Low,Random Forest
43463,895,181,2025-10-20 14:07:00,0,0.1438,0,Low,Random Forest
43464,1105,106,2025-10-20 14:09:00,0,0.1201,0,Low,Random Forest
43465,644,323,2025-10-20 14:20:00,0,0.1187,0,Low,Random Forest
43466,1101,241,2025-10-20 14:42:00,0,0.1288,0,Low,Random Forest
43467,1101,406,2025-10-20 15:12:00,0,0.1283,0,Low,Random Forest
43468,160,64,2025-10-20 15:27:00,0,0.1261,0,Low,Random Forest
43469,255,337,2025-10-20 15:30:00,0,0.1441,0,Low,Random Forest
43470,1917,370,2025-10-20 15:32:00,0,0.1131,0,Low,Random Forest
43471,2570,328,2025-10-20 15:39:00,1,0.1129,0,Low,Random Forest
43472,1866,316,2025-10-20 15:47:00,0,0.1407,0,Low,Random Forest
43473,2788,262,2025-10-20 15:55:00,0,0.1251,0,Low,Random Forest
43474,113,323,2025-10-20 16:00:00,0,0.1091,0,Low,Random Forest
43475,2255,370,2025-10-20 16:09:00,0,0.119,0,Low,Random Forest
43476,175,401,2025-10-20 16:11:00,0,0.1191,0,Low,Random Forest
43477,1577,181,2025-10-20 16:19:00,1,0.1525,0,Low,Random Forest
43478,1612,241,2025-10-20 16:26:00,0,0.1403,0,Low,Random Forest
43479,1610,370,2025-10-20 16:37:00,0,0.1103,0,Low,Random Forest
43480,2499,125,2025-10-20 16:45:00,0,0.1357,0,Low,Random Forest
43481,1101,387,2025-10-20 16:47:00,0,0.1293,0,Low,Random Forest
43482,1171,307,2025-10-20 16:47:00,0,0.1677,0,Low,Random Forest
43483,2455,433,2025-10-20 17:23:00,0,0.1837,0,Low,Random Forest
43484,755,370,2025-10-20 17:32:00,0,0.1397,0,Low,Random Forest
43486,254,86,2025-10-20 17:35:00,1,0.1336,0,Low,Random Forest
43485,2187,106,2025-10-20 17:35:00,0,0.111,0,Low,Random Forest
43488,824,323,2025-10-20 17:36:00,0,0.1181,0,Low,Random Forest
43487,113,201,2025-10-20 17:36:00,0,0.1241,0,Low,Random Forest
43489,1101,370,2025-10-20 17:41:00,0,0.1187,0,Low,Random Forest
43490,978,381,2025-10-20 17:58:00,0,0.3161,1,Medium,Random Forest
43491,2251,387,2025-10-20 17:59:00,0,0.1201,0,Low,Random Forest
43492,1422,223,2025-10-20 18:00:00,0,0.1754,0,Low,Random Forest
43493,1101,370,2025-10-20 18:19:00,0,0.1643,0,Low,Random Forest
43494,1690,404,2025-10-20 18:20:00,0,0.1702,0,Low,Random Forest
43496,2317,433,2025-10-20 18:22:00,0,0.2118,0,Low,Random Forest
43495,766,370,2025-10-20 18:22:00,0,0.2425,0,Low,Random Forest
43497,1905,50,2025-10-20 18:23:00,0,0.2486,0,Low,Random Forest
43498,1880,208,2025-10-20 18:23:00,0,0.2502,0,Low,Random Forest
43499,1653,435,2025-10-20 18:30:00,0,0.2048,0,Low,Random Forest
43500,651,370,2025-10-20 18:32:00,0,0.149,0,Low,Random Forest
43501,1012,390,2025-10-20 18:49:00,0,0.2881,0,Low,Random Forest
43502,2453,376,2025-10-20 18:49:00,1,0.167,0,Low,Random Forest
43503,823,59,2025-10-20 18:51:00,0,0.2308,0,Low,Random Forest
43504,1089,252,2025-10-20 18:57:00,0,0.1723,0,Low,Random Forest
43505,2457,268,2025-10-20 19:00:00,0,0.2802,0,Low,Random Forest
43506,1101,376,2025-10-20 19:05:00,0,0.1628,0,Low,Random Forest
43507,2400,359,2025-10-20 19:09:00,1,0.2552,0,Low,Random Forest
43508,864,318,2025-10-20 19:15:00,1,0.3785,1,Medium,Random Forest
43509,124,135,2025-10-20 19:47:00,1,0.268,0,Low,Random Forest
43510,123,81,2025-10-20 19:54:00,0,0.3379,1,Medium,Random Forest
43511,1440,201,2025-10-20 19:56:00,1,0.2561,0,Low,Random Forest
43512,1234,124,2025-10-20 20:01:00,0,0.177,0,Low,Random Forest
43513,1812,440,2025-10-20 20:03:00,1,0.4311,1,Medium,Random Forest
43514,864,158,2025-10-20 20:12:00,0,0.2073,0,Low,Random Forest
43515,2019,318,2025-10-20 20:23:00,0,0.3636,1,Medium,Random Forest
43516,1812,252,2025-10-20 20:41:00,1,0.1715,0,Low,Random Forest
43517,1081,406,2025-10-20 20:57:00,0,0.2589,0,Low,Random Forest
43518,876,370,2025-10-20 21:09:00,0,0.1173,0,Low,Random Forest
43519,429,370,2025-10-20 21:28:00,0,0.1112,0,Low,Random Forest
43520,1864,181,2025-10-20 21:46:00,0,0.1367,0,Low,Random Forest
43521,258,387,2025-10-20 21:55:00,0,0.148,0,Low,Random Forest
43522,1809,18,2025-10-20 21:59:00,0,0.1472,0,Low,Random Forest
43523,219,252,2025-10-20 22:06:00,0,0.1457,0,Low,Random Forest
43524,255,64,2025-10-20 23:25:00,1,0.1495,0,Low,Random Forest
43525,1870,344,2025-10-20 23:26:00,0,0.1842,0,Low,Random Forest
43526,2817,159,2025-10-20 23:48:00,0,0.1776,0,Low,Random Forest
43527,2005,124,2025-10-20 23:53:00,0,0.1841,0,Low,Random Forest
43528,49,226,2025-10-21 00:27:00,1,0.2269,0,Low,Random Forest
43529,1101,370,2025-10-21 02:13:00,0,0.1808,0,Low,Random Forest
43530,1101,244,2025-10-21 04:21:00,0,0.1948,0,Low,Random Forest
43531,1812,262,2025-10-21 04:26:00,1,0.7908,1,High,Random Forest
43532,1422,376,2025-10-21 06:00:00,0,0.1229,0,Low,Random Forest
43533,2788,363,2025-10-21 06:04:00,0,0.1472,0,Low,Random Forest
43534,2326,241,2025-10-21 06:22:00,0,0.1293,0,Low,Random Forest
43535,1147,382,2025-10-21 06:50:00,0,0.1318,0,Low,Random Forest
43536,1583,74,2025-10-21 06:51:00,0,0.1317,0,Low,Random Forest
43537,2180,77,2025-10-21 07:08:00,0,0.1163,0,Low,Random Forest
43538,2624,46,2025-10-21 07:23:00,0,0.2632,0,Low,Random Forest
43539,2570,77,2025-10-21 07:31:00,0,0.1361,0,Low,Random Forest
43540,312,316,2025-10-21 07:36:00,0,0.1495,0,Low,Random Forest
43541,2298,74,2025-10-21 07:40:00,1,0.1467,0,Low,Random Forest
43542,1150,158,2025-10-21 07:48:00,1,0.1401,0,Low,Random Forest
43543,2104,350,2025-10-21 07:58:00,0,0.1349,0,Low,Random Forest
43544,1101,252,2025-10-21 08:01:00,0,0.2206,0,Low,Random Forest
43545,1233,294,2025-10-21 08:28:00,0,0.4534,1,Medium,Random Forest
43546,513,376,2025-10-21 08:35:00,0,0.155,0,Low,Random Forest
43547,2320,275,2025-10-21 08:36:00,0,0.2039,0,Low,Random Forest
43548,255,241,2025-10-21 08:38:00,0,0.252,0,Low,Random Forest
43549,1837,363,2025-10-21 08:44:00,0,0.1798,0,Low,Random Forest
43550,2927,370,2025-10-21 08:50:00,0,0.1586,0,Low,Random Forest
43551,140,376,2025-10-21 08:52:00,1,0.1556,0,Low,Random Forest
43552,2366,252,2025-10-21 08:55:00,1,0.2314,0,Low,Random Forest
43553,2769,120,2025-10-21 09:00:00,0,0.2278,0,Low,Random Forest
43554,1583,316,2025-10-21 09:03:00,0,0.1817,0,Low,Random Forest
43555,113,151,2025-10-21 09:15:00,0,0.2081,0,Low,Random Forest
43556,2445,106,2025-10-21 09:30:00,0,0.2672,0,Low,Random Forest
43557,255,370,2025-10-21 09:36:00,0,0.1515,0,Low,Random Forest
43558,123,77,2025-10-21 09:36:00,0,0.2316,0,Low,Random Forest
43559,2272,252,2025-10-21 09:42:00,0,0.209,0,Low,Random Forest
43560,163,262,2025-10-21 09:54:00,0,0.1911,0,Low,Random Forest
43561,2145,262,2025-10-21 09:57:00,0,0.1953,0,Low,Random Forest
43562,2005,88,2025-10-21 10:14:00,0,0.1466,0,Low,Random Forest
43563,2596,45,2025-10-21 10:52:00,0,0.1553,0,Low,Random Forest
43564,1140,376,2025-10-21 11:04:00,1,0.1133,0,Low,Random Forest
43565,604,414,2025-10-21 11:34:00,0,0.1235,0,Low,Random Forest
43566,312,273,2025-10-21 11:35:00,0,0.1403,0,Low,Random Forest
43567,1089,429,2025-10-21 11:40:00,0,0.1371,0,Low,Random Forest
43568,2314,370,2025-10-21 11:43:00,0,0.1176,0,Low,Random Forest
43569,1378,370,2025-10-21 11:46:00,1,0.134,0,Low,Random Forest
43570,2469,318,2025-10-21 11:58:00,0,0.2953,0,Low,Random Forest
43571,1777,362,2025-10-21 12:13:00,0,0.1241,0,Low,Random Forest
43573,1039,370,2025-10-21 12:28:00,0,0.1771,0,Low,Random Forest
43572,2511,323,2025-10-21 12:28:00,0,0.1128,0,Low,Random Forest
43574,2092,370,2025-10-21 12:33:00,0,0.2013,0,Low,Random Forest
43575,1427,433,2025-10-21 12:34:00,0,0.1378,0,Low,Random Forest
43576,2570,262,2025-10-21 12:49:00,0,0.1206,0,Low,Random Forest
43577,244,292,2025-10-21 12:53:00,0,0.1375,0,Low,Random Forest
43578,255,429,2025-10-21 12:57:00,0,0.113,0,Low,Random Forest
43579,255,414,2025-10-21 12:59:00,0,0.1369,0,Low,Random Forest
43580,2394,241,2025-10-21 13:00:00,0,0.1184,0,Low,Random Forest
43581,781,241,2025-10-21 13:07:00,0,0.1341,0,Low,Random Forest
43582,2005,370,2025-10-21 13:09:00,1,0.1039,0,Low,Random Forest
43583,255,132,2025-10-21 13:13:00,0,0.1144,0,Low,Random Forest
43584,1742,162,2025-10-21 13:21:00,0,0.1481,0,Low,Random Forest
43585,1193,103,2025-10-21 13:47:00,0,0.1638,0,Low,Random Forest
43586,1493,376,2025-10-21 13:48:00,0,0.128,0,Low,Random Forest
43587,1285,335,2025-10-21 13:54:00,0,0.3022,1,Medium,Random Forest
43588,1249,236,2025-10-21 13:54:00,0,0.1226,0,Low,Random Forest
43589,1414,120,2025-10-21 13:55:00,0,0.193,0,Low,Random Forest
43590,123,363,2025-10-21 13:57:00,1,0.1308,0,Low,Random Forest
43591,255,383,2025-10-21 14:09:00,0,0.1206,0,Low,Random Forest
43592,2320,241,2025-10-21 14:20:00,0,0.1155,0,Low,Random Forest
43593,604,363,2025-10-21 14:25:00,0,0.1283,0,Low,Random Forest
43594,2255,335,2025-10-21 14:35:00,0,0.2713,0,Low,Random Forest
43595,1681,370,2025-10-21 14:36:00,0,0.11,0,Low,Random Forest
43596,2577,74,2025-10-21 14:55:00,0,0.1845,0,Low,Random Forest
43597,1101,280,2025-10-21 15:13:00,0,0.1154,0,Low,Random Forest
43598,2788,231,2025-10-21 15:15:00,0,0.1703,0,Low,Random Forest
43599,749,82,2025-10-21 15:18:00,0,0.1408,0,Low,Random Forest
43600,547,55,2025-10-21 15:23:00,0,0.1239,0,Low,Random Forest
43601,255,181,2025-10-21 15:35:00,0,0.1396,0,Low,Random Forest
43602,1039,311,2025-10-21 15:55:00,0,0.1336,0,Low,Random Forest
43603,189,349,2025-10-21 16:06:00,0,0.1444,0,Low,Random Forest
43604,1356,275,2025-10-21 16:06:00,0,0.1126,0,Low,Random Forest
43605,2141,236,2025-10-21 16:10:00,0,0.1517,0,Low,Random Forest
43606,2825,275,2025-10-21 16:13:00,0,0.1163,0,Low,Random Forest
43607,2443,117,2025-10-21 16:16:00,0,0.1464,0,Low,Random Forest
43608,353,418,2025-10-21 16:32:00,0,0.1326,0,Low,Random Forest
43609,2420,138,2025-10-21 16:38:00,0,0.1553,0,Low,Random Forest
43610,1101,77,2025-10-21 16:44:00,0,0.1243,0,Low,Random Forest
43611,2834,72,2025-10-21 16:47:00,0,0.1554,0,Low,Random Forest
43612,1444,376,2025-10-21 16:50:00,0,0.1186,0,Low,Random Forest
43613,420,25,2025-10-21 16:51:00,0,0.193,0,Low,Random Forest
43614,2317,387,2025-10-21 17:02:00,0,0.1229,0,Low,Random Forest
43615,2621,63,2025-10-21 17:06:00,0,0.1361,0,Low,Random Forest
43616,2499,370,2025-10-21 17:13:00,1,0.1167,0,Low,Random Forest
43617,2448,412,2025-10-21 17:30:00,1,0.7744,1,High,Random Forest
43618,2134,363,2025-10-21 17:31:00,0,0.1192,0,Low,Random Forest
43619,312,370,2025-10-21 17:39:00,0,0.1265,0,Low,Random Forest
43620,2568,283,2025-10-21 17:40:00,0,0.1306,0,Low,Random Forest
43621,251,63,2025-10-21 17:41:00,0,0.1334,0,Low,Random Forest
43622,1878,328,2025-10-21 17:41:00,0,0.1178,0,Low,Random Forest
43623,1101,370,2025-10-21 17:59:00,0,0.1142,0,Low,Random Forest
43624,1596,77,2025-10-21 18:00:00,1,0.1923,0,Low,Random Forest
43625,1899,45,2025-10-21 18:03:00,0,0.2503,0,Low,Random Forest
43626,1043,45,2025-10-21 18:05:00,1,0.1772,0,Low,Random Forest
43627,2362,131,2025-10-21 18:07:00,0,0.1853,0,Low,Random Forest
43628,258,252,2025-10-21 18:12:00,0,0.2557,0,Low,Random Forest
43629,1421,370,2025-10-21 18:13:00,0,0.2403,0,Low,Random Forest
43630,1657,4,2025-10-21 18:42:00,1,0.3745,1,Medium,Random Forest
43631,864,74,2025-10-21 18:44:00,0,0.2621,0,Low,Random Forest
43633,2961,275,2025-10-21 18:52:00,0,0.1565,0,Low,Random Forest
43632,1577,296,2025-10-21 18:52:00,0,0.1617,0,Low,Random Forest
43634,205,376,2025-10-21 18:58:00,0,0.2373,0,Low,Random Forest
43636,123,370,2025-10-21 19:00:00,0,0.2105,0,Low,Random Forest
43635,2294,252,2025-10-21 19:00:00,0,0.1757,0,Low,Random Forest
43637,2092,275,2025-10-21 19:01:00,1,0.1784,0,Low,Random Forest
43638,1258,252,2025-10-21 19:08:00,0,0.2422,0,Low,Random Forest
43639,312,316,2025-10-21 19:10:00,1,0.2649,0,Low,Random Forest
43640,429,402,2025-10-21 19:18:00,0,0.1778,0,Low,Random Forest
43641,1357,337,2025-10-21 19:19:00,0,0.2066,0,Low,Random Forest
43642,374,323,2025-10-21 19:21:00,1,0.1703,0,Low,Random Forest
43643,281,370,2025-10-21 19:25:00,0,0.2605,0,Low,Random Forest
43644,2380,370,2025-10-21 19:29:00,0,0.2351,0,Low,Random Forest
43645,2997,344,2025-10-21 19:36:00,1,0.2581,0,Low,Random Forest
43646,895,275,2025-10-21 19:42:00,0,0.2738,0,Low,Random Forest
43647,2881,435,2025-10-21 19:48:00,0,0.1937,0,Low,Random Forest
43648,2568,181,2025-10-21 19:57:00,0,0.1716,0,Low,Random Forest
43649,1101,106,2025-10-21 20:26:00,0,0.1724,0,Low,Random Forest
43650,1981,82,2025-10-21 20:28:00,0,0.2261,0,Low,Random Forest
43651,503,45,2025-10-21 20:34:00,0,0.2241,0,Low,Random Forest
43652,113,323,2025-10-21 20:54:00,1,0.206,0,Low,Random Forest
43653,2919,323,2025-10-21 20:56:00,0,0.1634,0,Low,Random Forest
43654,225,181,2025-10-21 20:57:00,0,0.1719,0,Low,Random Forest
43655,334,219,2025-10-21 21:01:00,0,0.2543,0,Low,Random Forest
43656,2824,77,2025-10-21 21:02:00,1,0.1446,0,Low,Random Forest
43657,2062,296,2025-10-21 21:19:00,1,0.1637,0,Low,Random Forest
43658,1875,129,2025-10-21 21:25:00,1,0.1566,0,Low,Random Forest
43659,2691,370,2025-10-21 21:27:00,0,0.1182,0,Low,Random Forest
43660,1011,338,2025-10-21 21:49:00,0,0.1465,0,Low,Random Forest
43661,1875,363,2025-10-21 21:50:00,0,0.1395,0,Low,Random Forest
43662,2255,402,2025-10-21 22:07:00,0,0.1352,0,Low,Random Forest
43663,171,45,2025-10-21 22:20:00,0,0.1446,0,Low,Random Forest
43664,27,307,2025-10-21 22:29:00,1,0.2229,0,Low,Random Forest
43665,1478,275,2025-10-21 22:38:00,0,0.1564,0,Low,Random Forest
43666,737,318,2025-10-21 23:20:00,0,0.3415,1,Medium,Random Forest
43667,1101,252,2025-10-21 23:34:00,0,0.1695,0,Low,Random Forest
43668,1478,296,2025-10-22 00:31:00,1,0.1939,0,Low,Random Forest
43669,1027,252,2025-10-22 01:26:00,0,0.1714,0,Low,Random Forest
43670,2226,241,2025-10-22 01:51:00,0,0.1826,0,Low,Random Forest
43671,1105,64,2025-10-22 03:19:00,1,0.7778,1,High,Random Forest
43672,322,77,2025-10-22 05:35:00,0,0.1315,0,Low,Random Forest
43673,1101,231,2025-10-22 05:47:00,0,0.1833,0,Low,Random Forest
43674,1463,48,2025-10-22 06:12:00,0,0.1216,0,Low,Random Forest
43675,2172,370,2025-10-22 06:17:00,0,0.1397,0,Low,Random Forest
43676,148,363,2025-10-22 06:19:00,0,0.1317,0,Low,Random Forest
43677,895,220,2025-10-22 06:24:00,0,0.2128,0,Low,Random Forest
43678,1192,181,2025-10-22 06:48:00,0,0.1729,0,Low,Random Forest
43679,482,241,2025-10-22 06:56:00,0,0.1225,0,Low,Random Forest
43680,1331,370,2025-10-22 07:10:00,0,0.1215,0,Low,Random Forest
43681,255,241,2025-10-22 07:10:00,0,0.1545,0,Low,Random Forest
43682,2589,90,2025-10-22 07:14:00,1,0.7605,1,High,Random Forest
43683,482,363,2025-10-22 07:15:00,0,0.1187,0,Low,Random Forest
43684,1989,176,2025-10-22 07:26:00,0,0.1496,0,Low,Random Forest
43685,650,370,2025-10-22 07:27:00,0,0.1131,0,Low,Random Forest
43686,2938,370,2025-10-22 07:31:00,0,0.1239,0,Low,Random Forest
43687,2102,296,2025-10-22 07:46:00,0,0.1489,0,Low,Random Forest
43688,255,370,2025-10-22 07:47:00,0,0.1152,0,Low,Random Forest
43689,2862,315,2025-10-22 07:52:00,0,0.1233,0,Low,Random Forest
43690,1878,370,2025-10-22 07:54:00,0,0.1378,0,Low,Random Forest
43691,255,318,2025-10-22 08:07:00,0,0.2987,0,Low,Random Forest
43692,2501,252,2025-10-22 08:12:00,0,0.1852,0,Low,Random Forest
43693,797,181,2025-10-22 08:15:00,0,0.2294,0,Low,Random Forest
43694,2699,306,2025-10-22 08:16:00,0,0.233,0,Low,Random Forest
43695,2464,79,2025-10-22 08:24:00,0,0.1699,0,Low,Random Forest
43696,1812,144,2025-10-22 08:28:00,0,0.2657,0,Low,Random Forest
43697,1780,241,2025-10-22 08:29:00,0,0.2411,0,Low,Random Forest
43698,2216,376,2025-10-22 08:31:00,0,0.21,0,Low,Random Forest
43699,255,370,2025-10-22 08:34:00,1,0.1929,0,Low,Random Forest
43700,107,363,2025-10-22 08:35:00,1,0.2353,0,Low,Random Forest
43701,2105,231,2025-10-22 08:40:00,1,0.3319,1,Medium,Random Forest
43702,651,318,2025-10-22 08:42:00,1,0.3245,1,Medium,Random Forest
43703,1268,125,2025-10-22 08:46:00,0,0.2247,0,Low,Random Forest
43704,724,440,2025-10-22 08:47:00,1,0.362,1,Medium,Random Forest
43705,61,433,2025-10-22 08:49:00,0,0.2587,0,Low,Random Forest
43706,2699,241,2025-10-22 08:55:00,0,0.1761,0,Low,Random Forest
43707,421,252,2025-10-22 09:17:00,0,0.1561,0,Low,Random Forest
43708,847,258,2025-10-22 09:19:00,0,0.2384,0,Low,Random Forest
43709,2384,241,2025-10-22 09:20:00,1,0.789,1,High,Random Forest
43710,1462,363,2025-10-22 09:26:00,0,0.2115,0,Low,Random Forest
43711,293,158,2025-10-22 09:38:00,0,0.2222,0,Low,Random Forest
43712,113,55,2025-10-22 09:40:00,0,0.1692,0,Low,Random Forest
43713,992,158,2025-10-22 09:42:00,0,0.2066,0,Low,Random Forest
43714,1356,433,2025-10-22 09:54:00,0,0.2162,0,Low,Random Forest
43715,419,363,2025-10-22 09:59:00,1,0.8019,1,High,Random Forest
43717,1101,370,2025-10-22 10:05:00,0,0.1465,0,Low,Random Forest
43716,1018,387,2025-10-22 10:05:00,0,0.1427,0,Low,Random Forest
43718,2507,408,2025-10-22 10:19:00,0,0.1756,0,Low,Random Forest
43720,2988,339,2025-10-22 11:08:00,0,0.1642,0,Low,Random Forest
43719,1841,275,2025-10-22 11:08:00,1,0.1145,0,Low,Random Forest
43721,716,86,2025-10-22 11:24:00,0,0.1258,0,Low,Random Forest
43722,648,241,2025-10-22 11:35:00,0,0.1218,0,Low,Random Forest
43723,476,243,2025-10-22 11:43:00,0,0.1423,0,Low,Random Forest
43724,2884,337,2025-10-22 11:52:00,0,0.1591,0,Low,Random Forest
43725,2073,82,2025-10-22 12:00:00,1,0.136,0,Low,Random Forest
43726,2678,414,2025-10-22 12:15:00,0,0.1216,0,Low,Random Forest
43727,1039,376,2025-10-22 12:26:00,0,0.1188,0,Low,Random Forest
43728,888,182,2025-10-22 12:28:00,0,0.1226,0,Low,Random Forest
43729,1391,116,2025-10-22 12:33:00,0,0.1419,0,Low,Random Forest
43730,113,267,2025-10-22 12:42:00,0,0.137,0,Low,Random Forest
43731,255,305,2025-10-22 12:47:00,0,0.1205,0,Low,Random Forest
43732,1089,370,2025-10-22 12:58:00,0,0.1091,0,Low,Random Forest
43734,257,252,2025-10-22 13:11:00,0,0.134,0,Low,Random Forest
43733,821,241,2025-10-22 13:11:00,0,0.1193,0,Low,Random Forest
43735,1373,26,2025-10-22 13:36:00,0,0.1264,0,Low,Random Forest
43736,1877,371,2025-10-22 13:40:00,0,0.1315,0,Low,Random Forest
43737,1577,363,2025-10-22 13:53:00,0,0.1357,0,Low,Random Forest
43738,255,51,2025-10-22 14:04:00,0,0.1557,0,Low,Random Forest
43739,312,376,2025-10-22 14:05:00,0,0.1129,0,Low,Random Forest
43740,2102,402,2025-10-22 14:42:00,0,0.1342,0,Low,Random Forest
43741,1292,370,2025-10-22 14:44:00,0,0.1396,0,Low,Random Forest
43742,1864,376,2025-10-22 15:05:00,0,0.1144,0,Low,Random Forest
43743,464,3,2025-10-22 15:10:00,0,0.1176,0,Low,Random Forest
43744,1455,376,2025-10-22 15:14:00,0,0.1145,0,Low,Random Forest
43745,255,181,2025-10-22 15:15:00,0,0.1512,0,Low,Random Forest
43746,1888,231,2025-10-22 15:19:00,0,0.19,0,Low,Random Forest
43747,1487,363,2025-10-22 15:27:00,0,0.1419,0,Low,Random Forest
43748,233,77,2025-10-22 15:41:00,1,0.1693,0,Low,Random Forest
43749,2523,354,2025-10-22 15:43:00,0,0.1567,0,Low,Random Forest
43750,1823,387,2025-10-22 15:44:00,0,0.1232,0,Low,Random Forest
43751,1101,406,2025-10-22 15:48:00,0,0.1273,0,Low,Random Forest
43752,1101,335,2025-10-22 15:56:00,1,0.2749,0,Low,Random Forest
43753,618,435,2025-10-22 16:05:00,1,0.1244,0,Low,Random Forest
43754,6,18,2025-10-22 16:17:00,0,0.1287,0,Low,Random Forest
43755,1089,376,2025-10-22 16:18:00,1,0.112,0,Low,Random Forest
43756,206,262,2025-10-22 16:19:00,1,0.1298,0,Low,Random Forest
43757,1884,124,2025-10-22 16:21:00,0,0.123,0,Low,Random Forest
43758,1896,370,2025-10-22 16:46:00,0,0.113,0,Low,Random Forest
43759,434,252,2025-10-22 17:08:00,0,0.1292,0,Low,Random Forest
43760,2255,376,2025-10-22 17:12:00,0,0.1487,0,Low,Random Forest
43761,1875,63,2025-10-22 17:18:00,0,0.1566,0,Low,Random Forest
43762,81,236,2025-10-22 17:25:00,0,0.124,0,Low,Random Forest
43763,90,77,2025-10-22 17:30:00,0,0.1183,0,Low,Random Forest
43764,2129,370,2025-10-22 17:36:00,0,0.1273,0,Low,Random Forest
43765,1780,351,2025-10-22 17:37:00,0,0.1426,0,Low,Random Forest
43766,1105,55,2025-10-22 17:41:00,0,0.1243,0,Low,Random Forest
43767,1501,363,2025-10-22 17:42:00,0,0.1303,0,Low,Random Forest
43768,1101,362,2025-10-22 17:43:00,0,0.1209,0,Low,Random Forest
43769,51,376,2025-10-22 17:59:00,0,0.122,0,Low,Random Forest
43770,1351,296,2025-10-22 18:06:00,0,0.2118,0,Low,Random Forest
43771,2294,275,2025-10-22 18:10:00,1,0.2297,0,Low,Random Forest
43772,2761,201,2025-10-22 18:21:00,0,0.2278,0,Low,Random Forest
43773,195,281,2025-10-22 18:26:00,0,0.2287,0,Low,Random Forest
43774,255,376,2025-10-22 18:33:00,0,0.1633,0,Low,Random Forest
43775,225,241,2025-10-22 18:35:00,0,0.2015,0,Low,Random Forest
43776,1876,51,2025-10-22 18:38:00,1,0.2081,0,Low,Random Forest
43777,1866,180,2025-10-22 18:43:00,0,0.3306,1,Medium,Random Forest
43778,2977,252,2025-10-22 18:44:00,0,0.2145,0,Low,Random Forest
43779,1878,414,2025-10-22 18:45:00,0,0.1896,0,Low,Random Forest
43780,1101,370,2025-10-22 19:08:00,0,0.1973,0,Low,Random Forest
43781,434,241,2025-10-22 19:34:00,1,0.2415,0,Low,Random Forest
43782,2397,181,2025-10-22 19:37:00,0,0.1825,0,Low,Random Forest
43783,334,306,2025-10-22 19:41:00,0,0.2239,0,Low,Random Forest
43784,2272,88,2025-10-22 19:42:00,0,0.2208,0,Low,Random Forest
43785,800,370,2025-10-22 19:42:00,0,0.2056,0,Low,Random Forest
43786,1225,241,2025-10-22 19:54:00,0,0.2363,0,Low,Random Forest
43787,280,434,2025-10-22 19:55:00,0,0.1597,0,Low,Random Forest
43788,766,335,2025-10-22 19:57:00,0,0.3247,1,Medium,Random Forest
43789,2867,381,2025-10-22 20:12:00,0,0.3835,1,Medium,Random Forest
43790,567,406,2025-10-22 20:15:00,0,0.1658,0,Low,Random Forest
43791,2740,31,2025-10-22 20:17:00,1,0.1716,0,Low,Random Forest
43792,343,389,2025-10-22 20:32:00,0,0.1751,0,Low,Random Forest
43793,1636,38,2025-10-22 20:38:00,0,0.2782,0,Low,Random Forest
43794,2596,73,2025-10-22 20:39:00,0,0.2495,0,Low,Random Forest
43795,1930,429,2025-10-22 20:46:00,0,0.229,0,Low,Random Forest
43796,1875,252,2025-10-22 20:47:00,0,0.1986,0,Low,Random Forest
43797,32,274,2025-10-22 20:55:00,0,0.3739,1,Medium,Random Forest
43798,2110,433,2025-10-22 20:58:00,0,0.2294,0,Low,Random Forest
43799,2480,77,2025-10-22 21:16:00,0,0.1217,0,Low,Random Forest
43800,821,216,2025-10-22 21:23:00,0,0.1274,0,Low,Random Forest
43801,2678,324,2025-10-22 21:36:00,0,0.223,0,Low,Random Forest
43802,1977,322,2025-10-22 21:50:00,0,0.1521,0,Low,Random Forest
43803,1101,111,2025-10-22 21:59:00,0,0.128,0,Low,Random Forest
43804,1840,241,2025-10-22 22:02:00,0,0.1261,0,Low,Random Forest
43805,43,162,2025-10-22 22:09:00,0,0.15,0,Low,Random Forest
43806,2403,370,2025-10-22 22:17:00,0,0.1178,0,Low,Random Forest
43807,2600,77,2025-10-22 22:38:00,0,0.1565,0,Low,Random Forest
43808,2052,370,2025-10-22 23:47:00,1,0.1507,0,Low,Random Forest
43809,2255,241,2025-10-22 23:52:00,0,0.1937,0,Low,Random Forest
43810,1101,252,2025-10-23 00:56:00,1,0.1598,0,Low,Random Forest
43811,475,241,2025-10-23 04:09:00,0,0.1749,0,Low,Random Forest
43812,1286,219,2025-10-23 05:16:00,0,0.2332,0,Low,Random Forest
43813,2467,433,2025-10-23 05:46:00,0,0.1378,0,Low,Random Forest
43814,983,158,2025-10-23 05:59:00,0,0.1537,0,Low,Random Forest
43815,159,158,2025-10-23 06:03:00,0,0.1389,0,Low,Random Forest
43816,949,365,2025-10-23 06:40:00,1,0.2794,0,Low,Random Forest
43817,2107,289,2025-10-23 06:51:00,0,0.1529,0,Low,Random Forest
43818,483,296,2025-10-23 06:59:00,0,0.1177,0,Low,Random Forest
43819,1596,241,2025-10-23 07:03:00,1,0.1279,0,Low,Random Forest
43820,1101,355,2025-10-23 07:04:00,0,0.1399,0,Low,Random Forest
43821,1876,241,2025-10-23 07:27:00,0,0.1112,0,Low,Random Forest
43822,470,182,2025-10-23 07:27:00,0,0.1621,0,Low,Random Forest
43823,1101,241,2025-10-23 07:32:00,1,0.1259,0,Low,Random Forest
43824,1986,88,2025-10-23 07:36:00,0,0.1674,0,Low,Random Forest
43825,1966,433,2025-10-23 07:45:00,0,0.1424,0,Low,Random Forest
43826,111,371,2025-10-23 07:51:00,0,0.1448,0,Low,Random Forest
43827,1996,370,2025-10-23 07:52:00,0,0.1255,0,Low,Random Forest
43828,1632,323,2025-10-23 07:52:00,1,0.1525,0,Low,Random Forest
43829,1101,390,2025-10-23 07:53:00,0,0.1257,0,Low,Random Forest
43830,2901,279,2025-10-23 07:56:00,0,0.1898,0,Low,Random Forest
43831,49,241,2025-10-23 08:03:00,0,0.157,0,Low,Random Forest
43832,1800,181,2025-10-23 08:08:00,0,0.225,0,Low,Random Forest
43833,1362,223,2025-10-23 08:09:00,0,0.249,0,Low,Random Forest
43834,1966,28,2025-10-23 08:18:00,0,0.2585,0,Low,Random Forest
43835,483,18,2025-10-23 08:20:00,1,0.2558,0,Low,Random Forest
43836,2577,252,2025-10-23 08:27:00,1,0.1967,0,Low,Random Forest
43837,2276,116,2025-10-23 08:27:00,0,0.1697,0,Low,Random Forest
43838,1105,318,2025-10-23 08:29:00,1,0.3687,1,Medium,Random Forest
43840,2180,433,2025-10-23 08:30:00,0,0.2379,0,Low,Random Forest
43839,470,390,2025-10-23 08:30:00,0,0.2085,0,Low,Random Forest
43843,1101,116,2025-10-23 08:33:00,0,0.1835,0,Low,Random Forest
43841,864,236,2025-10-23 08:33:00,1,0.241,0,Low,Random Forest
43842,789,81,2025-10-23 08:33:00,1,0.4707,1,Medium,Random Forest
43844,1812,252,2025-10-23 08:46:00,0,0.1524,0,Low,Random Forest
43845,1725,359,2025-10-23 08:53:00,1,0.2489,0,Low,Random Forest
43846,1126,64,2025-10-23 09:15:00,1,0.2035,0,Low,Random Forest
43847,1089,73,2025-10-23 09:29:00,0,0.1822,0,Low,Random Forest
43848,1428,64,2025-10-23 09:33:00,0,0.1717,0,Low,Random Forest
43849,440,370,2025-10-23 09:54:00,0,0.1491,0,Low,Random Forest
43850,821,412,2025-10-23 10:15:00,0,0.1401,0,Low,Random Forest
43851,2161,370,2025-10-23 10:17:00,0,0.1042,0,Low,Random Forest
43852,1468,181,2025-10-23 10:18:00,0,0.1544,0,Low,Random Forest
43853,1101,258,2025-10-23 10:32:00,0,0.1107,0,Low,Random Forest
43854,1101,355,2025-10-23 10:37:00,1,0.1418,0,Low,Random Forest
43855,2399,260,2025-10-23 11:03:00,1,0.1302,0,Low,Random Forest
43856,255,341,2025-10-23 11:15:00,0,0.1396,0,Low,Random Forest
43857,1101,16,2025-10-23 11:17:00,0,0.12,0,Low,Random Forest
43858,440,370,2025-10-23 11:23:00,0,0.131,0,Low,Random Forest
43859,441,46,2025-10-23 11:24:00,1,0.3094,1,Medium,Random Forest
43860,2791,406,2025-10-23 11:35:00,0,0.177,0,Low,Random Forest
43861,835,370,2025-10-23 11:52:00,0,0.1207,0,Low,Random Forest
43862,1721,335,2025-10-23 12:03:00,0,0.2803,0,Low,Random Forest
43863,2589,370,2025-10-23 12:08:00,0,0.1147,0,Low,Random Forest
43864,1812,371,2025-10-23 12:25:00,0,0.1237,0,Low,Random Forest
43865,1812,201,2025-10-23 12:28:00,0,0.1367,0,Low,Random Forest
43866,2511,241,2025-10-23 12:35:00,1,0.1155,0,Low,Random Forest
43867,1101,370,2025-10-23 12:43:00,0,0.1153,0,Low,Random Forest
43868,2161,318,2025-10-23 12:51:00,1,0.2921,0,Low,Random Forest
43869,597,116,2025-10-23 13:02:00,0,0.1501,0,Low,Random Forest
43870,482,138,2025-10-23 13:04:00,0,0.1536,0,Low,Random Forest
43871,892,406,2025-10-23 13:08:00,0,0.1337,0,Low,Random Forest
43872,219,376,2025-10-23 13:14:00,0,0.1503,0,Low,Random Forest
43873,1636,116,2025-10-23 13:19:00,1,0.1789,0,Low,Random Forest
43874,2788,285,2025-10-23 13:26:00,1,0.3282,1,Medium,Random Forest
43875,2448,46,2025-10-23 13:37:00,0,0.2612,0,Low,Random Forest
43876,1384,200,2025-10-23 13:38:00,0,0.1264,0,Low,Random Forest
43877,641,370,2025-10-23 14:11:00,0,0.1167,0,Low,Random Forest
43878,983,442,2025-10-23 14:17:00,0,0.1439,0,Low,Random Forest
43879,1600,318,2025-10-23 14:19:00,1,0.3336,1,Medium,Random Forest
43880,312,370,2025-10-23 14:30:00,0,0.1042,0,Low,Random Forest
43881,1774,370,2025-10-23 14:44:00,0,0.1062,0,Low,Random Forest
43882,1243,181,2025-10-23 14:49:00,0,0.139,0,Low,Random Forest
43883,1812,199,2025-10-23 14:56:00,0,0.2729,0,Low,Random Forest
43884,140,318,2025-10-23 15:03:00,0,0.3004,1,Medium,Random Forest
43885,814,371,2025-10-23 15:07:00,0,0.1194,0,Low,Random Forest
43886,1101,45,2025-10-23 15:24:00,1,0.1814,0,Low,Random Forest
43887,442,406,2025-10-23 15:45:00,0,0.1595,0,Low,Random Forest
43888,1742,252,2025-10-23 15:47:00,0,0.1237,0,Low,Random Forest
43889,1832,15,2025-10-23 15:58:00,0,0.123,0,Low,Random Forest
43890,533,370,2025-10-23 16:03:00,0,0.1154,0,Low,Random Forest
43891,2881,336,2025-10-23 16:05:00,0,0.1473,0,Low,Random Forest
43892,2819,376,2025-10-23 16:15:00,1,0.1115,0,Low,Random Forest
43893,2292,236,2025-10-23 16:19:00,0,0.1296,0,Low,Random Forest
43894,2409,77,2025-10-23 16:21:00,0,0.1122,0,Low,Random Forest
43895,588,158,2025-10-23 16:26:00,0,0.1728,0,Low,Random Forest
43896,1225,437,2025-10-23 16:31:00,0,0.1195,0,Low,Random Forest
43897,233,241,2025-10-23 16:33:00,0,0.1201,0,Low,Random Forest
43898,929,383,2025-10-23 16:47:00,1,0.1478,0,Low,Random Forest
43899,2075,370,2025-10-23 16:52:00,0,0.1148,0,Low,Random Forest
43900,855,433,2025-10-23 16:53:00,0,0.1593,0,Low,Random Forest
43901,436,252,2025-10-23 16:56:00,0,0.1109,0,Low,Random Forest
43902,334,376,2025-10-23 17:18:00,0,0.1324,0,Low,Random Forest
43903,518,429,2025-10-23 17:18:00,0,0.1404,0,Low,Random Forest
43904,2852,306,2025-10-23 17:26:00,0,0.1384,0,Low,Random Forest
43905,650,70,2025-10-23 17:35:00,0,0.1553,0,Low,Random Forest
43906,724,370,2025-10-23 17:41:00,0,0.1144,0,Low,Random Forest
43907,1651,77,2025-10-23 17:44:00,0,0.122,0,Low,Random Forest
43908,2818,132,2025-10-23 17:48:00,0,0.1365,0,Low,Random Forest
43909,121,370,2025-10-23 17:54:00,1,0.1806,0,Low,Random Forest
43910,2079,318,2025-10-23 18:06:00,0,0.3663,1,Medium,Random Forest
43911,1101,241,2025-10-23 18:07:00,0,0.2464,0,Low,Random Forest
43912,1934,198,2025-10-23 18:21:00,1,0.3198,1,Medium,Random Forest
43913,2317,74,2025-10-23 18:31:00,0,0.1816,0,Low,Random Forest
43914,651,241,2025-10-23 18:44:00,1,0.2016,0,Low,Random Forest
43915,2748,309,2025-10-23 18:48:00,0,0.238,0,Low,Random Forest
43916,583,328,2025-10-23 18:55:00,0,0.1815,0,Low,Random Forest
43917,651,416,2025-10-23 19:02:00,1,0.4366,1,Medium,Random Forest
43919,626,106,2025-10-23 19:08:00,0,0.188,0,Low,Random Forest
43918,2872,241,2025-10-23 19:08:00,0,0.2272,0,Low,Random Forest
43920,1098,355,2025-10-23 19:15:00,1,0.3569,1,Medium,Random Forest
43921,138,318,2025-10-23 19:30:00,0,0.3929,1,Medium,Random Forest
43922,349,316,2025-10-23 19:34:00,1,0.1742,0,Low,Random Forest
43923,1330,67,2025-10-23 19:35:00,0,0.2328,0,Low,Random Forest
43924,565,275,2025-10-23 19:36:00,0,0.1854,0,Low,Random Forest
43925,1490,96,2025-10-23 19:38:00,0,0.1782,0,Low,Random Forest
43926,2062,318,2025-10-23 19:44:00,0,0.4678,1,Medium,Random Forest
43927,413,370,2025-10-23 19:46:00,0,0.2436,0,Low,Random Forest
43928,386,241,2025-10-23 19:49:00,1,0.2252,0,Low,Random Forest
43929,823,241,2025-10-23 19:56:00,0,0.2224,0,Low,Random Forest
43930,1101,275,2025-10-23 20:00:00,0,0.1668,0,Low,Random Forest
43931,429,160,2025-10-23 20:02:00,0,0.2803,0,Low,Random Forest
43932,2255,309,2025-10-23 20:05:00,1,0.2663,0,Low,Random Forest
43933,860,337,2025-10-23 20:05:00,0,0.2653,0,Low,Random Forest
43934,171,245,2025-10-23 20:20:00,0,0.2435,0,Low,Random Forest
43935,2499,318,2025-10-23 20:25:00,0,0.3212,1,Medium,Random Forest
43936,1127,82,2025-10-23 20:29:00,0,0.2232,0,Low,Random Forest
43937,231,370,2025-10-23 20:31:00,0,0.1514,0,Low,Random Forest
43938,1022,174,2025-10-23 20:40:00,0,0.2586,0,Low,Random Forest
43939,2885,252,2025-10-23 20:42:00,0,0.2098,0,Low,Random Forest
43940,312,241,2025-10-23 20:47:00,1,0.7938,1,High,Random Forest
43941,1812,241,2025-10-23 20:48:00,0,0.1668,0,Low,Random Forest
43942,2199,442,2025-10-23 21:01:00,1,0.1447,0,Low,Random Forest
43943,1101,414,2025-10-23 21:10:00,0,0.1308,0,Low,Random Forest
43944,2004,328,2025-10-23 21:19:00,0,0.1111,0,Low,Random Forest
43945,922,199,2025-10-23 21:26:00,0,0.2619,0,Low,Random Forest
43946,1996,21,2025-10-23 21:31:00,0,0.1254,0,Low,Random Forest
43947,4,318,2025-10-23 21:35:00,0,0.3007,1,Medium,Random Forest
43948,1150,236,2025-10-23 21:43:00,0,0.1205,0,Low,Random Forest
43949,2954,296,2025-10-23 21:50:00,0,0.1216,0,Low,Random Forest
43950,255,3,2025-10-23 22:02:00,0,0.1198,0,Low,Random Forest
43951,2186,370,2025-10-23 22:05:00,0,0.1184,0,Low,Random Forest
43952,2664,252,2025-10-23 22:06:00,0,0.1383,0,Low,Random Forest
43953,2044,63,2025-10-23 22:14:00,0,0.1341,0,Low,Random Forest
43954,1101,370,2025-10-23 22:36:00,0,0.1197,0,Low,Random Forest
43955,2978,252,2025-10-23 23:01:00,0,0.1462,0,Low,Random Forest
43956,113,77,2025-10-23 23:35:00,1,0.171,0,Low,Random Forest
43957,1836,425,2025-10-23 23:49:00,1,0.2271,0,Low,Random Forest
43958,1444,370,2025-10-24 00:52:00,0,0.1956,0,Low,Random Forest
43959,2472,63,2025-10-24 01:47:00,0,0.2317,0,Low,Random Forest
43960,1005,260,2025-10-24 02:19:00,0,0.1753,0,Low,Random Forest
43961,551,440,2025-10-24 02:59:00,0,0.358,1,Medium,Random Forest
43962,274,97,2025-10-24 04:40:00,0,0.1978,0,Low,Random Forest
43963,2499,241,2025-10-24 05:52:00,1,0.1225,0,Low,Random Forest
43964,2994,376,2025-10-24 06:13:00,0,0.1347,0,Low,Random Forest
43965,2361,155,2025-10-24 06:17:00,0,0.1245,0,Low,Random Forest
43966,821,236,2025-10-24 06:27:00,0,0.1238,0,Low,Random Forest
43967,434,370,2025-10-24 06:37:00,0,0.1482,0,Low,Random Forest
43968,1281,241,2025-10-24 06:38:00,0,0.1164,0,Low,Random Forest
43969,1027,124,2025-10-24 06:43:00,0,0.1486,0,Low,Random Forest
43970,1622,180,2025-10-24 07:00:00,1,0.3387,1,Medium,Random Forest
43971,44,370,2025-10-24 07:02:00,0,0.1194,0,Low,Random Forest
43972,255,248,2025-10-24 07:09:00,0,0.1431,0,Low,Random Forest
43973,1176,252,2025-10-24 07:17:00,0,0.1414,0,Low,Random Forest
43974,2298,236,2025-10-24 07:18:00,0,0.1319,0,Low,Random Forest
43975,1639,442,2025-10-24 07:19:00,0,0.1968,0,Low,Random Forest
43976,2886,241,2025-10-24 07:36:00,0,0.135,0,Low,Random Forest
43977,1101,208,2025-10-24 07:40:00,0,0.1166,0,Low,Random Forest
43978,1101,363,2025-10-24 07:41:00,0,0.1404,0,Low,Random Forest
43979,1455,363,2025-10-24 07:46:00,0,0.1238,0,Low,Random Forest
43980,255,241,2025-10-24 07:52:00,0,0.1206,0,Low,Random Forest
43981,440,236,2025-10-24 07:55:00,0,0.1261,0,Low,Random Forest
43982,1101,220,2025-10-24 07:58:00,0,0.143,0,Low,Random Forest
43984,255,370,2025-10-24 08:00:00,0,0.1606,0,Low,Random Forest
43983,1352,370,2025-10-24 08:00:00,1,0.2137,0,Low,Random Forest
43985,1420,318,2025-10-24 08:01:00,1,0.3701,1,Medium,Random Forest
43986,512,343,2025-10-24 08:18:00,1,0.2694,0,Low,Random Forest
43987,2332,275,2025-10-24 08:25:00,0,0.2416,0,Low,Random Forest
43988,695,241,2025-10-24 08:27:00,0,0.1627,0,Low,Random Forest
43989,1999,382,2025-10-24 08:27:00,1,0.1664,0,Low,Random Forest
43990,2005,241,2025-10-24 08:39:00,0,0.2477,0,Low,Random Forest
43991,2616,414,2025-10-24 08:40:00,1,0.1726,0,Low,Random Forest
43992,2082,370,2025-10-24 08:44:00,1,0.2625,0,Low,Random Forest
43994,1101,327,2025-10-24 08:46:00,0,0.188,0,Low,Random Forest
43993,1525,285,2025-10-24 08:46:00,0,0.3663,1,Medium,Random Forest
43995,349,370,2025-10-24 08:55:00,0,0.2243,0,Low,Random Forest
43996,2161,323,2025-10-24 08:57:00,1,0.1715,0,Low,Random Forest
43997,312,16,2025-10-24 09:04:00,1,0.2246,0,Low,Random Forest
43998,1126,99,2025-10-24 09:07:00,0,0.2401,0,Low,Random Forest
43999,168,370,2025-10-24 09:08:00,0,0.2124,0,Low,Random Forest
44000,1457,306,2025-10-24 09:09:00,0,0.1618,0,Low,Random Forest
44001,1899,275,2025-10-24 09:15:00,0,0.1837,0,Low,Random Forest
44002,1797,323,2025-10-24 09:23:00,0,0.2097,0,Low,Random Forest
44003,1427,124,2025-10-24 09:32:00,1,0.1801,0,Low,Random Forest
44004,1089,376,2025-10-24 09:44:00,0,0.1715,0,Low,Random Forest
44005,2835,231,2025-10-24 09:56:00,0,0.3253,1,Medium,Random Forest
44006,278,77,2025-10-24 09:58:00,0,0.2268,0,Low,Random Forest
44007,1171,370,2025-10-24 10:01:00,0,0.1134,0,Low,Random Forest
44008,2819,252,2025-10-24 10:24:00,0,0.1329,0,Low,Random Forest
44009,314,402,2025-10-24 10:33:00,0,0.1501,0,Low,Random Forest
44010,2733,300,2025-10-24 10:34:00,1,0.1273,0,Low,Random Forest
44011,255,323,2025-10-24 10:36:00,0,0.1067,0,Low,Random Forest
44012,219,363,2025-10-24 10:51:00,0,0.1235,0,Low,Random Forest
44013,2928,152,2025-10-24 10:52:00,0,0.1494,0,Low,Random Forest
44014,482,376,2025-10-24 10:54:00,0,0.1137,0,Low,Random Forest
44015,1340,318,2025-10-24 11:12:00,1,0.2945,0,Low,Random Forest
44017,255,262,2025-10-24 11:20:00,1,0.1368,0,Low,Random Forest
44016,827,318,2025-10-24 11:20:00,0,0.3268,1,Medium,Random Forest
44018,255,264,2025-10-24 11:31:00,1,0.1271,0,Low,Random Forest
44019,1043,208,2025-10-24 11:46:00,0,0.1221,0,Low,Random Forest
44020,2388,55,2025-10-24 11:59:00,0,0.1672,0,Low,Random Forest
44021,255,252,2025-10-24 12:01:00,0,0.1108,0,Low,Random Forest
44022,755,241,2025-10-24 12:05:00,0,0.1302,0,Low,Random Forest
44023,1101,328,2025-10-24 12:05:00,0,0.1208,0,Low,Random Forest
44024,51,318,2025-10-24 12:24:00,0,0.2925,0,Low,Random Forest
44025,1030,441,2025-10-24 12:24:00,0,0.1227,0,Low,Random Forest
44026,803,184,2025-10-24 12:28:00,0,0.1319,0,Low,Random Forest
44027,843,45,2025-10-24 12:34:00,0,0.1653,0,Low,Random Forest
44028,2880,433,2025-10-24 12:48:00,1,0.142,0,Low,Random Forest
44029,615,363,2025-10-24 12:48:00,1,0.1183,0,Low,Random Forest
44030,1774,337,2025-10-24 13:01:00,0,0.1205,0,Low,Random Forest
44031,1875,363,2025-10-24 13:04:00,0,0.1138,0,Low,Random Forest
44032,1356,262,2025-10-24 13:13:00,0,0.1424,0,Low,Random Forest
44033,1329,64,2025-10-24 13:15:00,1,0.1237,0,Low,Random Forest
44034,2691,435,2025-10-24 13:52:00,0,0.1664,0,Low,Random Forest
44035,2050,252,2025-10-24 14:08:00,0,0.1375,0,Low,Random Forest
44036,1101,241,2025-10-24 14:13:00,0,0.1452,0,Low,Random Forest
44037,2708,376,2025-10-24 14:14:00,0,0.1215,0,Low,Random Forest
44039,1101,88,2025-10-24 14:36:00,0,0.1135,0,Low,Random Forest
44038,1812,181,2025-10-24 14:36:00,0,0.1527,0,Low,Random Forest
44040,1101,260,2025-10-24 14:38:00,0,0.1055,0,Low,Random Forest
44041,829,260,2025-10-24 14:59:00,0,0.1102,0,Low,Random Forest
44042,254,180,2025-10-24 15:12:00,0,0.2857,0,Low,Random Forest
44043,2725,181,2025-10-24 15:17:00,0,0.164,0,Low,Random Forest
44044,2317,318,2025-10-24 15:21:00,0,0.2693,0,Low,Random Forest
44045,1101,275,2025-10-24 15:24:00,0,0.1211,0,Low,Random Forest
44046,2699,260,2025-10-24 15:28:00,0,0.1102,0,Low,Random Forest
44047,2994,222,2025-10-24 15:29:00,0,0.2773,0,Low,Random Forest
44048,2629,116,2025-10-24 15:48:00,0,0.1357,0,Low,Random Forest
44049,2375,383,2025-10-24 16:05:00,0,0.1478,0,Low,Random Forest
44050,258,106,2025-10-24 16:13:00,0,0.1266,0,Low,Random Forest
44051,766,91,2025-10-24 16:18:00,0,0.1505,0,Low,Random Forest
44052,1944,45,2025-10-24 16:21:00,0,0.1463,0,Low,Random Forest
44053,2507,376,2025-10-24 16:23:00,0,0.1189,0,Low,Random Forest
44054,255,262,2025-10-24 16:43:00,0,0.1477,0,Low,Random Forest
44055,1875,370,2025-10-24 16:48:00,0,0.1339,0,Low,Random Forest
44056,2741,370,2025-10-24 16:54:00,0,0.1271,0,Low,Random Forest
44057,1105,299,2025-10-24 16:55:00,1,0.1526,0,Low,Random Forest
44058,113,231,2025-10-24 17:02:00,0,0.1645,0,Low,Random Forest
44059,672,370,2025-10-24 17:04:00,0,0.1373,0,Low,Random Forest
44060,588,363,2025-10-24 17:27:00,0,0.1263,0,Low,Random Forest
44061,2594,363,2025-10-24 17:28:00,0,0.1176,0,Low,Random Forest
44062,703,142,2025-10-24 17:35:00,0,0.1391,0,Low,Random Forest
44063,701,252,2025-10-24 17:45:00,0,0.1362,0,Low,Random Forest
44064,1303,28,2025-10-24 17:53:00,0,0.1274,0,Low,Random Forest
44065,821,376,2025-10-24 17:55:00,0,0.1143,0,Low,Random Forest
44066,1813,60,2025-10-24 18:01:00,1,0.8058,1,High,Random Forest
44067,1611,286,2025-10-24 18:02:00,1,0.3581,1,Medium,Random Forest
44068,987,421,2025-10-24 18:05:00,0,0.1793,0,Low,Random Forest
44069,1101,387,2025-10-24 18:11:00,0,0.2243,0,Low,Random Forest
44070,1443,77,2025-10-24 18:11:00,1,0.2319,0,Low,Random Forest
44071,174,35,2025-10-24 18:12:00,1,0.3918,1,Medium,Random Forest
44072,2886,306,2025-10-24 18:17:00,0,0.2136,0,Low,Random Forest
44073,1422,296,2025-10-24 18:19:00,0,0.2191,0,Low,Random Forest
44074,1105,289,2025-10-24 18:33:00,0,0.1862,0,Low,Random Forest
44075,2639,275,2025-10-24 18:40:00,1,0.2218,0,Low,Random Forest
44076,755,337,2025-10-24 18:40:00,0,0.2793,0,Low,Random Forest
44077,990,28,2025-10-24 18:43:00,1,0.2202,0,Low,Random Forest
44078,2136,114,2025-10-24 18:44:00,1,0.2252,0,Low,Random Forest
44079,1101,376,2025-10-24 18:52:00,0,0.2312,0,Low,Random Forest
44080,1150,370,2025-10-24 19:01:00,1,0.2211,0,Low,Random Forest
44081,1101,289,2025-10-24 19:11:00,1,0.2176,0,Low,Random Forest
44082,1812,45,2025-10-24 19:19:00,0,0.1904,0,Low,Random Forest
44083,1773,61,2025-10-24 19:30:00,1,0.269,0,Low,Random Forest
44084,1768,210,2025-10-24 19:45:00,0,0.2226,0,Low,Random Forest
44085,1303,252,2025-10-24 19:46:00,0,0.1818,0,Low,Random Forest
44086,1602,341,2025-10-24 20:00:00,0,0.2258,0,Low,Random Forest
44087,195,418,2025-10-24 20:01:00,0,0.2414,0,Low,Random Forest
44088,2501,370,2025-10-24 20:08:00,0,0.165,0,Low,Random Forest
44089,255,336,2025-10-24 20:30:00,1,0.8016,1,High,Random Forest
44090,255,363,2025-10-24 20:31:00,0,0.1626,0,Low,Random Forest
44091,312,77,2025-10-24 20:46:00,0,0.2151,0,Low,Random Forest
44092,518,363,2025-10-24 20:48:00,1,0.741,1,High,Random Forest
44093,2306,181,2025-10-24 21:07:00,1,0.1621,0,Low,Random Forest
44094,1101,328,2025-10-24 21:13:00,0,0.1284,0,Low,Random Forest
44095,255,428,2025-10-24 21:35:00,0,0.1303,0,Low,Random Forest
44096,1640,77,2025-10-24 22:04:00,0,0.1141,0,Low,Random Forest
44097,1742,208,2025-10-24 22:07:00,0,0.1237,0,Low,Random Forest
44098,429,370,2025-10-25 00:38:00,0,0.2203,0,Low,Random Forest
44099,284,363,2025-10-25 00:42:00,0,0.246,0,Low,Random Forest
44100,2005,383,2025-10-25 00:55:00,0,0.2261,0,Low,Random Forest
44101,1609,398,2025-10-25 02:22:00,0,0.2759,0,Low,Random Forest
44102,719,81,2025-10-25 02:45:00,0,0.3869,1,Medium,Random Forest
44103,1406,318,2025-10-25 03:33:00,1,0.2793,0,Low,Random Forest
44104,864,387,2025-10-25 04:01:00,0,0.1936,0,Low,Random Forest
44105,567,370,2025-10-25 04:11:00,0,0.2674,0,Low,Random Forest
44106,1082,241,2025-10-25 04:14:00,0,0.1773,0,Low,Random Forest
44107,2871,376,2025-10-25 04:36:00,0,0.2154,0,Low,Random Forest
44108,255,406,2025-10-25 04:40:00,0,0.202,0,Low,Random Forest
44109,1101,159,2025-10-25 04:48:00,0,0.2277,0,Low,Random Forest
44110,403,76,2025-10-25 04:51:00,1,0.2065,0,Low,Random Forest
44111,2102,252,2025-10-25 05:51:00,0,0.1446,0,Low,Random Forest
44112,2165,199,2025-10-25 06:00:00,0,0.3052,1,Medium,Random Forest
44113,2170,252,2025-10-25 06:03:00,0,0.134,0,Low,Random Forest
44114,77,414,2025-10-25 06:24:00,0,0.139,0,Low,Random Forest
44116,455,435,2025-10-25 06:53:00,0,0.1562,0,Low,Random Forest
44115,2616,10,2025-10-25 06:53:00,0,0.139,0,Low,Random Forest
44117,1776,421,2025-10-25 06:55:00,1,0.7841,1,High,Random Forest
44118,628,423,2025-10-25 06:55:00,0,0.3395,1,Medium,Random Forest
44119,1422,370,2025-10-25 06:57:00,0,0.1436,0,Low,Random Forest
44120,1989,376,2025-10-25 07:02:00,0,0.1296,0,Low,Random Forest
44121,2226,264,2025-10-25 07:02:00,0,0.136,0,Low,Random Forest
44122,2104,241,2025-10-25 07:21:00,0,0.1471,0,Low,Random Forest
44123,312,107,2025-10-25 07:32:00,0,0.261,0,Low,Random Forest
44124,2936,199,2025-10-25 07:38:00,0,0.26,0,Low,Random Forest
44125,1916,252,2025-10-25 07:49:00,0,0.16,0,Low,Random Forest
44127,6,241,2025-10-25 07:51:00,0,0.154,0,Low,Random Forest
44126,1101,241,2025-10-25 07:51:00,1,0.1606,0,Low,Random Forest
44128,906,178,2025-10-25 08:07:00,0,0.2889,0,Low,Random Forest
44129,963,370,2025-10-25 08:09:00,0,0.2815,0,Low,Random Forest
44130,1101,265,2025-10-25 08:09:00,0,0.2428,0,Low,Random Forest
44131,113,433,2025-10-25 08:14:00,0,0.2081,0,Low,Random Forest
44132,2306,275,2025-10-25 08:15:00,0,0.2725,0,Low,Random Forest
44133,1455,370,2025-10-25 08:18:00,1,0.1756,0,Low,Random Forest
44134,19,370,2025-10-25 08:22:00,0,0.3155,1,Medium,Random Forest
44135,2534,275,2025-10-25 08:28:00,1,0.2796,0,Low,Random Forest
44136,1986,370,2025-10-25 08:30:00,0,0.3208,1,Medium,Random Forest
44137,1861,370,2025-10-25 08:33:00,0,0.2338,0,Low,Random Forest
44138,163,106,2025-10-25 08:34:00,1,0.2348,0,Low,Random Forest
44139,1290,77,2025-10-25 08:50:00,0,0.2301,0,Low,Random Forest
44140,255,285,2025-10-25 08:54:00,1,0.444,1,Medium,Random Forest
44141,1115,241,2025-10-25 09:08:00,0,0.2404,0,Low,Random Forest
44142,2969,181,2025-10-25 09:11:00,0,0.273,0,Low,Random Forest
44143,1101,441,2025-10-25 09:15:00,0,0.2644,0,Low,Random Forest
44144,434,324,2025-10-25 09:30:00,1,0.2539,0,Low,Random Forest
44145,1101,45,2025-10-25 09:41:00,1,0.761,1,High,Random Forest
44146,1351,45,2025-10-25 09:42:00,0,0.2744,0,Low,Random Forest
44147,2459,422,2025-10-25 09:56:00,0,0.2675,0,Low,Random Forest
44148,2699,318,2025-10-25 10:00:00,0,0.3309,1,Medium,Random Forest
44149,2397,363,2025-10-25 10:01:00,0,0.1799,0,Low,Random Forest
44150,2863,363,2025-10-25 10:02:00,0,0.1409,0,Low,Random Forest
44151,2013,433,2025-10-25 10:24:00,0,0.2471,0,Low,Random Forest
44152,2199,51,2025-10-25 10:28:00,0,0.1644,0,Low,Random Forest
44153,327,433,2025-10-25 10:35:00,0,0.1682,0,Low,Random Forest
44154,1121,73,2025-10-25 10:42:00,0,0.1598,0,Low,Random Forest
44155,1359,241,2025-10-25 10:44:00,0,0.1471,0,Low,Random Forest
44156,2255,180,2025-10-25 10:55:00,0,0.2949,0,Low,Random Forest
44157,2100,305,2025-10-25 11:13:00,0,0.1511,0,Low,Random Forest
44158,1812,184,2025-10-25 11:14:00,0,0.1531,0,Low,Random Forest
44159,2691,106,2025-10-25 11:29:00,0,0.1519,0,Low,Random Forest
44160,2225,241,2025-10-25 11:45:00,0,0.1325,0,Low,Random Forest
44161,1587,241,2025-10-25 11:49:00,0,0.1911,0,Low,Random Forest
44162,1833,115,2025-10-25 12:08:00,0,0.1593,0,Low,Random Forest
44163,2875,370,2025-10-25 12:10:00,0,0.1342,0,Low,Random Forest
44164,1101,318,2025-10-25 12:15:00,0,0.2792,0,Low,Random Forest
44165,186,337,2025-10-25 12:17:00,1,0.1401,0,Low,Random Forest
44166,2903,241,2025-10-25 12:54:00,0,0.1246,0,Low,Random Forest
44167,1848,433,2025-10-25 13:07:00,0,0.1573,0,Low,Random Forest
44168,1812,51,2025-10-25 13:08:00,0,0.2132,0,Low,Random Forest
44169,113,241,2025-10-25 13:11:00,0,0.1611,0,Low,Random Forest
44170,815,307,2025-10-25 13:14:00,0,0.1625,0,Low,Random Forest
44171,483,339,2025-10-25 13:19:00,0,0.2318,0,Low,Random Forest
44172,1359,300,2025-10-25 13:34:00,0,0.1381,0,Low,Random Forest
44173,1780,45,2025-10-25 13:43:00,0,0.1782,0,Low,Random Forest
44174,255,64,2025-10-25 13:58:00,0,0.1203,0,Low,Random Forest
44176,799,323,2025-10-25 14:37:00,0,0.1381,0,Low,Random Forest
44175,2205,252,2025-10-25 14:37:00,1,0.1285,0,Low,Random Forest
44177,1864,277,2025-10-25 14:54:00,0,0.1803,0,Low,Random Forest
44178,255,370,2025-10-25 14:55:00,1,0.2247,0,Low,Random Forest
44179,1745,231,2025-10-25 15:05:00,1,0.2526,0,Low,Random Forest
44180,1101,376,2025-10-25 15:19:00,1,0.1445,0,Low,Random Forest
44181,2083,120,2025-10-25 15:26:00,0,0.168,0,Low,Random Forest
44183,2464,280,2025-10-25 15:28:00,0,0.1581,0,Low,Random Forest
44182,2107,393,2025-10-25 15:28:00,0,0.1761,0,Low,Random Forest
44184,1342,351,2025-10-25 15:32:00,0,0.1601,0,Low,Random Forest
44185,251,275,2025-10-25 15:40:00,0,0.132,0,Low,Random Forest
44186,113,296,2025-10-25 15:46:00,0,0.1522,0,Low,Random Forest
44187,2019,181,2025-10-25 15:57:00,0,0.1528,0,Low,Random Forest
44188,1636,241,2025-10-25 15:58:00,0,0.1273,0,Low,Random Forest
44189,1039,116,2025-10-25 16:03:00,0,0.1401,0,Low,Random Forest
44190,2600,260,2025-10-25 16:18:00,0,0.14,0,Low,Random Forest
44191,1719,51,2025-10-25 16:26:00,1,0.1274,0,Low,Random Forest
44192,791,370,2025-10-25 16:34:00,0,0.1512,0,Low,Random Forest
44193,255,300,2025-10-25 16:41:00,0,0.1168,0,Low,Random Forest
44194,922,318,2025-10-25 16:49:00,0,0.2643,0,Low,Random Forest
44195,1800,370,2025-10-25 16:50:00,0,0.1359,0,Low,Random Forest
44196,330,387,2025-10-25 16:52:00,0,0.1894,0,Low,Random Forest
44197,2994,260,2025-10-25 17:00:00,0,0.1551,0,Low,Random Forest
44198,1767,136,2025-10-25 17:02:00,0,0.1575,0,Low,Random Forest
44199,113,262,2025-10-25 17:13:00,0,0.1208,0,Low,Random Forest
44200,349,181,2025-10-25 17:17:00,0,0.1548,0,Low,Random Forest
44201,1391,275,2025-10-25 17:27:00,0,0.1457,0,Low,Random Forest
44202,103,316,2025-10-25 17:29:00,0,0.1453,0,Low,Random Forest
44203,2005,370,2025-10-25 17:31:00,0,0.1651,0,Low,Random Forest
44204,255,162,2025-10-25 17:33:00,0,0.1181,0,Low,Random Forest
44205,1749,181,2025-10-25 17:37:00,0,0.1432,0,Low,Random Forest
44206,2781,252,2025-10-25 17:46:00,0,0.1342,0,Low,Random Forest
44207,1266,262,2025-10-25 17:48:00,1,0.2283,0,Low,Random Forest
44208,1999,147,2025-10-25 17:50:00,1,0.1831,0,Low,Random Forest
44209,1465,252,2025-10-25 17:51:00,0,0.1381,0,Low,Random Forest
44210,1878,323,2025-10-25 17:58:00,0,0.1423,0,Low,Random Forest
44211,812,370,2025-10-25 17:59:00,0,0.1557,0,Low,Random Forest
44212,1012,180,2025-10-25 17:59:00,1,0.3535,1,Medium,Random Forest
44213,219,99,2025-10-25 18:01:00,1,0.2219,0,Low,Random Forest
44214,922,243,2025-10-25 18:40:00,0,0.2774,0,Low,Random Forest
44215,2570,262,2025-10-25 18:42:00,0,0.2254,0,Low,Random Forest
44216,1589,219,2025-10-25 18:43:00,1,0.4277,1,Medium,Random Forest
44217,1101,37,2025-10-25 18:49:00,1,0.3354,1,Medium,Random Forest
44218,1101,370,2025-10-25 18:54:00,0,0.2765,0,Low,Random Forest
44219,255,252,2025-10-25 18:56:00,0,0.2327,0,Low,Random Forest
44220,963,435,2025-10-25 18:59:00,1,0.2705,0,Low,Random Forest
44221,255,199,2025-10-25 19:03:00,1,0.4526,1,Medium,Random Forest
44222,2570,4,2025-10-25 19:04:00,1,0.5052,1,Medium,Random Forest
44223,2507,42,2025-10-25 19:14:00,0,0.2817,0,Low,Random Forest
44224,1039,370,2025-10-25 19:14:00,0,0.1669,0,Low,Random Forest
44225,624,184,2025-10-25 19:21:00,0,0.2803,0,Low,Random Forest
44226,2596,81,2025-10-25 19:29:00,1,0.4829,1,Medium,Random Forest
44227,1258,383,2025-10-25 19:31:00,0,0.3103,1,Medium,Random Forest
44228,2226,241,2025-10-25 19:38:00,0,0.2582,0,Low,Random Forest
44229,2761,260,2025-10-25 19:40:00,0,0.2085,0,Low,Random Forest
44230,661,241,2025-10-25 20:06:00,0,0.2701,0,Low,Random Forest
44231,171,370,2025-10-25 20:12:00,0,0.2592,0,Low,Random Forest
44232,1101,106,2025-10-25 20:51:00,1,0.266,0,Low,Random Forest
44233,1296,370,2025-10-25 20:54:00,0,0.1769,0,Low,Random Forest
44234,483,152,2025-10-25 21:01:00,0,0.1424,0,Low,Random Forest
44235,1039,241,2025-10-25 21:02:00,0,0.1395,0,Low,Random Forest
44236,2961,307,2025-10-25 21:07:00,0,0.1945,0,Low,Random Forest
44237,1303,334,2025-10-25 21:17:00,0,0.1811,0,Low,Random Forest
44238,1455,180,2025-10-25 21:20:00,1,0.3483,1,Medium,Random Forest
44239,782,176,2025-10-25 21:29:00,0,0.1356,0,Low,Random Forest
44240,743,116,2025-10-25 22:02:00,0,0.1379,0,Low,Random Forest
44241,1681,358,2025-10-25 22:08:00,0,0.1548,0,Low,Random Forest
44242,1101,100,2025-10-25 22:09:00,0,0.1325,0,Low,Random Forest
44243,168,426,2025-10-25 22:09:00,0,0.1705,0,Low,Random Forest
44244,160,307,2025-10-25 22:19:00,0,0.2007,0,Low,Random Forest
44245,2678,55,2025-10-25 22:40:00,0,0.1679,0,Low,Random Forest
44246,917,271,2025-10-25 23:35:00,0,0.1843,0,Low,Random Forest
44247,821,267,2025-10-25 23:58:00,0,0.1787,0,Low,Random Forest
44248,1806,300,2025-10-26 01:01:00,1,0.2218,0,Low,Random Forest
44249,460,158,2025-10-26 01:12:00,0,0.2786,0,Low,Random Forest
44250,255,370,2025-10-26 02:13:00,1,0.7411,1,High,Random Forest
44251,237,289,2025-10-26 02:55:00,0,0.2465,0,Low,Random Forest
44252,1309,370,2025-10-26 04:05:00,1,0.262,0,Low,Random Forest
44253,2499,363,2025-10-26 05:05:00,0,0.145,0,Low,Random Forest
44254,624,387,2025-10-26 05:33:00,0,0.1643,0,Low,Random Forest
44255,1101,355,2025-10-26 06:01:00,0,0.256,0,Low,Random Forest
44256,1506,370,2025-10-26 06:03:00,0,0.1545,0,Low,Random Forest
44257,1260,316,2025-10-26 06:05:00,0,0.126,0,Low,Random Forest
44258,525,241,2025-10-26 06:19:00,0,0.1623,0,Low,Random Forest
44259,651,45,2025-10-26 06:24:00,0,0.208,0,Low,Random Forest
44260,255,337,2025-10-26 06:31:00,0,0.1503,0,Low,Random Forest
44261,2886,433,2025-10-26 06:52:00,0,0.1952,0,Low,Random Forest
44262,1181,95,2025-10-26 06:53:00,0,0.1484,0,Low,Random Forest
44263,442,328,2025-10-26 06:59:00,0,0.2176,0,Low,Random Forest
44264,1573,387,2025-10-26 07:01:00,0,0.1322,0,Low,Random Forest
44265,2345,370,2025-10-26 07:03:00,0,0.1404,0,Low,Random Forest
44266,113,11,2025-10-26 07:03:00,1,0.1628,0,Low,Random Forest
44267,2622,201,2025-10-26 07:11:00,0,0.1612,0,Low,Random Forest
44268,255,241,2025-10-26 07:20:00,0,0.1227,0,Low,Random Forest
44269,255,260,2025-10-26 07:20:00,0,0.1344,0,Low,Random Forest
44270,1101,203,2025-10-26 07:30:00,0,0.1414,0,Low,Random Forest
44271,1312,99,2025-10-26 07:34:00,0,0.1676,0,Low,Random Forest
44272,2211,363,2025-10-26 07:41:00,1,0.1584,0,Low,Random Forest
44273,2600,370,2025-10-26 07:42:00,0,0.2032,0,Low,Random Forest
44274,1944,370,2025-10-26 07:43:00,0,0.1514,0,Low,Random Forest
44275,1101,318,2025-10-26 08:08:00,0,0.3702,1,Medium,Random Forest
44276,2180,241,2025-10-26 08:09:00,0,0.2559,0,Low,Random Forest
44277,1101,408,2025-10-26 08:22:00,0,0.3272,1,Medium,Random Forest
44278,1812,414,2025-10-26 08:24:00,1,0.2009,0,Low,Random Forest
44279,1812,62,2025-10-26 08:39:00,0,0.2724,0,Low,Random Forest
44280,2403,241,2025-10-26 08:44:00,0,0.2139,0,Low,Random Forest
44281,113,241,2025-10-26 09:01:00,0,0.3157,1,Medium,Random Forest
44282,244,382,2025-10-26 09:04:00,0,0.2932,0,Low,Random Forest
44283,1016,45,2025-10-26 09:14:00,0,0.2056,0,Low,Random Forest
44284,628,64,2025-10-26 09:21:00,0,0.2187,0,Low,Random Forest
44285,1742,21,2025-10-26 09:30:00,0,0.1728,0,Low,Random Forest
44286,1812,318,2025-10-26 09:50:00,0,0.2888,0,Low,Random Forest
44287,1126,275,2025-10-26 09:51:00,0,0.2541,0,Low,Random Forest
44288,1089,275,2025-10-26 09:51:00,0,0.2254,0,Low,Random Forest
44289,1074,187,2025-10-26 09:55:00,0,0.1728,0,Low,Random Forest
44290,1362,281,2025-10-26 10:01:00,0,0.1408,0,Low,Random Forest
44291,1181,427,2025-10-26 10:03:00,0,0.1527,0,Low,Random Forest
44292,2691,421,2025-10-26 10:12:00,0,0.1697,0,Low,Random Forest
44293,1101,260,2025-10-26 10:31:00,0,0.1188,0,Low,Random Forest
44294,2351,77,2025-10-26 10:37:00,0,0.1439,0,Low,Random Forest
44295,1812,262,2025-10-26 10:59:00,0,0.1362,0,Low,Random Forest
44296,1225,318,2025-10-26 11:04:00,1,0.3144,1,Medium,Random Forest
44297,2544,293,2025-10-26 11:07:00,1,0.165,0,Low,Random Forest
44298,890,335,2025-10-26 11:08:00,0,0.356,1,Medium,Random Forest
44299,928,370,2025-10-26 11:28:00,0,0.1523,0,Low,Random Forest
44300,1295,63,2025-10-26 11:41:00,0,0.2054,0,Low,Random Forest
44301,2920,370,2025-10-26 11:47:00,0,0.1326,0,Low,Random Forest
44302,552,21,2025-10-26 11:49:00,0,0.1419,0,Low,Random Forest
44303,2730,376,2025-10-26 12:01:00,0,0.1705,0,Low,Random Forest
44304,1081,77,2025-10-26 12:17:00,0,0.1475,0,Low,Random Forest
44305,1636,241,2025-10-26 12:18:00,0,0.1409,0,Low,Random Forest
44306,258,376,2025-10-26 12:21:00,1,0.1282,0,Low,Random Forest
44307,2466,300,2025-10-26 12:27:00,0,0.141,0,Low,Random Forest
44308,2225,306,2025-10-26 12:34:00,0,0.1476,0,Low,Random Forest
44309,1101,363,2025-10-26 12:44:00,0,0.1422,0,Low,Random Forest
44310,2141,370,2025-10-26 12:45:00,0,0.1518,0,Low,Random Forest
44311,766,428,2025-10-26 12:57:00,0,0.1484,0,Low,Random Forest
44312,1213,425,2025-10-26 13:14:00,0,0.2524,0,Low,Random Forest
44313,2185,406,2025-10-26 13:18:00,0,0.1648,0,Low,Random Forest
44314,2756,376,2025-10-26 13:57:00,0,0.1408,0,Low,Random Forest
44315,1944,381,2025-10-26 14:03:00,0,0.2821,0,Low,Random Forest
44316,113,241,2025-10-26 14:23:00,0,0.1444,0,Low,Random Forest
44318,1552,132,2025-10-26 14:26:00,0,0.1353,0,Low,Random Forest
44317,1373,363,2025-10-26 14:26:00,1,0.1679,0,Low,Random Forest
44319,930,433,2025-10-26 14:51:00,0,0.1504,0,Low,Random Forest
44320,2690,363,2025-10-26 14:55:00,0,0.1602,0,Low,Random Forest
44321,1002,20,2025-10-26 15:08:00,0,0.3249,1,Medium,Random Forest
44322,1101,307,2025-10-26 15:16:00,0,0.1841,0,Low,Random Forest
44323,807,370,2025-10-26 15:17:00,0,0.1648,0,Low,Random Forest
44324,1986,370,2025-10-26 15:19:00,0,0.1517,0,Low,Random Forest
44325,255,262,2025-10-26 15:29:00,0,0.1196,0,Low,Random Forest
44327,2764,351,2025-10-26 15:35:00,0,0.1832,0,Low,Random Forest
44326,2180,370,2025-10-26 15:35:00,0,0.1456,0,Low,Random Forest
44328,2092,335,2025-10-26 15:38:00,0,0.3009,1,Medium,Random Forest
44329,1101,252,2025-10-26 15:44:00,0,0.1628,0,Low,Random Forest
44330,482,181,2025-10-26 16:08:00,0,0.1411,0,Low,Random Forest
44331,312,158,2025-10-26 16:14:00,1,0.1606,0,Low,Random Forest
44332,255,222,2025-10-26 16:21:00,1,0.3199,1,Medium,Random Forest
44333,1473,383,2025-10-26 16:33:00,0,0.1539,0,Low,Random Forest
44334,179,337,2025-10-26 16:40:00,0,0.1453,0,Low,Random Forest
44335,1636,64,2025-10-26 17:05:00,0,0.1318,0,Low,Random Forest
44336,405,435,2025-10-26 17:08:00,0,0.148,0,Low,Random Forest
44337,2226,370,2025-10-26 17:12:00,0,0.1236,0,Low,Random Forest
44338,2675,370,2025-10-26 17:19:00,0,0.2232,0,Low,Random Forest
44339,255,32,2025-10-26 17:21:00,0,0.232,0,Low,Random Forest
44340,440,281,2025-10-26 17:22:00,0,0.15,0,Low,Random Forest
44341,864,376,2025-10-26 17:25:00,0,0.1382,0,Low,Random Forest
44342,1889,241,2025-10-26 17:31:00,0,0.1281,0,Low,Random Forest
44344,2362,370,2025-10-26 17:35:00,0,0.1351,0,Low,Random Forest
44343,2161,376,2025-10-26 17:35:00,0,0.143,0,Low,Random Forest
44345,1636,252,2025-10-26 17:38:00,0,0.1401,0,Low,Random Forest
44346,983,323,2025-10-26 17:44:00,0,0.1461,0,Low,Random Forest
44347,1965,289,2025-10-26 17:46:00,0,0.1813,0,Low,Random Forest
44348,163,335,2025-10-26 17:49:00,0,0.2968,0,Low,Random Forest
44349,1427,370,2025-10-26 17:50:00,0,0.137,0,Low,Random Forest
44350,2389,258,2025-10-26 17:51:00,0,0.1503,0,Low,Random Forest
44351,1922,275,2025-10-26 17:51:00,0,0.1541,0,Low,Random Forest
44352,2577,201,2025-10-26 17:58:00,0,0.1481,0,Low,Random Forest
44353,1254,376,2025-10-26 18:02:00,0,0.2463,0,Low,Random Forest
44354,255,301,2025-10-26 18:14:00,0,0.2834,0,Low,Random Forest
44355,1664,437,2025-10-26 18:15:00,0,0.2292,0,Low,Random Forest
44356,2255,102,2025-10-26 18:26:00,0,0.277,0,Low,Random Forest
44357,241,370,2025-10-26 18:34:00,0,0.2333,0,Low,Random Forest
44358,796,318,2025-10-26 18:49:00,1,0.3735,1,Medium,Random Forest
44359,2070,260,2025-10-26 19:06:00,0,0.173,0,Low,Random Forest
44360,2787,162,2025-10-26 19:18:00,1,0.2904,0,Low,Random Forest
44361,1986,370,2025-10-26 19:26:00,0,0.2747,0,Low,Random Forest
44362,2724,88,2025-10-26 19:34:00,0,0.2593,0,Low,Random Forest
44363,1386,441,2025-10-26 19:35:00,1,0.2766,0,Low,Random Forest
44364,2222,244,2025-10-26 19:38:00,0,0.2601,0,Low,Random Forest
44365,1658,313,2025-10-26 19:52:00,0,0.2627,0,Low,Random Forest
44366,1101,307,2025-10-26 19:53:00,0,0.3004,1,Medium,Random Forest
44368,2913,262,2025-10-26 19:54:00,1,0.2808,0,Low,Random Forest
44367,864,219,2025-10-26 19:54:00,0,0.3939,1,Medium,Random Forest
44369,1875,181,2025-10-26 19:54:00,0,0.2354,0,Low,Random Forest
44370,1681,198,2025-10-26 20:10:00,0,0.2284,0,Low,Random Forest
44371,2019,371,2025-10-26 20:12:00,1,0.3111,1,Medium,Random Forest
44372,113,296,2025-10-26 20:19:00,0,0.2807,0,Low,Random Forest
44373,1101,370,2025-10-26 20:20:00,0,0.3044,1,Medium,Random Forest
44374,1331,437,2025-10-26 20:29:00,0,0.1878,0,Low,Random Forest
44375,2701,427,2025-10-26 20:42:00,0,0.2859,0,Low,Random Forest
44376,83,181,2025-10-26 20:44:00,1,0.2793,0,Low,Random Forest
44377,115,328,2025-10-26 20:48:00,1,0.2497,0,Low,Random Forest
44378,1856,347,2025-10-26 20:55:00,0,0.2878,0,Low,Random Forest
44379,313,296,2025-10-26 20:58:00,0,0.246,0,Low,Random Forest
44380,2600,433,2025-10-26 21:04:00,0,0.1873,0,Low,Random Forest
44381,2403,50,2025-10-26 21:26:00,0,0.1578,0,Low,Random Forest
44382,275,370,2025-10-26 21:28:00,0,0.1514,0,Low,Random Forest
44383,821,370,2025-10-26 22:00:00,0,0.1294,0,Low,Random Forest
44384,1812,327,2025-10-26 22:29:00,0,0.1468,0,Low,Random Forest
44385,948,376,2025-10-26 22:34:00,0,0.1243,0,Low,Random Forest
44386,1005,241,2025-10-26 22:45:00,0,0.139,0,Low,Random Forest
44387,539,107,2025-10-26 22:46:00,0,0.3223,1,Medium,Random Forest
44388,2638,275,2025-10-26 23:25:00,0,0.1935,0,Low,Random Forest
44389,2708,64,2025-10-26 23:45:00,0,0.2119,0,Low,Random Forest
44390,255,158,2025-10-26 23:49:00,0,0.1756,0,Low,Random Forest
44391,2979,370,2025-10-26 23:59:00,1,0.1935,0,Low,Random Forest
44392,501,437,2025-10-27 00:18:00,0,0.2894,0,Low,Random Forest
44393,2842,305,2025-10-27 00:28:00,0,0.2265,0,Low,Random Forest
44395,255,103,2025-10-27 00:32:00,0,0.228,0,Low,Random Forest
44394,1356,70,2025-10-27 00:32:00,1,0.26,0,Low,Random Forest
44396,2285,376,2025-10-27 01:15:00,0,0.2075,0,Low,Random Forest
44397,1229,55,2025-10-27 01:54:00,1,0.2242,0,Low,Random Forest
44398,1101,275,2025-10-27 03:59:00,0,0.2039,0,Low,Random Forest
44399,1780,406,2025-10-27 04:13:00,0,0.1699,0,Low,Random Forest
44400,2255,328,2025-10-27 04:31:00,0,0.1633,0,Low,Random Forest
44401,2499,400,2025-10-27 05:16:00,0,0.1313,0,Low,Random Forest
44402,2949,335,2025-10-27 05:32:00,1,0.3303,1,Medium,Random Forest
44403,1536,55,2025-10-27 05:45:00,0,0.1301,0,Low,Random Forest
44404,2084,250,2025-10-27 05:47:00,0,0.1477,0,Low,Random Forest
44405,2088,390,2025-10-27 05:50:00,0,0.1576,0,Low,Random Forest
44406,492,406,2025-10-27 06:01:00,0,0.1428,0,Low,Random Forest
44407,2905,337,2025-10-27 06:21:00,1,0.1533,0,Low,Random Forest
44408,113,296,2025-10-27 06:45:00,1,0.7707,1,High,Random Forest
44409,148,64,2025-10-27 06:59:00,1,0.1925,0,Low,Random Forest
44410,1458,262,2025-10-27 07:14:00,0,0.1465,0,Low,Random Forest
44411,2522,260,2025-10-27 07:16:00,1,0.1381,0,Low,Random Forest
44412,2819,97,2025-10-27 07:20:00,0,0.1253,0,Low,Random Forest
44413,2104,60,2025-10-27 07:27:00,1,0.1652,0,Low,Random Forest
44414,255,376,2025-10-27 07:32:00,0,0.1223,0,Low,Random Forest
44415,1098,355,2025-10-27 07:45:00,0,0.1557,0,Low,Random Forest
44416,1101,390,2025-10-27 07:48:00,0,0.1611,0,Low,Random Forest
44417,1861,45,2025-10-27 07:50:00,0,0.199,0,Low,Random Forest
44418,1101,404,2025-10-27 07:53:00,0,0.1241,0,Low,Random Forest
44419,2946,251,2025-10-27 07:57:00,0,0.1285,0,Low,Random Forest
44420,2454,158,2025-10-27 08:00:00,0,0.2062,0,Low,Random Forest
44422,927,318,2025-10-27 08:03:00,0,0.3398,1,Medium,Random Forest
44421,1636,45,2025-10-27 08:03:00,0,0.2701,0,Low,Random Forest
44423,1812,185,2025-10-27 08:05:00,1,0.3575,1,Medium,Random Forest
44424,1820,158,2025-10-27 08:20:00,0,0.2874,0,Low,Random Forest
44425,1164,370,2025-10-27 08:23:00,0,0.1571,0,Low,Random Forest
44426,460,370,2025-10-27 08:25:00,0,0.2027,0,Low,Random Forest
44427,2107,252,2025-10-27 08:44:00,0,0.2474,0,Low,Random Forest
44428,2291,183,2025-10-27 08:50:00,0,0.1672,0,Low,Random Forest
44429,113,241,2025-10-27 08:54:00,0,0.2353,0,Low,Random Forest
44430,1691,376,2025-10-27 08:56:00,0,0.1557,0,Low,Random Forest
44431,1101,370,2025-10-27 08:59:00,0,0.164,0,Low,Random Forest
44432,1515,252,2025-10-27 09:01:00,0,0.1781,0,Low,Random Forest
44433,827,183,2025-10-27 09:07:00,1,0.7803,1,High,Random Forest
44434,2008,363,2025-10-27 09:26:00,0,0.1905,0,Low,Random Forest
44435,2264,316,2025-10-27 09:26:00,0,0.2081,0,Low,Random Forest
44436,2499,428,2025-10-27 09:28:00,0,0.2287,0,Low,Random Forest
44437,334,77,2025-10-27 09:34:00,0,0.1692,0,Low,Random Forest
44438,1455,3,2025-10-27 09:36:00,0,0.2697,0,Low,Random Forest
44439,219,216,2025-10-27 09:37:00,0,0.2047,0,Low,Random Forest
44440,1875,275,2025-10-27 09:42:00,1,0.2123,0,Low,Random Forest
44441,312,74,2025-10-27 09:43:00,1,0.2514,0,Low,Random Forest
44442,2420,26,2025-10-27 09:47:00,1,0.1711,0,Low,Random Forest
44443,963,159,2025-10-27 09:54:00,0,0.2544,0,Low,Random Forest
44444,2834,281,2025-10-27 09:58:00,0,0.2195,0,Low,Random Forest
44445,615,137,2025-10-27 10:14:00,0,0.2554,0,Low,Random Forest
44446,1028,77,2025-10-27 10:18:00,0,0.1213,0,Low,Random Forest
44447,2209,370,2025-10-27 10:29:00,0,0.144,0,Low,Random Forest
44448,2512,370,2025-10-27 10:31:00,0,0.1391,0,Low,Random Forest
44449,2360,370,2025-10-27 10:36:00,0,0.1136,0,Low,Random Forest
44450,274,316,2025-10-27 10:42:00,0,0.1225,0,Low,Random Forest
44451,255,81,2025-10-27 10:45:00,1,0.2613,0,Low,Random Forest
44452,2922,363,2025-10-27 10:49:00,0,0.1231,0,Low,Random Forest
44453,1089,320,2025-10-27 11:02:00,0,0.1315,0,Low,Random Forest
44454,223,440,2025-10-27 11:15:00,0,0.277,0,Low,Random Forest
44455,1101,370,2025-10-27 11:36:00,0,0.1283,0,Low,Random Forest
44456,113,370,2025-10-27 11:40:00,0,0.1064,0,Low,Random Forest
44458,2659,220,2025-10-27 11:42:00,0,0.2037,0,Low,Random Forest
44457,1660,337,2025-10-27 11:42:00,0,0.137,0,Low,Random Forest
44459,2677,79,2025-10-27 11:47:00,1,0.1254,0,Low,Random Forest
44460,1197,421,2025-10-27 12:18:00,0,0.1477,0,Low,Random Forest
44461,113,370,2025-10-27 12:25:00,0,0.132,0,Low,Random Forest
44462,131,202,2025-10-27 12:35:00,1,0.1511,0,Low,Random Forest
44463,766,370,2025-10-27 12:38:00,0,0.1383,0,Low,Random Forest
44464,372,88,2025-10-27 12:40:00,0,0.1616,0,Low,Random Forest
44465,2019,376,2025-10-27 12:40:00,0,0.1347,0,Low,Random Forest
44466,2285,433,2025-10-27 12:46:00,0,0.1344,0,Low,Random Forest
44467,483,77,2025-10-27 12:48:00,0,0.1072,0,Low,Random Forest
44468,1433,273,2025-10-27 13:01:00,0,0.1305,0,Low,Random Forest
44469,244,280,2025-10-27 13:06:00,1,0.163,0,Low,Random Forest
44470,1889,335,2025-10-27 13:08:00,1,0.2921,0,Low,Random Forest
44471,1101,363,2025-10-27 13:10:00,0,0.1164,0,Low,Random Forest
44472,1637,318,2025-10-27 13:31:00,1,0.2789,0,Low,Random Forest
44473,1899,318,2025-10-27 13:35:00,1,0.2835,0,Low,Random Forest
44474,1583,180,2025-10-27 13:49:00,0,0.3019,1,Medium,Random Forest
44475,1159,370,2025-10-27 13:49:00,0,0.1406,0,Low,Random Forest
44476,2691,363,2025-10-27 14:18:00,0,0.1773,0,Low,Random Forest
44477,1858,370,2025-10-27 14:23:00,0,0.125,0,Low,Random Forest
44478,968,252,2025-10-27 14:30:00,1,0.1244,0,Low,Random Forest
44479,597,74,2025-10-27 14:34:00,0,0.2059,0,Low,Random Forest
44480,991,383,2025-10-27 14:57:00,1,0.1513,0,Low,Random Forest
44481,912,64,2025-10-27 15:16:00,0,0.1286,0,Low,Random Forest
44482,990,424,2025-10-27 15:19:00,0,0.2819,0,Low,Random Forest
44484,1101,275,2025-10-27 15:23:00,0,0.1207,0,Low,Random Forest
44483,651,293,2025-10-27 15:23:00,0,0.161,0,Low,Random Forest
44485,1095,435,2025-10-27 15:31:00,0,0.1341,0,Low,Random Forest
44486,1101,296,2025-10-27 15:33:00,0,0.1119,0,Low,Random Forest
44487,1101,281,2025-10-27 15:39:00,0,0.1532,0,Low,Random Forest
44488,312,370,2025-10-27 15:46:00,0,0.1312,0,Low,Random Forest
44489,2428,275,2025-10-27 15:49:00,0,0.1066,0,Low,Random Forest
44490,1389,77,2025-10-27 15:51:00,0,0.1151,0,Low,Random Forest
44491,483,289,2025-10-27 16:09:00,0,0.1508,0,Low,Random Forest
44492,821,306,2025-10-27 16:12:00,0,0.122,0,Low,Random Forest
44493,504,252,2025-10-27 16:22:00,0,0.1515,0,Low,Random Forest
44494,2691,376,2025-10-27 16:23:00,0,0.1153,0,Low,Random Forest
44495,2251,265,2025-10-27 16:25:00,0,0.1225,0,Low,Random Forest
44496,73,271,2025-10-27 16:27:00,0,0.1313,0,Low,Random Forest
44497,2457,252,2025-10-27 16:31:00,0,0.1206,0,Low,Random Forest
44498,2834,351,2025-10-27 16:39:00,0,0.1342,0,Low,Random Forest
44499,2886,370,2025-10-27 16:42:00,0,0.1155,0,Low,Random Forest
44501,652,363,2025-10-27 16:47:00,0,0.1286,0,Low,Random Forest
44500,2685,23,2025-10-27 16:47:00,0,0.1775,0,Low,Random Forest
44502,2924,106,2025-10-27 17:04:00,1,0.1478,0,Low,Random Forest
44503,651,296,2025-10-27 17:09:00,0,0.1338,0,Low,Random Forest
44504,1812,73,2025-10-27 17:18:00,1,0.1574,0,Low,Random Forest
44505,80,318,2025-10-27 17:22:00,0,0.269,0,Low,Random Forest
44507,1107,370,2025-10-27 17:23:00,0,0.1345,0,Low,Random Forest
44506,56,252,2025-10-27 17:23:00,1,0.1342,0,Low,Random Forest
44508,1848,335,2025-10-27 17:33:00,0,0.2982,0,Low,Random Forest
44509,2733,370,2025-10-27 17:33:00,0,0.1325,0,Low,Random Forest
44510,2641,337,2025-10-27 17:35:00,0,0.1776,0,Low,Random Forest
44511,175,296,2025-10-27 17:40:00,0,0.1157,0,Low,Random Forest
44512,1767,335,2025-10-27 17:42:00,1,0.3007,1,Medium,Random Forest
44513,163,418,2025-10-27 17:47:00,0,0.1361,0,Low,Random Forest
44514,1204,337,2025-10-27 17:50:00,0,0.1358,0,Low,Random Forest
44515,163,312,2025-10-27 17:53:00,0,0.1166,0,Low,Random Forest
44516,255,363,2025-10-27 17:56:00,0,0.1244,0,Low,Random Forest
44517,2256,323,2025-10-27 18:00:00,1,0.2504,0,Low,Random Forest
44518,2457,363,2025-10-27 18:02:00,0,0.1675,0,Low,Random Forest
44519,2242,45,2025-10-27 18:04:00,0,0.1951,0,Low,Random Forest
44520,2165,318,2025-10-27 18:10:00,0,0.3322,1,Medium,Random Forest
44521,2769,370,2025-10-27 18:11:00,0,0.2638,0,Low,Random Forest
44522,560,318,2025-10-27 18:16:00,0,0.3474,1,Medium,Random Forest
44523,1875,370,2025-10-27 18:18:00,0,0.1535,0,Low,Random Forest
44524,1101,95,2025-10-27 18:22:00,0,0.165,0,Low,Random Forest
44526,1367,446,2025-10-27 18:23:00,1,0.3313,1,Medium,Random Forest
44525,255,370,2025-10-27 18:23:00,0,0.2287,0,Low,Random Forest
44527,1400,216,2025-10-27 18:41:00,0,0.2102,0,Low,Random Forest
44528,256,199,2025-10-27 18:43:00,1,0.3534,1,Medium,Random Forest
44530,672,323,2025-10-27 18:54:00,0,0.2336,0,Low,Random Forest
44531,255,116,2025-10-27 18:54:00,1,0.2653,0,Low,Random Forest
44529,2649,50,2025-10-27 18:54:00,0,0.2465,0,Low,Random Forest
44532,1875,275,2025-10-27 19:02:00,1,0.7768,1,High,Random Forest
44533,518,138,2025-10-27 19:06:00,1,0.2863,0,Low,Random Forest
44534,1552,45,2025-10-27 19:13:00,1,0.21,0,Low,Random Forest
44535,1303,335,2025-10-27 19:33:00,1,0.3808,1,Medium,Random Forest
44536,706,50,2025-10-27 19:34:00,0,0.2515,0,Low,Random Forest
44537,2180,370,2025-10-27 19:41:00,1,0.2265,0,Low,Random Forest
44538,634,275,2025-10-27 19:42:00,0,0.1651,0,Low,Random Forest
44539,1101,5,2025-10-27 19:43:00,0,0.1872,0,Low,Random Forest
44540,1160,371,2025-10-27 20:08:00,0,0.2196,0,Low,Random Forest
44541,475,335,2025-10-27 20:14:00,0,0.3276,1,Medium,Random Forest
44542,2769,241,2025-10-27 20:35:00,0,0.2501,0,Low,Random Forest
44543,625,236,2025-10-27 20:49:00,0,0.246,0,Low,Random Forest
44544,113,55,2025-10-27 20:59:00,0,0.2358,0,Low,Random Forest
44545,724,77,2025-10-27 21:06:00,0,0.1147,0,Low,Random Forest
44546,1087,336,2025-10-27 21:21:00,0,0.1262,0,Low,Random Forest
44547,1500,241,2025-10-27 21:29:00,0,0.1325,0,Low,Random Forest
44548,1974,370,2025-10-27 21:31:00,0,0.1066,0,Low,Random Forest
44549,2601,62,2025-10-27 21:33:00,0,0.1636,0,Low,Random Forest
44550,1965,160,2025-10-27 21:51:00,0,0.1566,0,Low,Random Forest
44551,255,435,2025-10-27 21:52:00,0,0.145,0,Low,Random Forest
44552,1101,154,2025-10-27 22:25:00,0,0.1205,0,Low,Random Forest
44553,970,124,2025-10-27 23:06:00,0,0.1791,0,Low,Random Forest
44554,1616,180,2025-10-28 00:09:00,1,0.3341,1,Medium,Random Forest
44555,625,181,2025-10-28 00:20:00,0,0.2013,0,Low,Random Forest
44556,1038,241,2025-10-28 00:56:00,0,0.2122,0,Low,Random Forest
44557,1101,404,2025-10-28 02:10:00,0,0.2133,0,Low,Random Forest
44558,1793,387,2025-10-28 02:29:00,1,0.2223,0,Low,Random Forest
44559,1225,363,2025-10-28 05:00:00,0,0.1237,0,Low,Random Forest
44560,2255,376,2025-10-28 05:17:00,0,0.1215,0,Low,Random Forest
44561,258,349,2025-10-28 05:36:00,1,0.8063,1,High,Random Forest
44562,1848,296,2025-10-28 06:43:00,0,0.1229,0,Low,Random Forest
44563,2466,370,2025-10-28 07:08:00,1,0.1204,0,Low,Random Forest
44564,1848,370,2025-10-28 07:10:00,0,0.1352,0,Low,Random Forest
44565,113,116,2025-10-28 07:16:00,0,0.1443,0,Low,Random Forest
44566,651,236,2025-10-28 07:25:00,0,0.1553,0,Low,Random Forest
44567,2325,32,2025-10-28 07:30:00,0,0.2097,0,Low,Random Forest
44568,163,406,2025-10-28 08:01:00,0,0.1692,0,Low,Random Forest
44569,1848,335,2025-10-28 08:05:00,0,0.367,1,Medium,Random Forest
44570,1101,259,2025-10-28 08:12:00,1,0.1912,0,Low,Random Forest
44571,193,411,2025-10-28 08:16:00,0,0.3352,1,Medium,Random Forest
44572,439,412,2025-10-28 08:24:00,1,0.2783,0,Low,Random Forest
44574,2205,181,2025-10-28 08:26:00,0,0.1707,0,Low,Random Forest
44573,2881,285,2025-10-28 08:26:00,1,0.3968,1,Medium,Random Forest
44575,2819,370,2025-10-28 08:28:00,1,0.7981,1,High,Random Forest
44576,1012,252,2025-10-28 08:34:00,1,0.2417,0,Low,Random Forest
44577,349,342,2025-10-28 08:40:00,0,0.2665,0,Low,Random Forest
44578,255,106,2025-10-28 08:49:00,1,0.1827,0,Low,Random Forest
44580,154,181,2025-10-28 08:51:00,0,0.1826,0,Low,Random Forest
44579,880,363,2025-10-28 08:51:00,1,0.233,0,Low,Random Forest
44581,1247,73,2025-10-28 08:56:00,1,0.2377,0,Low,Random Forest
44582,165,149,2025-10-28 09:01:00,0,0.1743,0,Low,Random Forest
44583,2936,241,2025-10-28 09:09:00,0,0.1688,0,Low,Random Forest
44585,1002,323,2025-10-28 09:12:00,0,0.144,0,Low,Random Forest
44584,434,252,2025-10-28 09:12:00,0,0.2031,0,Low,Random Forest
44586,258,414,2025-10-28 09:18:00,1,0.247,0,Low,Random Forest
44587,1101,339,2025-10-28 09:19:00,0,0.2241,0,Low,Random Forest
44588,1664,259,2025-10-28 09:31:00,0,0.2356,0,Low,Random Forest
44589,940,306,2025-10-28 09:48:00,1,0.2749,0,Low,Random Forest
44590,929,318,2025-10-28 09:54:00,1,0.4135,1,Medium,Random Forest
44591,2170,363,2025-10-28 09:55:00,1,0.2229,0,Low,Random Forest
44592,1233,109,2025-10-28 09:56:00,0,0.2865,0,Low,Random Forest
44593,20,370,2025-10-28 09:58:00,0,0.1524,0,Low,Random Forest
44594,1043,56,2025-10-28 10:17:00,0,0.1568,0,Low,Random Forest
44595,1101,318,2025-10-28 10:18:00,0,0.2729,0,Low,Random Forest
44596,2479,275,2025-10-28 10:32:00,0,0.1193,0,Low,Random Forest
44597,2179,335,2025-10-28 10:40:00,1,0.2481,0,Low,Random Forest
44598,2691,252,2025-10-28 10:41:00,0,0.1124,0,Low,Random Forest
44599,255,359,2025-10-28 10:42:00,0,0.1226,0,Low,Random Forest
44601,2639,140,2025-10-28 11:15:00,0,0.3481,1,Medium,Random Forest
44600,2409,77,2025-10-28 11:15:00,0,0.1315,0,Low,Random Forest
44602,160,376,2025-10-28 11:24:00,0,0.1389,0,Low,Random Forest
44603,124,318,2025-10-28 11:38:00,0,0.279,0,Low,Random Forest
44604,2150,387,2025-10-28 11:45:00,0,0.1428,0,Low,Random Forest
44605,219,309,2025-10-28 11:46:00,0,0.158,0,Low,Random Forest
44606,1150,154,2025-10-28 11:46:00,0,0.1361,0,Low,Random Forest
44607,1101,106,2025-10-28 12:09:00,0,0.1214,0,Low,Random Forest
44608,1812,323,2025-10-28 12:16:00,0,0.1216,0,Low,Random Forest
44609,975,45,2025-10-28 12:17:00,0,0.1633,0,Low,Random Forest
44610,1179,370,2025-10-28 12:38:00,0,0.1173,0,Low,Random Forest
44611,1875,289,2025-10-28 12:50:00,0,0.1821,0,Low,Random Forest
44612,397,370,2025-10-28 13:02:00,0,0.1136,0,Low,Random Forest
44613,1773,241,2025-10-28 13:11:00,0,0.1201,0,Low,Random Forest
44614,1250,363,2025-10-28 13:16:00,0,0.1441,0,Low,Random Forest
44615,2445,370,2025-10-28 13:28:00,0,0.1232,0,Low,Random Forest
44616,1993,262,2025-10-28 13:30:00,0,0.1559,0,Low,Random Forest
44617,2867,363,2025-10-28 13:50:00,1,0.7654,1,High,Random Forest
44618,2110,328,2025-10-28 13:54:00,0,0.1447,0,Low,Random Forest
44619,2519,433,2025-10-28 13:58:00,0,0.1472,0,Low,Random Forest
44620,1101,370,2025-10-28 14:09:00,0,0.1154,0,Low,Random Forest
44621,2524,11,2025-10-28 14:11:00,0,0.1276,0,Low,Random Forest
44622,1101,370,2025-10-28 14:13:00,1,0.1358,0,Low,Random Forest
44623,1457,222,2025-10-28 14:19:00,0,0.3125,1,Medium,Random Forest
44624,652,241,2025-10-28 14:22:00,0,0.1172,0,Low,Random Forest
44625,1864,370,2025-10-28 14:35:00,0,0.1348,0,Low,Random Forest
44626,225,370,2025-10-28 14:43:00,1,0.119,0,Low,Random Forest
44627,766,241,2025-10-28 14:53:00,1,0.1383,0,Low,Random Forest
44628,2998,296,2025-10-28 15:15:00,0,0.1293,0,Low,Random Forest
44629,2089,370,2025-10-28 15:25:00,0,0.1397,0,Low,Random Forest
44630,1101,371,2025-10-28 15:38:00,1,0.1184,0,Low,Random Forest
44631,1742,296,2025-10-28 15:43:00,0,0.131,0,Low,Random Forest
44632,1148,252,2025-10-28 15:44:00,0,0.1196,0,Low,Random Forest
44633,440,370,2025-10-28 15:55:00,0,0.1268,0,Low,Random Forest
44635,1930,180,2025-10-28 16:01:00,0,0.277,0,Low,Random Forest
44634,1330,307,2025-10-28 16:01:00,0,0.1939,0,Low,Random Forest
44636,2415,335,2025-10-28 16:02:00,1,0.2777,0,Low,Random Forest
44637,219,181,2025-10-28 16:07:00,0,0.1473,0,Low,Random Forest
44638,1812,55,2025-10-28 16:13:00,0,0.1232,0,Low,Random Forest
44639,815,252,2025-10-28 16:15:00,0,0.1237,0,Low,Random Forest
44640,1548,437,2025-10-28 16:21:00,1,0.1466,0,Low,Random Forest
44641,1101,370,2025-10-28 16:25:00,0,0.1175,0,Low,Random Forest
44642,1011,241,2025-10-28 16:26:00,0,0.1241,0,Low,Random Forest
44643,2751,370,2025-10-28 16:28:00,0,0.1452,0,Low,Random Forest
44644,254,241,2025-10-28 16:36:00,1,0.1111,0,Low,Random Forest
44645,1742,408,2025-10-28 16:38:00,0,0.1618,0,Low,Random Forest
44646,2010,181,2025-10-28 16:48:00,0,0.1551,0,Low,Random Forest
44647,1387,252,2025-10-28 16:51:00,1,0.1159,0,Low,Random Forest
44648,2287,350,2025-10-28 16:52:00,0,0.1268,0,Low,Random Forest
44649,1101,260,2025-10-28 17:02:00,0,0.1226,0,Low,Random Forest
44650,1101,318,2025-10-28 17:09:00,0,0.2951,0,Low,Random Forest
44651,1101,442,2025-10-28 17:15:00,0,0.1599,0,Low,Random Forest
44652,34,406,2025-10-28 17:18:00,0,0.1244,0,Low,Random Forest
44653,1050,203,2025-10-28 17:31:00,0,0.1553,0,Low,Random Forest
44654,2216,406,2025-10-28 17:31:00,0,0.1474,0,Low,Random Forest
44655,2886,376,2025-10-28 17:32:00,0,0.131,0,Low,Random Forest
44656,1986,106,2025-10-28 17:34:00,0,0.1444,0,Low,Random Forest
44657,2079,370,2025-10-28 17:39:00,0,0.145,0,Low,Random Forest
44658,2096,433,2025-10-28 17:43:00,1,0.1502,0,Low,Random Forest
44659,2746,406,2025-10-28 17:47:00,1,0.7489,1,High,Random Forest
44660,907,370,2025-10-28 17:50:00,1,0.1208,0,Low,Random Forest
44661,1723,370,2025-10-28 17:51:00,0,0.1127,0,Low,Random Forest
44662,1101,370,2025-10-28 17:59:00,0,0.1116,0,Low,Random Forest
44663,2921,106,2025-10-28 18:06:00,0,0.256,0,Low,Random Forest
44664,2881,318,2025-10-28 18:07:00,1,0.4085,1,Medium,Random Forest
44665,255,181,2025-10-28 18:16:00,0,0.1803,0,Low,Random Forest
44666,1089,370,2025-10-28 18:17:00,0,0.2388,0,Low,Random Forest
44667,199,370,2025-10-28 18:19:00,0,0.1401,0,Low,Random Forest
44668,981,55,2025-10-28 18:24:00,0,0.1845,0,Low,Random Forest
44669,2216,241,2025-10-28 18:25:00,0,0.1588,0,Low,Random Forest
44670,648,281,2025-10-28 18:27:00,0,0.2862,0,Low,Random Forest
44671,1996,155,2025-10-28 18:30:00,0,0.2382,0,Low,Random Forest
44672,2397,337,2025-10-28 18:32:00,0,0.2248,0,Low,Random Forest
44673,1636,426,2025-10-28 18:34:00,0,0.2796,0,Low,Random Forest
44674,883,205,2025-10-28 18:36:00,0,0.1959,0,Low,Random Forest
44675,2642,55,2025-10-28 18:53:00,0,0.1863,0,Low,Random Forest
44676,1101,370,2025-10-28 18:54:00,1,0.2845,0,Low,Random Forest
44677,152,241,2025-10-28 19:02:00,0,0.1649,0,Low,Random Forest
44678,1181,334,2025-10-28 19:03:00,1,0.1697,0,Low,Random Forest
44679,929,280,2025-10-28 19:06:00,0,0.2433,0,Low,Random Forest
44680,2172,106,2025-10-28 19:08:00,0,0.2406,0,Low,Random Forest
44681,2255,58,2025-10-28 19:15:00,0,0.229,0,Low,Random Forest
44682,583,64,2025-10-28 19:17:00,0,0.2523,0,Low,Random Forest
44683,2377,162,2025-10-28 19:18:00,0,0.2271,0,Low,Random Forest
44684,1101,63,2025-10-28 19:20:00,0,0.1611,0,Low,Random Forest
44685,503,370,2025-10-28 19:25:00,0,0.2261,0,Low,Random Forest
44686,2092,181,2025-10-28 19:27:00,0,0.2168,0,Low,Random Forest
44687,1481,300,2025-10-28 19:28:00,0,0.2205,0,Low,Random Forest
44689,255,446,2025-10-28 19:45:00,0,0.2427,0,Low,Random Forest
44688,1416,6,2025-10-28 19:45:00,1,0.1779,0,Low,Random Forest
44690,580,363,2025-10-28 19:50:00,0,0.2082,0,Low,Random Forest
44691,2688,106,2025-10-28 19:59:00,0,0.23,0,Low,Random Forest
44692,123,318,2025-10-28 20:07:00,0,0.3719,1,Medium,Random Forest
44693,2380,221,2025-10-28 20:24:00,0,0.1704,0,Low,Random Forest
44694,6,299,2025-10-28 20:25:00,1,0.2504,0,Low,Random Forest
44695,327,370,2025-10-28 20:47:00,1,0.265,0,Low,Random Forest
44696,2641,68,2025-10-28 20:52:00,0,0.1731,0,Low,Random Forest
44697,2635,318,2025-10-28 20:55:00,0,0.3945,1,Medium,Random Forest
44698,1101,370,2025-10-28 21:03:00,0,0.1145,0,Low,Random Forest
44699,789,181,2025-10-28 21:08:00,0,0.1428,0,Low,Random Forest
44700,1012,181,2025-10-28 21:12:00,0,0.1485,0,Low,Random Forest
44701,1350,180,2025-10-28 21:14:00,1,0.7455,1,High,Random Forest
44702,1586,358,2025-10-28 21:28:00,0,0.1315,0,Low,Random Forest
44703,312,42,2025-10-28 21:33:00,0,0.1322,0,Low,Random Forest
44704,1428,370,2025-10-28 21:49:00,0,0.1144,0,Low,Random Forest
44705,2180,361,2025-10-28 22:08:00,1,0.1226,0,Low,Random Forest
44706,1132,275,2025-10-28 22:21:00,0,0.1355,0,Low,Random Forest
44707,255,289,2025-10-29 00:54:00,1,0.2093,0,Low,Random Forest
44708,113,162,2025-10-29 02:59:00,0,0.2257,0,Low,Random Forest
44709,2788,370,2025-10-29 03:43:00,0,0.1933,0,Low,Random Forest
44710,219,275,2025-10-29 04:27:00,1,0.154,0,Low,Random Forest
44711,1674,337,2025-10-29 05:28:00,1,0.1432,0,Low,Random Forest
44712,2385,181,2025-10-29 05:32:00,0,0.1575,0,Low,Random Forest
44713,1540,77,2025-10-29 05:49:00,0,0.1273,0,Low,Random Forest
44714,160,296,2025-10-29 06:22:00,0,0.1293,0,Low,Random Forest
44715,2787,275,2025-10-29 06:24:00,0,0.1327,0,Low,Random Forest
44716,482,181,2025-10-29 06:40:00,0,0.1457,0,Low,Random Forest
44717,2725,408,2025-10-29 06:47:00,0,0.1885,0,Low,Random Forest
44718,1784,370,2025-10-29 06:47:00,0,0.1305,0,Low,Random Forest
44719,755,241,2025-10-29 06:58:00,0,0.1235,0,Low,Random Forest
44720,189,259,2025-10-29 07:08:00,0,0.1349,0,Low,Random Forest
44721,113,241,2025-10-29 07:09:00,1,0.1162,0,Low,Random Forest
44722,658,88,2025-10-29 07:13:00,0,0.134,0,Low,Random Forest
44723,1916,166,2025-10-29 07:15:00,0,0.1443,0,Low,Random Forest
44724,1563,180,2025-10-29 07:35:00,0,0.3131,1,Medium,Random Forest
44725,2882,11,2025-10-29 07:36:00,0,0.125,0,Low,Random Forest
44726,1553,269,2025-10-29 07:49:00,0,0.1393,0,Low,Random Forest
44727,2724,363,2025-10-29 08:14:00,0,0.2228,0,Low,Random Forest
44729,254,179,2025-10-29 08:16:00,0,0.2153,0,Low,Random Forest
44728,1101,123,2025-10-29 08:16:00,0,0.1817,0,Low,Random Forest
44730,2400,406,2025-10-29 08:17:00,1,0.1667,0,Low,Random Forest
44731,1028,414,2025-10-29 08:21:00,0,0.201,0,Low,Random Forest
44732,931,429,2025-10-29 08:31:00,0,0.2206,0,Low,Random Forest
44733,1884,236,2025-10-29 08:33:00,0,0.2305,0,Low,Random Forest
44734,2092,375,2025-10-29 08:45:00,0,0.3003,1,Medium,Random Forest
44735,2282,132,2025-10-29 08:52:00,0,0.1762,0,Low,Random Forest
44736,468,241,2025-10-29 08:56:00,1,0.2146,0,Low,Random Forest
44737,195,370,2025-10-29 09:01:00,0,0.1496,0,Low,Random Forest
44738,1101,181,2025-10-29 09:01:00,0,0.1965,0,Low,Random Forest
44739,864,64,2025-10-29 09:09:00,0,0.2348,0,Low,Random Forest
44740,1742,375,2025-10-29 09:10:00,0,0.2667,0,Low,Random Forest
44741,131,231,2025-10-29 09:17:00,1,0.2711,0,Low,Random Forest
44742,894,260,2025-10-29 09:18:00,0,0.1619,0,Low,Random Forest
44743,1612,370,2025-10-29 09:26:00,0,0.2107,0,Low,Random Forest
44744,1877,256,2025-10-29 09:33:00,0,0.1693,0,Low,Random Forest
44745,2600,323,2025-10-29 09:36:00,1,0.2563,0,Low,Random Forest
44746,1812,51,2025-10-29 09:48:00,0,0.1761,0,Low,Random Forest
44747,551,370,2025-10-29 10:04:00,1,0.134,0,Low,Random Forest
44748,254,338,2025-10-29 10:08:00,0,0.1356,0,Low,Random Forest
44749,2872,390,2025-10-29 10:22:00,0,0.1668,0,Low,Random Forest
44750,258,376,2025-10-29 10:25:00,0,0.1194,0,Low,Random Forest
44751,1286,69,2025-10-29 10:33:00,1,0.1286,0,Low,Random Forest
44752,2871,259,2025-10-29 10:33:00,1,0.1273,0,Low,Random Forest
44753,1319,429,2025-10-29 10:37:00,0,0.119,0,Low,Random Forest
44754,1544,370,2025-10-29 10:39:00,0,0.117,0,Low,Random Forest
44755,1011,152,2025-10-29 10:39:00,0,0.1316,0,Low,Random Forest
44756,2733,260,2025-10-29 11:37:00,0,0.1166,0,Low,Random Forest
44757,47,406,2025-10-29 11:40:00,0,0.1346,0,Low,Random Forest
44758,1101,241,2025-10-29 11:44:00,0,0.1309,0,Low,Random Forest
44759,1986,239,2025-10-29 11:49:00,0,0.1398,0,Low,Random Forest
44760,2373,195,2025-10-29 12:11:00,0,0.1519,0,Low,Random Forest
44761,2570,370,2025-10-29 12:22:00,0,0.1174,0,Low,Random Forest
44762,1006,376,2025-10-29 12:29:00,0,0.1248,0,Low,Random Forest
44763,1101,359,2025-10-29 12:30:00,0,0.1219,0,Low,Random Forest
44764,162,181,2025-10-29 12:40:00,0,0.1397,0,Low,Random Forest
44765,274,64,2025-10-29 12:47:00,0,0.1329,0,Low,Random Forest
44766,2867,326,2025-10-29 12:48:00,0,0.1446,0,Low,Random Forest
44767,2298,3,2025-10-29 12:53:00,1,0.8148,1,High,Random Forest
44768,1101,116,2025-10-29 13:03:00,0,0.1206,0,Low,Random Forest
44769,1089,370,2025-10-29 13:11:00,0,0.1283,0,Low,Random Forest
44770,244,258,2025-10-29 13:15:00,0,0.1244,0,Low,Random Forest
44771,533,376,2025-10-29 13:15:00,0,0.112,0,Low,Random Forest
44772,1812,181,2025-10-29 13:33:00,0,0.1456,0,Low,Random Forest
44773,962,86,2025-10-29 13:35:00,0,0.1278,0,Low,Random Forest
44775,1258,11,2025-10-29 13:41:00,0,0.1285,0,Low,Random Forest
44774,2180,275,2025-10-29 13:41:00,1,0.7824,1,High,Random Forest
44776,2996,55,2025-10-29 13:44:00,0,0.1229,0,Low,Random Forest
44777,2286,73,2025-10-29 14:04:00,0,0.1409,0,Low,Random Forest
44778,2582,180,2025-10-29 14:06:00,0,0.2889,0,Low,Random Forest
44779,2236,64,2025-10-29 14:27:00,0,0.1359,0,Low,Random Forest
44780,2962,370,2025-10-29 14:32:00,0,0.1289,0,Low,Random Forest
44781,1254,241,2025-10-29 14:39:00,1,0.7659,1,High,Random Forest
44782,1922,370,2025-10-29 14:52:00,1,0.1078,0,Low,Random Forest
44783,507,370,2025-10-29 14:56:00,0,0.123,0,Low,Random Forest
44784,2225,281,2025-10-29 15:04:00,0,0.1427,0,Low,Random Forest
44785,829,370,2025-10-29 15:07:00,0,0.1275,0,Low,Random Forest
44786,2658,318,2025-10-29 15:08:00,0,0.274,0,Low,Random Forest
44787,1065,64,2025-10-29 15:12:00,0,0.1277,0,Low,Random Forest
44788,113,114,2025-10-29 15:17:00,0,0.1299,0,Low,Random Forest
44789,1875,370,2025-10-29 15:35:00,0,0.1318,0,Low,Random Forest
44790,113,241,2025-10-29 15:51:00,0,0.1098,0,Low,Random Forest
44791,1336,430,2025-10-29 16:00:00,0,0.1462,0,Low,Random Forest
44792,163,363,2025-10-29 16:01:00,0,0.1154,0,Low,Random Forest
44793,535,376,2025-10-29 16:05:00,0,0.1253,0,Low,Random Forest
44794,2079,241,2025-10-29 16:06:00,0,0.135,0,Low,Random Forest
44795,1422,241,2025-10-29 16:06:00,0,0.1431,0,Low,Random Forest
44797,258,241,2025-10-29 16:06:00,0,0.1245,0,Low,Random Forest
44796,2414,102,2025-10-29 16:06:00,0,0.1154,0,Low,Random Forest
44798,1880,116,2025-10-29 16:12:00,0,0.1237,0,Low,Random Forest
44799,113,433,2025-10-29 16:16:00,0,0.1698,0,Low,Random Forest
44800,1101,45,2025-10-29 16:21:00,0,0.1327,0,Low,Random Forest
44801,1039,260,2025-10-29 16:31:00,1,0.1137,0,Low,Random Forest
44802,1356,11,2025-10-29 16:44:00,0,0.1201,0,Low,Random Forest
44803,8,296,2025-10-29 16:48:00,0,0.1372,0,Low,Random Forest
44804,113,241,2025-10-29 16:55:00,0,0.1748,0,Low,Random Forest
44805,1214,337,2025-10-29 17:02:00,1,0.1514,0,Low,Random Forest
44806,433,45,2025-10-29 17:09:00,1,0.1469,0,Low,Random Forest
44807,2568,47,2025-10-29 17:10:00,0,0.1274,0,Low,Random Forest
44808,1225,418,2025-10-29 17:21:00,1,0.1557,0,Low,Random Forest
44809,1101,406,2025-10-29 17:21:00,1,0.1212,0,Low,Random Forest
44810,2145,201,2025-10-29 17:21:00,0,0.1272,0,Low,Random Forest
44811,2872,51,2025-10-29 17:23:00,0,0.161,0,Low,Random Forest
44812,219,181,2025-10-29 17:25:00,1,0.1366,0,Low,Random Forest
44813,1451,370,2025-10-29 17:32:00,0,0.1281,0,Low,Random Forest
44814,2919,412,2025-10-29 17:45:00,0,0.152,0,Low,Random Forest
44815,2107,370,2025-10-29 17:46:00,0,0.1143,0,Low,Random Forest
44816,1878,74,2025-10-29 17:51:00,0,0.1338,0,Low,Random Forest
44817,1101,180,2025-10-29 17:53:00,0,0.2653,0,Low,Random Forest
44818,1421,433,2025-10-29 17:56:00,0,0.1477,0,Low,Random Forest
44819,1552,88,2025-10-29 17:57:00,0,0.138,0,Low,Random Forest
44820,1148,132,2025-10-29 17:57:00,0,0.1222,0,Low,Random Forest
44821,1849,86,2025-10-29 17:59:00,0,0.155,0,Low,Random Forest
44822,1101,152,2025-10-29 18:01:00,0,0.1998,0,Low,Random Forest
44823,2083,241,2025-10-29 18:02:00,0,0.2478,0,Low,Random Forest
44824,113,36,2025-10-29 18:07:00,0,0.2204,0,Low,Random Forest
44825,2699,45,2025-10-29 18:09:00,0,0.2493,0,Low,Random Forest
44826,2606,106,2025-10-29 18:11:00,0,0.19,0,Low,Random Forest
44827,2171,370,2025-10-29 18:26:00,0,0.1666,0,Low,Random Forest
44828,2054,370,2025-10-29 18:28:00,0,0.1569,0,Low,Random Forest
44829,823,252,2025-10-29 18:29:00,0,0.2213,0,Low,Random Forest
44830,2171,241,2025-10-29 18:35:00,1,0.1765,0,Low,Random Forest
44831,2194,370,2025-10-29 18:36:00,0,0.1443,0,Low,Random Forest
44832,2675,370,2025-10-29 18:39:00,0,0.1535,0,Low,Random Forest
44833,1507,260,2025-10-29 18:42:00,1,0.2065,0,Low,Random Forest
44834,1742,88,2025-10-29 18:51:00,0,0.1688,0,Low,Random Forest
44835,385,15,2025-10-29 18:55:00,0,0.158,0,Low,Random Forest
44836,1101,435,2025-10-29 18:57:00,0,0.2124,0,Low,Random Forest
44837,2255,363,2025-10-29 19:00:00,0,0.1745,0,Low,Random Forest
44838,1930,406,2025-10-29 19:11:00,0,0.1794,0,Low,Random Forest
44839,1225,226,2025-10-29 19:11:00,0,0.1835,0,Low,Random Forest
44840,312,363,2025-10-29 19:16:00,0,0.2472,0,Low,Random Forest
44841,1438,180,2025-10-29 19:23:00,0,0.3573,1,Medium,Random Forest
44842,2534,318,2025-10-29 19:32:00,0,0.404,1,Medium,Random Forest
44843,1557,433,2025-10-29 19:34:00,0,0.242,0,Low,Random Forest
44844,2459,106,2025-10-29 19:37:00,0,0.2495,0,Low,Random Forest
44845,1101,354,2025-10-29 19:38:00,0,0.2398,0,Low,Random Forest
44846,131,363,2025-10-29 19:41:00,1,0.1714,0,Low,Random Forest
44847,2256,100,2025-10-29 19:50:00,0,0.2305,0,Low,Random Forest
44848,2317,241,2025-10-29 20:04:00,0,0.2294,0,Low,Random Forest
44849,1986,435,2025-10-29 20:15:00,0,0.2236,0,Low,Random Forest
44850,113,370,2025-10-29 20:16:00,0,0.2138,0,Low,Random Forest
44851,113,435,2025-10-29 20:17:00,0,0.2797,0,Low,Random Forest
44852,1719,363,2025-10-29 20:23:00,1,0.1831,0,Low,Random Forest
44853,1879,262,2025-10-29 20:26:00,0,0.1771,0,Low,Random Forest
44854,1681,252,2025-10-29 20:29:00,0,0.2196,0,Low,Random Forest
44855,163,64,2025-10-29 20:37:00,0,0.1718,0,Low,Random Forest
44856,1101,241,2025-10-29 20:40:00,0,0.2456,0,Low,Random Forest
44857,175,318,2025-10-29 20:43:00,1,0.328,1,Medium,Random Forest
44858,255,371,2025-10-29 21:02:00,0,0.1452,0,Low,Random Forest
44859,255,429,2025-10-29 21:19:00,0,0.1221,0,Low,Random Forest
44860,528,318,2025-10-29 21:25:00,0,0.3351,1,Medium,Random Forest
44861,113,309,2025-10-29 21:32:00,0,0.1339,0,Low,Random Forest
44862,1413,88,2025-10-29 21:45:00,0,0.1512,0,Low,Random Forest
44863,2758,233,2025-10-29 21:51:00,0,0.1511,0,Low,Random Forest
44864,113,252,2025-10-29 21:54:00,0,0.152,0,Low,Random Forest
44865,1303,181,2025-10-29 21:58:00,0,0.1611,0,Low,Random Forest
44866,32,349,2025-10-29 22:00:00,0,0.1443,0,Low,Random Forest
44867,1830,231,2025-10-29 22:25:00,0,0.235,0,Low,Random Forest
44868,1175,50,2025-10-29 23:45:00,0,0.1931,0,Low,Random Forest
44869,2088,370,2025-10-30 01:06:00,0,0.1766,0,Low,Random Forest
44870,2424,51,2025-10-30 01:24:00,1,0.2056,0,Low,Random Forest
44871,255,180,2025-10-30 02:14:00,1,0.3228,1,Medium,Random Forest
44872,1150,181,2025-10-30 02:39:00,1,0.1747,0,Low,Random Forest
44873,1644,132,2025-10-30 03:18:00,1,0.1993,0,Low,Random Forest
44874,255,363,2025-10-30 04:32:00,0,0.164,0,Low,Random Forest
44875,2431,201,2025-10-30 05:05:00,0,0.2317,0,Low,Random Forest
44876,988,275,2025-10-30 05:18:00,0,0.1237,0,Low,Random Forest
44877,2872,77,2025-10-30 05:52:00,1,0.1232,0,Low,Random Forest
44878,2120,376,2025-10-30 06:13:00,0,0.1288,0,Low,Random Forest
44879,2928,151,2025-10-30 06:20:00,0,0.1334,0,Low,Random Forest
44880,162,77,2025-10-30 06:44:00,0,0.119,0,Low,Random Forest
44881,2005,170,2025-10-30 06:48:00,0,0.2415,0,Low,Random Forest
44882,1939,414,2025-10-30 06:50:00,0,0.1426,0,Low,Random Forest
44883,1101,252,2025-10-30 06:59:00,0,0.1286,0,Low,Random Forest
44884,2950,336,2025-10-30 07:01:00,0,0.1337,0,Low,Random Forest
44885,1235,283,2025-10-30 07:04:00,0,0.1334,0,Low,Random Forest
44886,293,312,2025-10-30 07:07:00,0,0.1499,0,Low,Random Forest
44887,588,318,2025-10-30 07:18:00,0,0.2323,0,Low,Random Forest
44888,2172,296,2025-10-30 07:20:00,0,0.1479,0,Low,Random Forest
44889,821,335,2025-10-30 07:21:00,1,0.2569,0,Low,Random Forest
44890,1018,252,2025-10-30 07:21:00,0,0.1244,0,Low,Random Forest
44891,1847,241,2025-10-30 07:34:00,0,0.1363,0,Low,Random Forest
44892,2384,306,2025-10-30 07:37:00,1,0.8079,1,High,Random Forest
44893,432,34,2025-10-30 07:41:00,1,0.7958,1,High,Random Forest
44894,372,183,2025-10-30 07:43:00,0,0.1315,0,Low,Random Forest
44895,172,180,2025-10-30 07:51:00,0,0.3135,1,Medium,Random Forest
44896,1195,363,2025-10-30 07:54:00,0,0.1195,0,Low,Random Forest
44897,961,363,2025-10-30 07:59:00,0,0.12,0,Low,Random Forest
44898,1101,183,2025-10-30 08:00:00,1,0.2465,0,Low,Random Forest
44899,1934,241,2025-10-30 08:12:00,1,0.2451,0,Low,Random Forest
44900,884,370,2025-10-30 08:13:00,0,0.2351,0,Low,Random Forest
44901,1101,370,2025-10-30 08:24:00,0,0.1981,0,Low,Random Forest
44902,1101,406,2025-10-30 08:38:00,0,0.1829,0,Low,Random Forest
44903,255,359,2025-10-30 08:41:00,0,0.2122,0,Low,Random Forest
44904,29,3,2025-10-30 08:49:00,1,0.1674,0,Low,Random Forest
44906,2570,176,2025-10-30 08:52:00,0,0.2087,0,Low,Random Forest
44905,160,252,2025-10-30 08:52:00,0,0.1418,0,Low,Random Forest
44907,983,337,2025-10-30 08:55:00,0,0.2495,0,Low,Random Forest
44908,895,3,2025-10-30 09:06:00,1,0.2053,0,Low,Random Forest
44909,1475,260,2025-10-30 09:14:00,0,0.213,0,Low,Random Forest
44910,2596,370,2025-10-30 09:23:00,0,0.2545,0,Low,Random Forest
44911,1011,376,2025-10-30 09:26:00,0,0.2274,0,Low,Random Forest
44912,160,252,2025-10-30 09:36:00,0,0.2091,0,Low,Random Forest
44913,1233,2,2025-10-30 09:38:00,1,0.232,0,Low,Random Forest
44914,1528,21,2025-10-30 09:47:00,0,0.1602,0,Low,Random Forest
44915,2253,252,2025-10-30 10:02:00,0,0.1202,0,Low,Random Forest
44916,534,300,2025-10-30 10:04:00,0,0.1422,0,Low,Random Forest
44917,1636,212,2025-10-30 10:16:00,0,0.1567,0,Low,Random Forest
44918,49,370,2025-10-30 10:35:00,0,0.1439,0,Low,Random Forest
44919,1812,406,2025-10-30 10:41:00,0,0.1448,0,Low,Random Forest
44920,1101,328,2025-10-30 11:07:00,0,0.131,0,Low,Random Forest
44921,2774,21,2025-10-30 11:19:00,0,0.1237,0,Low,Random Forest
44922,1732,251,2025-10-30 11:34:00,0,0.1227,0,Low,Random Forest
44923,1101,4,2025-10-30 11:38:00,0,0.347,1,Medium,Random Forest
44924,2694,193,2025-10-30 11:40:00,1,0.1272,0,Low,Random Forest
44925,1160,370,2025-10-30 12:19:00,0,0.1396,0,Low,Random Forest
44926,82,370,2025-10-30 12:21:00,0,0.1145,0,Low,Random Forest
44927,884,256,2025-10-30 12:24:00,0,0.1279,0,Low,Random Forest
44928,1742,370,2025-10-30 13:04:00,0,0.1133,0,Low,Random Forest
44929,2317,241,2025-10-30 13:14:00,0,0.1136,0,Low,Random Forest
44930,2499,296,2025-10-30 13:23:00,0,0.127,0,Low,Random Forest
44931,730,31,2025-10-30 13:46:00,0,0.1754,0,Low,Random Forest
44932,1415,370,2025-10-30 13:47:00,0,0.1304,0,Low,Random Forest
44933,195,328,2025-10-30 14:02:00,0,0.1392,0,Low,Random Forest
44934,1812,399,2025-10-30 14:03:00,0,0.1555,0,Low,Random Forest
44935,2173,277,2025-10-30 14:10:00,0,0.1528,0,Low,Random Forest
44936,716,370,2025-10-30 14:25:00,0,0.1227,0,Low,Random Forest
44937,1156,370,2025-10-30 14:44:00,0,0.1227,0,Low,Random Forest
44938,2023,241,2025-10-30 14:52:00,0,0.1273,0,Low,Random Forest
44939,2974,181,2025-10-30 15:14:00,0,0.1324,0,Low,Random Forest
44940,2200,77,2025-10-30 15:51:00,0,0.1329,0,Low,Random Forest
44941,296,65,2025-10-30 15:54:00,0,0.135,0,Low,Random Forest
44942,1331,376,2025-10-30 16:04:00,0,0.1251,0,Low,Random Forest
44943,1101,363,2025-10-30 16:07:00,0,0.1302,0,Low,Random Forest
44944,1864,225,2025-10-30 16:12:00,1,0.1428,0,Low,Random Forest
44945,1455,435,2025-10-30 16:13:00,0,0.1236,0,Low,Random Forest
44946,174,336,2025-10-30 16:14:00,0,0.1199,0,Low,Random Forest
44947,2311,241,2025-10-30 16:25:00,0,0.1132,0,Low,Random Forest
44948,2346,433,2025-10-30 16:29:00,0,0.1634,0,Low,Random Forest
44949,440,2,2025-10-30 16:41:00,0,0.1451,0,Low,Random Forest
44950,1417,103,2025-10-30 16:43:00,0,0.1446,0,Low,Random Forest
44951,1636,390,2025-10-30 16:51:00,0,0.1509,0,Low,Random Forest
44952,1229,259,2025-10-30 16:56:00,0,0.1294,0,Low,Random Forest
44953,186,337,2025-10-30 17:01:00,1,0.126,0,Low,Random Forest
44955,1812,363,2025-10-30 17:02:00,0,0.1182,0,Low,Random Forest
44954,908,354,2025-10-30 17:02:00,0,0.1449,0,Low,Random Forest
44956,2226,154,2025-10-30 17:12:00,0,0.1355,0,Low,Random Forest
44957,983,252,2025-10-30 17:13:00,0,0.1325,0,Low,Random Forest
44958,375,77,2025-10-30 17:19:00,0,0.1529,0,Low,Random Forest
44959,1039,363,2025-10-30 17:20:00,0,0.1093,0,Low,Random Forest
44960,210,241,2025-10-30 17:25:00,0,0.1198,0,Low,Random Forest
44961,2791,334,2025-10-30 17:34:00,0,0.1274,0,Low,Random Forest
44962,821,337,2025-10-30 17:41:00,0,0.1425,0,Low,Random Forest
44963,2499,106,2025-10-30 17:42:00,0,0.1283,0,Low,Random Forest
44964,493,370,2025-10-30 17:43:00,1,0.76,1,High,Random Forest
44965,2551,252,2025-10-30 17:44:00,1,0.1173,0,Low,Random Forest
44966,1844,370,2025-10-30 18:04:00,0,0.1674,0,Low,Random Forest
44967,1101,252,2025-10-30 18:07:00,1,0.2174,0,Low,Random Forest
44968,1812,256,2025-10-30 18:14:00,0,0.2152,0,Low,Random Forest
44969,924,406,2025-10-30 18:17:00,0,0.2593,0,Low,Random Forest
44970,2163,305,2025-10-30 18:21:00,0,0.2921,0,Low,Random Forest
44971,1636,86,2025-10-30 18:22:00,0,0.2228,0,Low,Random Forest
44972,1175,335,2025-10-30 18:23:00,0,0.4182,1,Medium,Random Forest
44973,163,433,2025-10-30 18:26:00,0,0.1623,0,Low,Random Forest
44974,2189,363,2025-10-30 18:29:00,1,0.2198,0,Low,Random Forest
44975,2782,77,2025-10-30 18:30:00,0,0.2062,0,Low,Random Forest
44977,1812,370,2025-10-30 18:41:00,1,0.2913,0,Low,Random Forest
44976,2255,181,2025-10-30 18:41:00,0,0.2029,0,Low,Random Forest
44978,2699,322,2025-10-30 18:44:00,0,0.2179,0,Low,Random Forest
44979,1739,370,2025-10-30 18:47:00,0,0.2559,0,Low,Random Forest
44980,214,241,2025-10-30 18:48:00,1,0.1847,0,Low,Random Forest
44981,113,363,2025-10-30 19:00:00,0,0.2049,0,Low,Random Forest
44982,1258,106,2025-10-30 19:02:00,0,0.1809,0,Low,Random Forest
44983,1101,181,2025-10-30 19:24:00,1,0.2709,0,Low,Random Forest
44984,1800,370,2025-10-30 19:27:00,1,0.2554,0,Low,Random Forest
44985,1356,123,2025-10-30 19:34:00,0,0.1989,0,Low,Random Forest
44986,174,370,2025-10-30 19:37:00,0,0.1776,0,Low,Random Forest
44987,821,13,2025-10-30 19:39:00,0,0.2608,0,Low,Random Forest
44988,2299,109,2025-10-30 20:38:00,0,0.1824,0,Low,Random Forest
44989,1707,370,2025-10-30 20:40:00,0,0.2521,0,Low,Random Forest
44990,1150,442,2025-10-30 20:48:00,0,0.1727,0,Low,Random Forest
44991,35,68,2025-10-30 21:04:00,0,0.1462,0,Low,Random Forest
44992,1112,370,2025-10-30 21:30:00,0,0.1226,0,Low,Random Forest
44993,2711,436,2025-10-30 21:34:00,0,0.1516,0,Low,Random Forest
44994,2499,389,2025-10-30 21:46:00,0,0.1216,0,Low,Random Forest
44995,2623,406,2025-10-30 22:02:00,0,0.1414,0,Low,Random Forest
44996,2918,412,2025-10-30 22:18:00,0,0.1551,0,Low,Random Forest
44997,1681,412,2025-10-30 22:32:00,1,0.1764,0,Low,Random Forest
44998,1416,208,2025-10-30 22:46:00,0,0.1185,0,Low,Random Forest
44999,211,158,2025-10-30 23:12:00,0,0.2145,0,Low,Random Forest
45000,1101,198,2025-10-30 23:29:00,0,0.1578,0,Low,Random Forest
