rider_id,first_name,last_name,email,phone,gender,age,city,signup_date,preferred_payment
1,Michelle,Barnes,rider1@example.com,9904227113,Male,54,Mumbai,2025-03-04,Wallet
2,Debra,Barr,rider2@example.com,9322889857,Female,25,Pune,2024-01-18,UPI
3,Gloria,Kelly,rider3@example.com,9254596063,Female,24,Mumbai,2024-07-03,Wallet
4,Francisco,Roberts,rider4@example.com,9399129710,Female,31,Pune,2024-05-30,Wallet
5,Charles,Moreno,rider5@example.com,9248171752,Male,20,Delhi,2025-05-07,Cash
6,Megan,Mayer,rider6@example.com,9421495511,Male,33,Bangalore,2025-03-29,Wallet
7,Kenneth,Palmer,rider7@example.com,9274747219,Male,36,Mumbai,2025-08-19,Card
8,Lucas,Miranda,rider8@example.com,9705466927,Female,35,Pune,2024-02-29,Card
9,Stephanie,White,rider9@example.com,9589551687,Female,33,Bangalore,2024-10-09,Cash
10,Charles,Davis,rider10@example.com,9409038021,Female,25,Mumbai,2024-01-21,Wallet
11,George,Goodwin,rider11@example.com,9462961367,Male,50,Hyderabad,2024-05-27,Wallet
12,Nicholas,Stephens,rider12@example.com,9157787112,Female,29,Pune,2024-12-04,Cash
13,Jessica,Brennan,rider13@example.com,9166365155,Female,28,Hyderabad,2024-01-19,Cash
14,Amy,Serrano,rider14@example.com,9973714708,Male,22,Delhi,2024-05-13,Card
15,Rachael,Cohen,rider15@example.com,9272359096,Male,44,Pune,2025-03-11,UPI
16,Christopher,Turner,rider16@example.com,9056730306,Male,29,Delhi,2024-12-31,Wallet
17,Brooke,Jennings,rider17@example.com,9442121461,Male,34,Bangalore,2024-05-28,Card
18,Christina,Barker,rider18@example.com,9476834201,Female,23,Mumbai,2025-01-29,Card
19,Timothy,Davis,rider19@example.com,9654235677,Male,50,Chennai,2025-06-25,UPI
20,Anthony,Carpenter,rider20@example.com,9826596089,Male,22,Delhi,2024-01-06,Card
21,Sherri,Morrow,rider21@example.com,9319925502,Female,45,Chennai,2025-06-23,UPI
22,Frederick,Smith,rider22@example.com,9727516480,Male,31,Chennai,2025-04-12,Card
23,Pamela,Holmes,rider23@example.com,9727910336,Male,22,Mumbai,2024-08-16,UPI
24,Eric,Watson,rider24@example.com,9829635339,Male,50,Bangalore,2024-04-14,UPI
25,Craig,Washington,rider25@example.com,9055044817,Male,58,Mumbai,2025-10-02,Wallet
26,Jamie,Peterson,rider26@example.com,9766558685,Female,36,Pune,2024-08-13,Card
27,James,Bartlett,rider27@example.com,9127652892,Male,39,Delhi,2024-03-03,Card
28,Heidi,Garcia,rider28@example.com,9866464911,Male,22,Chennai,2024-03-06,Cash
29,Jennifer,Moore,rider29@example.com,9110961798,Female,19,Mumbai,2025-07-21,Wallet
30,Jessica,Walker,rider30@example.com,9178904633,Male,47,Mumbai,2025-02-08,Card
31,Joseph,Lopez,rider31@example.com,9786137157,Female,64,Mumbai,2025-06-24,Card
32,Juan,Prince,rider32@example.com,9660538444,Male,56,Delhi,2025-05-03,Wallet
33,John,Austin,rider33@example.com,9463060002,Male,21,Bangalore,2024-12-25,Wallet
34,Brandon,Guerra,rider34@example.com,9589552963,Female,50,Mumbai,2025-10-13,Card
35,Ashley,Fox,rider35@example.com,9863960962,Female,30,Delhi,2024-09-10,Card
36,Mary,Patel,rider36@example.com,9626582631,Female,37,Chennai,2025-01-04,UPI
37,Eric,Arnold,rider37@example.com,9281964825,Male,24,Pune,2025-07-09,Wallet
38,Michael,Avila,rider38@example.com,9311060920,Male,32,Hyderabad,2025-02-18,UPI
39,Ronald,Wilson,rider39@example.com,9981960275,Female,40,Delhi,2025-07-30,Wallet
40,Kelly,Stevens,rider40@example.com,9233438364,Male,31,Hyderabad,2025-01-21,Card
41,Ebony,Jones,rider41@example.com,9041209117,Male,40,Mumbai,2025-04-16,Cash
42,Caroline,Fuentes,rider42@example.com,9911244211,Male,36,Mumbai,2024-02-01,Cash
43,James,Mclean,rider43@example.com,9753617061,Male,46,Delhi,2024-06-02,UPI
44,Anthony,Mendoza,rider44@example.com,9713665722,Female,37,Hyderabad,2024-07-13,UPI
45,George,Collins,rider45@example.com,9402990155,Male,46,Mumbai,2024-02-24,Card
46,Kelly,Cox,rider46@example.com,9799802841,Female,41,Chennai,2024-06-05,UPI
47,Christopher,Montoya,rider47@example.com,9390808823,Male,35,Bangalore,2024-03-09,Cash
48,Megan,Preston,rider48@example.com,9513052312,Female,27,Bangalore,2024-07-05,UPI
49,Kyle,Harper,rider49@example.com,9447315847,Female,58,Mumbai,2025-03-01,UPI
50,Raymond,Gallagher,rider50@example.com,9768634234,Male,25,Hyderabad,2024-09-01,Card
51,Tracy,Peterson,rider51@example.com,9619942376,Female,43,Pune,2024-09-05,Cash
52,Donna,Mckinney,rider52@example.com,9769459196,Female,46,Mumbai,2024-05-20,Wallet
53,Christopher,Johnson,rider53@example.com,9639551720,Female,27,Pune,2024-06-28,UPI
54,Amy,Olsen,rider54@example.com,9849649856,Female,34,Pune,2025-09-18,Wallet
55,Jackson,Walker,rider55@example.com,9012562531,Female,19,Hyderabad,2025-03-09,UPI
56,Nicole,Vincent,rider56@example.com,9355251050,Female,23,Pune,2025-02-11,UPI
57,Mike,Thomas,rider57@example.com,9537953816,Male,22,Chennai,2024-04-25,Card
58,Sean,Perez,rider58@example.com,9493831849,Male,45,Hyderabad,2025-05-03,Card
59,Jose,Martinez,rider59@example.com,9196655330,Male,58,Mumbai,2024-04-20,UPI
60,Steven,Anderson,rider60@example.com,9770461172,Male,22,Chennai,2024-09-11,Card
61,Jeremy,Miller,rider61@example.com,9959639040,Male,35,Delhi,2025-10-24,UPI
62,Joseph,Vazquez,rider62@example.com,9907426088,Male,43,Bangalore,2025-03-04,Cash
63,Bryan,Bowers,rider63@example.com,9050171644,Female,37,Mumbai,2025-01-08,Cash
64,Karen,Jones,rider64@example.com,9556185790,Male,58,Mumbai,2025-04-03,Card
65,Elizabeth,Hampton,rider65@example.com,9647715910,Male,44,Mumbai,2025-07-18,UPI
66,Christopher,Todd,rider66@example.com,9300215632,Female,29,Chennai,2025-06-03,Card
67,Maurice,Williams,rider67@example.com,9135800401,Male,24,Delhi,2024-06-03,UPI
68,Amber,Rodriguez,rider68@example.com,9041459642,Female,20,Hyderabad,2024-01-23,Wallet
69,Tara,Mcguire,rider69@example.com,9297125296,Male,27,Delhi,2024-07-30,UPI
70,Brittany,Palmer,rider70@example.com,9718839774,Other,51,Chennai,2024-06-28,Wallet
71,Angela,Brown,rider71@example.com,9573144158,Female,42,Mumbai,2024-05-21,Card
72,Mary,Wilson,rider72@example.com,9331170303,Male,52,Bangalore,2025-09-22,UPI
73,Loretta,King,rider73@example.com,9763715398,Male,33,Mumbai,2025-08-09,Card
74,Robert,Jones,rider74@example.com,9854728123,Female,19,Hyderabad,2024-07-30,Wallet
75,Amanda,Contreras,rider75@example.com,9567983631,Female,41,Pune,2025-03-14,Card
76,Michelle,Webster,rider76@example.com,9462491271,Female,27,Bangalore,2024-09-22,UPI
77,Thomas,Patton,rider77@example.com,9130724078,Female,55,Mumbai,2025-09-03,UPI
78,Nicole,Mora,rider78@example.com,9754181563,Male,39,Bangalore,2024-11-03,Wallet
79,Thomas,Harris,rider79@example.com,9268685074,Male,43,Pune,2024-06-26,Wallet
80,Christian,Santana,rider80@example.com,9510663436,Male,60,Delhi,2024-06-14,UPI
81,Raven,Lopez,rider81@example.com,9294897861,Female,56,Chennai,2025-01-10,Card
82,Jennifer,Bell,rider82@example.com,9031310094,Female,44,Mumbai,2024-06-25,UPI
83,Wayne,Davis,rider83@example.com,9318143966,Male,46,Hyderabad,2025-01-26,Card
84,Rachel,Singleton,rider84@example.com,9613473235,Male,64,Delhi,2025-08-23,UPI
85,Lauren,Mcmahon,rider85@example.com,9494012897,Male,55,Mumbai,2024-09-24,UPI
86,Erica,Rush,rider86@example.com,9432512257,Male,37,Delhi,2024-05-27,UPI
87,Christine,Bailey,rider87@example.com,9207650241,Female,44,Hyderabad,2025-10-29,UPI
88,David,Martin,rider88@example.com,9209579073,Female,58,Mumbai,2024-12-07,Wallet
89,Katherine,Mason,rider89@example.com,9710094388,Female,37,Pune,2024-03-02,Wallet
90,Gerald,Chandler,rider90@example.com,9221145775,Male,61,Pune,2024-02-02,Card
91,Tracey,Allen,rider91@example.com,9847457054,Male,36,Hyderabad,2024-03-15,Wallet
92,Teresa,Hudson,rider92@example.com,9589714802,Female,37,Bangalore,2025-02-24,Wallet
93,Lindsey,Garcia,rider93@example.com,9632570396,Female,52,Hyderabad,2025-06-14,UPI
94,David,Lane,rider94@example.com,9531361487,Female,64,Bangalore,2024-10-10,Wallet
95,Rodney,Smith,rider95@example.com,9824556964,Female,19,Mumbai,2024-02-13,Card
96,Vanessa,Robinson,rider96@example.com,9430985916,Male,47,Bangalore,2024-09-12,Cash
97,Ryan,Lee,rider97@example.com,9795410727,Female,51,Mumbai,2025-10-28,UPI
98,Wendy,Campbell,rider98@example.com,9284982474,Male,39,Mumbai,2024-12-20,Card
99,Courtney,Winters,rider99@example.com,9140703491,Male,20,Chennai,2025-10-11,Card
100,Mary,Medina,rider100@example.com,9074065004,Male,23,Mumbai,2025-07-30,UPI
101,Jonathan,Beltran,rider101@example.com,9254882142,Male,32,Bangalore,2024-01-09,Wallet
102,Renee,Garcia,rider102@example.com,9369143075,Female,44,Chennai,2025-04-27,Wallet
103,Robin,Lewis,rider103@example.com,9366614494,Male,27,Chennai,2025-04-01,Cash
104,Carl,Gordon,rider104@example.com,9296592342,Male,26,Mumbai,2024-12-25,UPI
105,Paul,Zimmerman,rider105@example.com,9683441497,Female,50,Hyderabad,2024-06-28,Card
106,Ray,Richardson,rider106@example.com,9826612875,Male,49,Hyderabad,2025-03-05,UPI
107,Mark,Lawrence,rider107@example.com,9857567667,Male,23,Pune,2024-03-16,Card
108,Joshua,Gonzales,rider108@example.com,9080612943,Female,58,Chennai,2024-10-18,UPI
109,Stephen,Rosario,rider109@example.com,9985298940,Male,53,Mumbai,2024-10-31,Wallet
110,Morgan,White,rider110@example.com,9626078701,Male,19,Hyderabad,2025-09-30,Cash
111,Kristin,Kelly,rider111@example.com,9041591497,Male,46,Mumbai,2025-08-09,Wallet
112,Cindy,Gray,rider112@example.com,9501980382,Male,21,Mumbai,2024-06-25,Wallet
113,Alexandra,Lewis,rider113@example.com,9872324407,Female,18,Chennai,2024-12-01,Card
114,Robert,Perez,rider114@example.com,9931102918,Female,36,Pune,2024-04-30,UPI
115,Robert,Rodriguez,rider115@example.com,9133170876,Female,43,Chennai,2025-09-02,Card
116,Eddie,Rollins,rider116@example.com,9014672384,Female,42,Delhi,2025-08-05,UPI
117,Brianna,Martinez,rider117@example.com,9979162022,Female,27,Hyderabad,2024-07-19,UPI
118,Katherine,Rodriguez,rider118@example.com,9328837744,Male,32,Hyderabad,2025-03-03,Cash
119,Sheila,Taylor,rider119@example.com,9197546617,Female,39,Hyderabad,2025-02-11,UPI
120,Sara,Farmer,rider120@example.com,9662047196,Female,38,Bangalore,2024-04-13,Cash
121,Anna,Bush,rider121@example.com,9094097052,Female,39,Mumbai,2025-05-25,Card
122,Craig,Hawkins,rider122@example.com,9774025883,Female,53,Chennai,2024-12-27,UPI
123,Justin,Williams,rider123@example.com,9586812259,Male,51,Hyderabad,2025-06-05,UPI
124,Amanda,Murphy,rider124@example.com,9572446176,Male,47,Delhi,2024-12-21,Wallet
125,Maurice,Wilson,rider125@example.com,9792988425,Male,42,Hyderabad,2024-01-02,Cash
126,Robert,Campbell,rider126@example.com,9995996100,Male,62,Pune,2024-08-05,Cash
127,Patrick,Burke,rider127@example.com,9231177533,Female,45,Mumbai,2024-01-15,UPI
128,Todd,Collins,rider128@example.com,9126610941,Female,18,Mumbai,2025-09-13,Card
129,Chelsea,Cherry,rider129@example.com,9017590251,Male,62,Chennai,2025-08-10,Cash
130,Benjamin,Wallace,rider130@example.com,9762983347,Male,21,Bangalore,2025-07-10,Wallet
131,Joshua,Spencer,rider131@example.com,9743326831,Male,24,Chennai,2024-07-25,Wallet
132,Douglas,Roberts,rider132@example.com,9901302056,Male,26,Hyderabad,2024-02-09,Wallet
133,Charlotte,Wyatt,rider133@example.com,9981528733,Male,53,Pune,2025-08-10,Card
134,Heather,Lopez,rider134@example.com,9978559821,Male,36,Delhi,2025-09-25,Card
135,Benjamin,Jones,rider135@example.com,9766191284,Female,18,Chennai,2024-02-28,Card
136,Pamela,Randall,rider136@example.com,9117309850,Male,27,Bangalore,2024-11-21,UPI
137,Martin,Alvarez,rider137@example.com,9344651241,Male,53,Chennai,2024-02-17,Card
138,John,Shelton,rider138@example.com,9893898469,Female,26,Mumbai,2025-05-24,UPI
139,Julie,White,rider139@example.com,9081974005,Male,62,Hyderabad,2025-05-27,UPI
140,Samantha,Lutz,rider140@example.com,9643502385,Female,63,Hyderabad,2024-03-27,UPI
141,Penny,Vasquez,rider141@example.com,9037199051,Female,59,Hyderabad,2024-11-14,UPI
142,Andrew,Garcia,rider142@example.com,9699187240,Male,49,Hyderabad,2025-01-03,Card
143,Lisa,Kim,rider143@example.com,9107835674,Male,49,Hyderabad,2024-06-27,Card
144,Kevin,Barrett,rider144@example.com,9300038960,Male,23,Hyderabad,2025-08-06,Wallet
145,Juan,Miller,rider145@example.com,9870662668,Male,55,Delhi,2024-10-10,Card
146,Travis,Thomas,rider146@example.com,9217195535,Male,34,Bangalore,2024-05-22,UPI
147,Heather,Morales,rider147@example.com,9603319036,Female,27,Hyderabad,2024-12-27,Wallet
148,Corey,Garza,rider148@example.com,9890030102,Male,44,Bangalore,2025-05-03,UPI
149,Misty,Garcia,rider149@example.com,9724055934,Male,52,Pune,2024-05-15,Card
150,Dennis,Schaefer,rider150@example.com,9296711148,Male,38,Hyderabad,2024-07-28,UPI
151,Terri,Levine,rider151@example.com,9375374584,Female,42,Chennai,2025-10-27,Card
152,Scott,Brown,rider152@example.com,9384588105,Male,45,Hyderabad,2025-03-11,Wallet
153,Margaret,Hester,rider153@example.com,9697413283,Male,64,Mumbai,2024-10-20,Cash
154,Joseph,Morgan,rider154@example.com,9483152037,Male,32,Delhi,2024-12-12,UPI
155,Robert,Larson,rider155@example.com,9710704496,Other,21,Chennai,2024-03-22,Cash
156,Debbie,Ewing,rider156@example.com,9410496706,Male,46,Chennai,2024-05-31,UPI
157,Jacob,Martinez,rider157@example.com,9670336268,Female,26,Mumbai,2024-08-14,UPI
158,Jason,Massey,rider158@example.com,9040850954,Female,44,Hyderabad,2025-01-28,UPI
159,Madison,Hardy,rider159@example.com,9930596601,Male,43,Delhi,2024-06-03,Card
160,Joyce,Ramirez,rider160@example.com,9864876998,Female,36,Chennai,2024-05-28,UPI
161,Katherine,Reeves,rider161@example.com,9426732044,Male,45,Delhi,2024-02-18,UPI
162,Michelle,Perkins,rider162@example.com,9138459609,Female,34,Chennai,2025-02-26,Card
163,Lori,Nelson,rider163@example.com,9454490149,Female,60,Hyderabad,2024-06-02,Card
164,Zachary,Clarke,rider164@example.com,9542770707,Female,58,Pune,2025-08-28,Card
165,Erik,Schneider,rider165@example.com,9057836091,Male,59,Chennai,2025-07-29,Card
166,Larry,Ross,rider166@example.com,9498517244,Female,37,Pune,2024-02-18,Wallet
167,William,Alvarez,rider167@example.com,9472322903,Male,62,Chennai,2024-06-08,UPI
168,Derek,Morrison,rider168@example.com,9102879508,Male,57,Bangalore,2025-03-23,Cash
169,Melissa,Sullivan,rider169@example.com,9304405809,Male,56,Hyderabad,2024-05-24,Wallet
170,Natasha,Washington,rider170@example.com,9351187181,Female,40,Mumbai,2024-03-30,UPI
171,Anthony,Ramirez,rider171@example.com,9335956164,Female,64,Pune,2025-09-17,Card
172,James,Tate,rider172@example.com,9205955657,Male,49,Mumbai,2025-01-17,UPI
173,Marissa,Rodriguez,rider173@example.com,9490250429,Male,64,Hyderabad,2024-11-12,Wallet
174,Mary,King,rider174@example.com,9019358895,Male,50,Mumbai,2025-06-09,Wallet
175,John,Crawford,rider175@example.com,9369026113,Female,63,Hyderabad,2025-06-24,Cash
176,Stephen,Fuller,rider176@example.com,9989868180,Male,22,Mumbai,2024-05-08,Wallet
177,Samantha,Taylor,rider177@example.com,9978875439,Female,60,Pune,2024-03-06,Card
178,Janet,Garcia,rider178@example.com,9435353751,Male,51,Bangalore,2024-10-15,UPI
179,Joshua,Brown,rider179@example.com,9376515881,Female,57,Mumbai,2024-10-10,Card
180,Madison,Jones,rider180@example.com,9579376392,Male,28,Pune,2024-11-08,UPI
181,William,Gregory,rider181@example.com,9836929445,Male,20,Chennai,2025-05-03,Cash
182,Cynthia,Stanton,rider182@example.com,9511668297,Male,50,Hyderabad,2025-03-26,Card
183,David,Reyes,rider183@example.com,9327021648,Female,28,Delhi,2025-10-20,UPI
184,Anthony,Shelton,rider184@example.com,9712060212,Female,33,Delhi,2024-03-07,Card
185,Nathan,Hernandez,rider185@example.com,9886652683,Male,35,Hyderabad,2024-09-26,UPI
186,Brooke,Howell,rider186@example.com,9415599910,Female,47,Bangalore,2024-08-15,UPI
187,Gregory,Davis,rider187@example.com,9157676472,Female,27,Mumbai,2025-07-30,UPI
188,Monica,Jones,rider188@example.com,9298120995,Female,35,Bangalore,2024-06-16,Card
189,Brenda,Walton,rider189@example.com,9765728941,Female,55,Delhi,2024-05-08,Wallet
190,Michael,Saunders,rider190@example.com,9347509889,Male,36,Pune,2024-10-27,UPI
191,Frank,Sparks,rider191@example.com,9864565220,Male,53,Hyderabad,2024-10-09,UPI
192,Patricia,Harris,rider192@example.com,9368499515,Female,30,Hyderabad,2024-07-06,Card
193,Kaitlyn,Bates,rider193@example.com,9421447732,Female,63,Bangalore,2024-06-16,Wallet
194,Haley,Henry,rider194@example.com,9449134213,Female,20,Pune,2025-09-09,Wallet
195,Justin,Green,rider195@example.com,9882090883,Male,27,Bangalore,2024-10-24,Card
196,Paul,Cooper,rider196@example.com,9070534967,Male,55,Mumbai,2025-07-30,Cash
197,Frank,Heath,rider197@example.com,9827411767,Female,18,Chennai,2025-01-03,Cash
198,Ashley,Payne,rider198@example.com,9412415131,Female,44,Pune,2024-02-04,UPI
199,Tammie,Cisneros,rider199@example.com,9528547815,Female,63,Chennai,2025-10-30,UPI
200,Mercedes,Johnson,rider200@example.com,9061853800,Female,25,Mumbai,2025-07-13,Wallet
201,Deborah,Jordan,rider201@example.com,9329633472,Female,63,Chennai,2025-10-10,Cash
202,Erica,Melendez,rider202@example.com,9727423183,Male,59,Delhi,2025-09-11,Card
203,Joseph,Reyes,rider203@example.com,9061789320,Male,34,Chennai,2025-07-21,UPI
204,Robert,Edwards,rider204@example.com,9649693578,Female,26,Mumbai,2024-04-22,UPI
205,Andrew,Bennett,rider205@example.com,9243477695,Female,23,Chennai,2024-11-21,UPI
206,Kimberly,Stevens,rider206@example.com,9874131467,Male,60,Hyderabad,2024-05-23,UPI
207,Katrina,Johnson,rider207@example.com,9536127515,Male,42,Bangalore,2024-09-25,Cash
208,Alan,Hawkins,rider208@example.com,9627796304,Female,56,Delhi,2024-02-10,UPI
209,Rhonda,Dalton,rider209@example.com,9483608545,Male,45,Hyderabad,2024-09-11,Cash
210,Deborah,Turner,rider210@example.com,9667664047,Male,50,Hyderabad,2025-10-21,Cash
211,Carolyn,Mccarthy,rider211@example.com,9350476392,Female,54,Mumbai,2024-06-27,UPI
212,Alan,Henry,rider212@example.com,9831995298,Female,26,Bangalore,2025-06-08,Card
213,Johnny,Taylor,rider213@example.com,9006155810,Female,35,Bangalore,2024-10-31,Card
214,Linda,Baldwin,rider214@example.com,9835832863,Male,38,Pune,2024-10-10,Cash
215,Kevin,Freeman,rider215@example.com,9425563830,Female,19,Delhi,2025-10-02,Cash
216,Tammy,Rodriguez,rider216@example.com,9008186702,Male,60,Mumbai,2025-10-27,UPI
217,Dawn,Leonard,rider217@example.com,9440330416,Male,55,Delhi,2025-01-07,Card
218,Rodney,Keller,rider218@example.com,9624111860,Female,57,Pune,2025-04-25,Card
219,Nicholas,Jennings,rider219@example.com,9089219639,Female,53,Chennai,2024-04-14,Card
220,Michael,Armstrong,rider220@example.com,9456804473,Female,60,Hyderabad,2024-07-18,Card
221,Johnathan,Alvarez,rider221@example.com,9149764613,Female,54,Delhi,2025-10-10,Card
222,Steven,Dickerson,rider222@example.com,9684748836,Female,32,Hyderabad,2025-01-22,UPI
223,Erica,Hunter,rider223@example.com,9076581739,Male,45,Mumbai,2024-12-29,Cash
224,Madison,Myers,rider224@example.com,9063757914,Male,35,Chennai,2025-05-15,UPI
225,Randy,Simpson,rider225@example.com,9521182379,Male,51,Mumbai,2024-02-09,UPI
226,Curtis,Arellano,rider226@example.com,9312697893,Male,39,Chennai,2025-01-26,UPI
227,William,Jensen,rider227@example.com,9074645205,Female,28,Chennai,2024-12-02,Card
228,Eileen,Gomez,rider228@example.com,9996043878,Male,30,Hyderabad,2025-07-24,Card
229,Megan,Levine,rider229@example.com,9753577881,Female,21,Mumbai,2024-04-16,UPI
230,Nicholas,Flores,rider230@example.com,9161620281,Female,39,Mumbai,2025-10-04,Wallet
231,Deborah,Johnson,rider231@example.com,9237106728,Female,24,Delhi,2024-02-24,UPI
232,Chelsea,Williams,rider232@example.com,9728660416,Male,60,Mumbai,2024-05-05,UPI
233,Kenneth,Hood,rider233@example.com,9448595922,Female,41,Delhi,2025-02-02,UPI
234,Daniel,Bailey,rider234@example.com,9483958947,Male,21,Bangalore,2025-03-28,UPI
235,Caleb,Harmon,rider235@example.com,9735228705,Male,45,Bangalore,2024-06-07,Wallet
236,Vanessa,Johnson,rider236@example.com,9622710433,Female,32,Bangalore,2024-03-22,Cash
237,Danielle,Vance,rider237@example.com,9187510979,Male,18,Pune,2025-08-18,UPI
238,Michelle,Peterson,rider238@example.com,9215835034,Male,20,Mumbai,2024-06-14,Wallet
239,Jose,Davis,rider239@example.com,9469459648,Female,31,Pune,2025-02-02,Card
240,Jennifer,Reed,rider240@example.com,9831921342,Male,55,Mumbai,2025-02-18,Wallet
241,Patricia,Howard,rider241@example.com,9491289659,Female,18,Delhi,2024-10-08,Wallet
242,Kent,Bell,rider242@example.com,9994973203,Female,55,Pune,2025-01-25,UPI
243,Edward,Stanley,rider243@example.com,9319222705,Female,55,Pune,2024-12-16,UPI
244,Kathy,Wright,rider244@example.com,9102876754,Male,38,Pune,2025-09-17,Cash
245,Rachel,Wong,rider245@example.com,9813866675,Male,46,Chennai,2024-05-17,UPI
246,Linda,Watkins,rider246@example.com,9485819324,Female,22,Delhi,2025-04-24,UPI
247,Leah,Lozano,rider247@example.com,9268774186,Male,27,Bangalore,2024-06-09,Wallet
248,Carol,Jones,rider248@example.com,9520575639,Female,45,Delhi,2024-09-22,Card
249,Donna,Torres,rider249@example.com,9836520375,Female,38,Chennai,2025-03-25,Cash
250,Erin,Morgan,rider250@example.com,9830945154,Female,24,Mumbai,2024-07-20,UPI
251,Jennifer,Smith,rider251@example.com,9809404760,Male,20,Delhi,2024-07-31,Card
252,Diana,Nguyen,rider252@example.com,9440907977,Male,62,Pune,2025-05-18,Card
253,Whitney,Murray,rider253@example.com,9278105092,Female,64,Bangalore,2024-02-19,UPI
254,Jordan,Boyer,rider254@example.com,9221610705,Male,37,Bangalore,2024-11-03,Wallet
255,Robert,Bradley,rider255@example.com,9184390552,Male,36,Mumbai,2025-10-29,Cash
256,Paul,Valenzuela,rider256@example.com,9958066013,Female,52,Delhi,2025-10-28,Card
257,Austin,Adams,rider257@example.com,9824127049,Female,21,Chennai,2024-02-19,Cash
258,Jean,Dominguez,rider258@example.com,9386204485,Female,22,Mumbai,2024-05-23,UPI
259,Ashley,Chapman,rider259@example.com,9157919711,Female,18,Delhi,2024-06-27,Card
260,James,Odom,rider260@example.com,9121259020,Male,21,Hyderabad,2025-09-16,Card
261,Jessica,Gray,rider261@example.com,9357134324,Female,29,Bangalore,2025-08-12,UPI
262,Jeffrey,Myers,rider262@example.com,9064242956,Other,44,Chennai,2025-08-11,UPI
263,Amanda,Armstrong,rider263@example.com,9334324474,Male,59,Pune,2024-09-04,Wallet
264,Kristen,Stokes,rider264@example.com,9175955872,Male,40,Chennai,2024-04-16,Card
265,Rebecca,Garcia,rider265@example.com,9096289365,Female,42,Pune,2025-07-11,Cash
266,Emily,Leonard,rider266@example.com,9435884183,Female,38,Chennai,2025-04-15,UPI
267,William,Rogers,rider267@example.com,9437401827,Female,41,Bangalore,2025-02-13,Card
268,Megan,Shaw,rider268@example.com,9279559690,Female,42,Pune,2025-10-22,Wallet
269,Mary,Hubbard,rider269@example.com,9515026755,Male,62,Delhi,2025-03-13,Cash
270,Nancy,Morgan,rider270@example.com,9125427820,Male,63,Pune,2024-01-07,Card
271,Howard,Mendez,rider271@example.com,9797996673,Female,49,Mumbai,2025-06-30,UPI
272,Connor,Cox,rider272@example.com,9459576403,Female,49,Delhi,2024-07-19,UPI
273,David,Graham,rider273@example.com,9816649690,Female,22,Mumbai,2025-03-20,UPI
274,Jonathan,Crawford,rider274@example.com,9282498392,Female,53,Chennai,2025-09-20,Card
275,Lindsey,Boone,rider275@example.com,9250142576,Male,63,Delhi,2024-03-31,Card
276,Kathryn,Cobb,rider276@example.com,9270232441,Male,59,Chennai,2024-03-19,Wallet
277,Isaac,Pittman,rider277@example.com,9233613285,Female,59,Hyderabad,2024-03-13,Wallet
278,Erin,Herrera,rider278@example.com,9072517863,Female,56,Chennai,2025-01-05,Card
279,Matthew,Mitchell,rider279@example.com,9767316252,Female,33,Chennai,2024-07-01,Card
280,Christopher,Williams,rider280@example.com,9654696815,Female,50,Mumbai,2025-02-09,Card
281,Michael,Davies,rider281@example.com,9790392355,Female,38,Pune,2025-04-25,UPI
282,Julie,Morales,rider282@example.com,9580996132,Male,26,Hyderabad,2024-05-17,UPI
283,Kurt,Perez,rider283@example.com,9730346156,Male,23,Chennai,2025-02-28,UPI
284,Kristin,Newton,rider284@example.com,9262446704,Male,62,Chennai,2024-06-26,Card
285,Mark,Davis,rider285@example.com,9622681715,Female,52,Hyderabad,2024-11-23,UPI
286,Jorge,Richard,rider286@example.com,9160252986,Male,56,Hyderabad,2025-08-28,Card
287,Kelly,Davis,rider287@example.com,9707660464,Male,39,Delhi,2025-07-20,Wallet
288,Melissa,Rogers,rider288@example.com,9197857585,Female,58,Mumbai,2024-03-03,UPI
289,Thomas,Jones,rider289@example.com,9126861205,Male,22,Hyderabad,2024-10-10,Cash
290,Michelle,Solis,rider290@example.com,9943897607,Female,59,Hyderabad,2024-07-04,Cash
291,Brandy,Alvarez,rider291@example.com,9401775095,Male,40,Bangalore,2024-01-04,Card
292,Sheryl,Clark,rider292@example.com,9465408424,Male,34,Pune,2025-05-31,Card
293,Charles,Flynn,rider293@example.com,9560754091,Female,29,Hyderabad,2025-03-02,Wallet
294,Pamela,Pearson,rider294@example.com,9508632181,Male,40,Mumbai,2024-06-24,UPI
295,Vincent,Turner,rider295@example.com,9227645793,Male,33,Pune,2025-05-11,UPI
296,Mikayla,Brock,rider296@example.com,9897015502,Female,20,Pune,2025-01-04,Wallet
297,Patrick,Reynolds,rider297@example.com,9916815466,Female,47,Chennai,2024-10-13,Wallet
298,Kenneth,Fernandez,rider298@example.com,9024161394,Male,39,Chennai,2024-01-08,Card
299,Brian,Gonzalez,rider299@example.com,9498830597,Female,26,Chennai,2024-02-21,Card
300,Melissa,Morales,rider300@example.com,9364248096,Male,46,Chennai,2025-08-13,UPI
301,Derrick,Weber,rider301@example.com,9244063062,Male,64,Bangalore,2025-08-27,Card
302,James,Chavez,rider302@example.com,9447951330,Female,54,Hyderabad,2024-12-31,UPI
303,Robert,Hines,rider303@example.com,9531949796,Female,40,Chennai,2025-07-12,Card
304,Ashley,White,rider304@example.com,9958678055,Female,30,Delhi,2025-01-25,UPI
305,Rebecca,Smith,rider305@example.com,9557277382,Female,49,Chennai,2024-04-09,UPI
306,Stephen,Warner,rider306@example.com,9646091785,Female,63,Hyderabad,2024-03-27,Card
307,Leslie,Huffman,rider307@example.com,9138544577,Male,64,Chennai,2024-07-25,Card
308,Jennifer,Ray,rider308@example.com,9029929596,Male,40,Bangalore,2025-08-24,UPI
309,Kimberly,Lewis,rider309@example.com,9604873682,Female,62,Mumbai,2025-06-16,Cash
310,Tony,Hayden,rider310@example.com,9691163319,Male,34,Mumbai,2025-07-29,Card
311,Crystal,Harmon,rider311@example.com,9422686536,Male,57,Hyderabad,2025-08-24,UPI
312,Gregory,Mcdonald,rider312@example.com,9945515888,Male,38,Mumbai,2024-05-21,Card
313,Cynthia,Giles,rider313@example.com,9636774722,Male,19,Mumbai,2024-06-16,UPI
314,Adam,Patel,rider314@example.com,9640857216,Female,54,Delhi,2024-03-10,Wallet
315,Joshua,Mendez,rider315@example.com,9966630932,Female,23,Hyderabad,2025-06-06,Card
316,Kathleen,Hammond,rider316@example.com,9998199605,Female,61,Hyderabad,2025-08-14,UPI
317,Gary,Hamilton,rider317@example.com,9932971509,Male,35,Mumbai,2024-09-29,Wallet
318,Kathy,Knight,rider318@example.com,9688327532,Male,47,Mumbai,2025-02-19,Card
319,Tracy,Sims,rider319@example.com,9735241039,Male,39,Mumbai,2024-04-14,Cash
320,Kathryn,Boyd,rider320@example.com,9773973278,Male,50,Pune,2025-09-14,Card
321,Christopher,Diaz,rider321@example.com,9195237100,Female,47,Bangalore,2025-08-01,Card
322,Christina,Hernandez,rider322@example.com,9687616481,Female,34,Chennai,2025-10-15,Card
323,Cynthia,Hernandez,rider323@example.com,9980770460,Female,60,Bangalore,2025-06-26,Cash
324,Richard,Jennings,rider324@example.com,9568761124,Male,49,Hyderabad,2025-08-12,Card
325,Tammy,Evans,rider325@example.com,9912565237,Female,59,Delhi,2024-01-18,UPI
326,Patrick,Graham,rider326@example.com,9341517734,Female,31,Chennai,2025-05-08,UPI
327,Benjamin,Flores,rider327@example.com,9547574949,Female,27,Delhi,2024-08-10,Wallet
328,James,Greer,rider328@example.com,9022840359,Female,64,Pune,2025-09-14,UPI
329,Nathan,Brown,rider329@example.com,9544294774,Male,53,Hyderabad,2025-06-20,UPI
330,Alexis,Harris,rider330@example.com,9222946430,Male,51,Pune,2025-08-01,Wallet
331,Marco,Gutierrez,rider331@example.com,9394290458,Male,26,Hyderabad,2025-06-26,Wallet
332,Martha,Colon,rider332@example.com,9867925298,Female,59,Delhi,2024-06-28,Card
333,James,Lucas,rider333@example.com,9585672872,Male,45,Delhi,2025-06-10,UPI
334,Erica,Scott,rider334@example.com,9760153433,Male,28,Delhi,2024-03-14,Card
335,Courtney,Burke,rider335@example.com,9249135779,Male,31,Hyderabad,2025-08-06,Cash
336,John,Sullivan,rider336@example.com,9083350615,Male,56,Mumbai,2025-07-28,UPI
337,Heather,Wilson,rider337@example.com,9814888107,Female,64,Delhi,2024-05-29,Card
338,Maxwell,Lee,rider338@example.com,9983342337,Female,36,Pune,2025-06-30,Card
339,David,Sanchez,rider339@example.com,9209484131,Male,32,Chennai,2024-11-04,Wallet
340,Patrick,Wilcox,rider340@example.com,9284033399,Male,45,Hyderabad,2024-07-23,Wallet
341,Brianna,Marshall,rider341@example.com,9771805137,Male,41,Pune,2025-06-16,UPI
342,Gary,Castro,rider342@example.com,9171731893,Male,25,Bangalore,2024-06-02,UPI
343,Madison,Graham,rider343@example.com,9974909617,Male,60,Bangalore,2024-01-17,Card
344,Kenneth,Lucas,rider344@example.com,9399704694,Male,26,Chennai,2024-05-10,Card
345,Kelly,Johnson,rider345@example.com,9725878444,Male,64,Mumbai,2024-08-08,UPI
346,Jessica,Moore,rider346@example.com,9835488471,Female,50,Delhi,2025-08-01,Cash
347,Caitlyn,Taylor,rider347@example.com,9270587722,Female,50,Hyderabad,2025-10-08,Wallet
348,Matthew,Green,rider348@example.com,9164175823,Male,36,Pune,2024-07-06,Card
349,Pamela,Lara,rider349@example.com,9133484587,Male,20,Delhi,2025-03-05,Wallet
350,Wendy,Hopkins,rider350@example.com,9149392523,Female,27,Pune,2024-09-24,Wallet
351,Matthew,Thompson,rider351@example.com,9622925879,Male,57,Hyderabad,2025-10-18,Wallet
352,Rachel,Phelps,rider352@example.com,9643474524,Female,64,Bangalore,2024-12-25,Wallet
353,Michael,Stuart,rider353@example.com,9555746966,Female,59,Delhi,2025-09-20,Wallet
354,Jacob,Tucker,rider354@example.com,9060652740,Male,18,Chennai,2024-03-19,Cash
355,Stacy,Smith,rider355@example.com,9334450566,Male,46,Mumbai,2025-10-11,Card
356,Samantha,Heath,rider356@example.com,9588339874,Female,51,Chennai,2024-04-30,Card
357,Richard,Miller,rider357@example.com,9113257970,Male,30,Mumbai,2025-10-05,Cash
358,Jeremy,Guzman,rider358@example.com,9673499601,Female,18,Pune,2024-06-27,Cash
359,Jessica,Camacho,rider359@example.com,9054857417,Female,51,Delhi,2024-03-14,Wallet
360,David,Lester,rider360@example.com,9215622949,Female,46,Delhi,2024-10-18,Cash
361,Jessica,Russell,rider361@example.com,9381735984,Male,64,Mumbai,2025-05-02,UPI
362,Brittany,Cox,rider362@example.com,9884021557,Female,30,Bangalore,2024-07-29,UPI
363,Gary,Sandoval,rider363@example.com,9325737553,Male,46,Hyderabad,2025-02-09,Card
364,Michael,Davis,rider364@example.com,9449021666,Female,56,Chennai,2024-12-08,Card
365,Debra,Hahn,rider365@example.com,9708085096,Female,41,Pune,2024-09-15,Card
366,Benjamin,Ramsey,rider366@example.com,9085874951,Male,43,Chennai,2025-01-21,Wallet
367,Nancy,Taylor,rider367@example.com,9191818281,Female,34,Chennai,2024-06-20,Cash
368,Jonathan,Rodriguez,rider368@example.com,9979316477,Female,24,Pune,2025-04-19,Card
369,Amanda,Navarro,rider369@example.com,9251295786,Male,30,Pune,2024-01-03,UPI
370,Brandon,Fitzpatrick,rider370@example.com,9069409600,Male,22,Delhi,2025-09-11,Card
371,Virginia,Boyd,rider371@example.com,9356243958,Male,43,Chennai,2024-12-26,Wallet
372,Ebony,Calderon,rider372@example.com,9739592323,Male,20,Hyderabad,2025-04-26,Wallet
373,Desiree,Herring,rider373@example.com,9421089028,Male,24,Hyderabad,2025-05-11,UPI
374,Andrew,Huynh,rider374@example.com,9515533342,Female,56,Mumbai,2025-03-24,Card
375,Hannah,King,rider375@example.com,9643350271,Male,18,Pune,2024-09-01,UPI
376,Robert,Wilkerson,rider376@example.com,9607360776,Male,34,Delhi,2024-02-17,UPI
377,Omar,Young,rider377@example.com,9336911289,Female,60,Hyderabad,2025-03-20,Card
378,Amy,Martinez,rider378@example.com,9812317955,Male,42,Bangalore,2024-08-09,Card
379,Thomas,Roman,rider379@example.com,9633185748,Female,20,Delhi,2024-07-29,Cash
380,Eric,Murphy,rider380@example.com,9170066615,Male,32,Delhi,2025-07-21,UPI
381,Heather,Silva,rider381@example.com,9541643167,Male,46,Hyderabad,2025-04-26,UPI
382,Crystal,Price,rider382@example.com,9045023290,Female,60,Bangalore,2024-07-20,Wallet
383,Kevin,Goodman,rider383@example.com,9282270093,Female,49,Mumbai,2024-07-26,UPI
384,Dorothy,Young,rider384@example.com,9459626228,Female,43,Hyderabad,2024-09-30,Card
385,Elaine,Henderson,rider385@example.com,9225120734,Female,33,Bangalore,2024-09-26,Card
386,Joseph,Thomas,rider386@example.com,9654950050,Female,42,Delhi,2024-07-17,UPI
387,Catherine,Thompson,rider387@example.com,9702608698,Male,45,Bangalore,2024-03-27,UPI
388,Derrick,Booker,rider388@example.com,9221053161,Male,26,Delhi,2024-10-08,Wallet
389,Maria,Gonzales,rider389@example.com,9177687290,Female,18,Hyderabad,2025-09-21,UPI
390,Daniel,King,rider390@example.com,9477425859,Female,46,Pune,2025-03-29,UPI
391,Jennifer,Lawrence,rider391@example.com,9177932382,Other,39,Hyderabad,2025-08-27,UPI
392,David,Henry,rider392@example.com,9231164913,Male,33,Chennai,2025-02-16,UPI
393,Daniel,Brooks,rider393@example.com,9342457988,Male,58,Chennai,2024-07-21,UPI
394,Daniel,Fry,rider394@example.com,9942565290,Female,61,Chennai,2025-01-02,Card
395,James,Stewart,rider395@example.com,9603202032,Male,58,Hyderabad,2024-01-02,UPI
396,James,Coleman,rider396@example.com,9650977539,Female,24,Mumbai,2024-07-11,Card
397,Jose,Vega,rider397@example.com,9673794871,Female,31,Hyderabad,2024-10-15,UPI
398,Alexandra,Richmond,rider398@example.com,9485524578,Male,46,Pune,2025-01-23,Wallet
399,James,Suarez,rider399@example.com,9715841560,Female,36,Bangalore,2025-03-14,UPI
400,Jade,Giles,rider400@example.com,9821371184,Female,36,Hyderabad,2024-11-07,Wallet
401,Kenneth,Cox,rider401@example.com,9254768182,Male,19,Hyderabad,2024-10-23,Card
402,Benjamin,Baldwin,rider402@example.com,9683230358,Female,58,Delhi,2024-05-23,Card
403,Tyler,Underwood,rider403@example.com,9929880858,Male,62,Delhi,2024-11-13,UPI
404,Jared,Smith,rider404@example.com,9382521293,Female,32,Delhi,2025-08-25,UPI
405,Sarah,Rasmussen,rider405@example.com,9289634064,Male,20,Hyderabad,2025-06-16,Cash
406,Mark,Obrien,rider406@example.com,9686775240,Female,28,Mumbai,2024-04-24,UPI
407,Aaron,Skinner,rider407@example.com,9148439910,Male,63,Bangalore,2024-02-27,UPI
408,Emily,Bates,rider408@example.com,9622723626,Male,47,Bangalore,2024-12-11,Wallet
409,Rebecca,Everett,rider409@example.com,9693351342,Female,57,Pune,2025-02-27,Card
410,Mary,Vazquez,rider410@example.com,9619237245,Male,35,Mumbai,2024-08-12,UPI
411,Elizabeth,Mccormick,rider411@example.com,9018481973,Male,19,Mumbai,2025-07-01,Wallet
412,Edward,Allen,rider412@example.com,9741897215,Female,49,Bangalore,2025-05-17,UPI
413,Christopher,Tran,rider413@example.com,9406417692,Female,25,Chennai,2025-03-26,UPI
414,William,Parker,rider414@example.com,9743811995,Female,39,Delhi,2024-05-31,UPI
415,Jennifer,Mullen,rider415@example.com,9376601444,Female,23,Delhi,2024-05-14,UPI
416,Craig,Cox,rider416@example.com,9856451017,Male,29,Bangalore,2024-01-18,Card
417,Jonathan,Burnett,rider417@example.com,9397396417,Male,64,Mumbai,2024-06-13,Cash
418,Jerry,Martinez,rider418@example.com,9899698609,Male,57,Pune,2024-11-14,Cash
419,Vanessa,Camacho,rider419@example.com,9191911359,Female,53,Chennai,2025-07-22,Card
420,Kenneth,Mathews,rider420@example.com,9966057798,Female,32,Bangalore,2024-02-19,Wallet
421,Steven,Price,rider421@example.com,9066039205,Female,45,Delhi,2024-10-04,UPI
422,Cory,Browning,rider422@example.com,9146074555,Female,62,Hyderabad,2025-02-25,UPI
423,Gregg,Long,rider423@example.com,9347057423,Male,35,Mumbai,2024-05-10,Card
424,Benjamin,Spence,rider424@example.com,9885652715,Male,19,Hyderabad,2025-04-11,Wallet
425,Kelly,Scott,rider425@example.com,9598354116,Male,30,Pune,2024-11-27,Card
426,Laurie,Davis,rider426@example.com,9597263475,Female,62,Bangalore,2024-06-12,Card
427,Larry,Carson,rider427@example.com,9575225013,Male,32,Delhi,2025-03-15,Card
428,Joanna,Young,rider428@example.com,9948848826,Female,37,Chennai,2024-01-05,UPI
429,Cody,Clark,rider429@example.com,9913119642,Male,46,Hyderabad,2025-05-17,Card
430,Katherine,Zamora,rider430@example.com,9585626149,Male,59,Chennai,2025-05-30,UPI
431,Brandon,Moon,rider431@example.com,9915370382,Male,46,Pune,2024-03-13,Card
432,Melissa,Welch,rider432@example.com,9407333373,Female,20,Delhi,2024-10-11,UPI
433,Elizabeth,Suarez,rider433@example.com,9204309776,Female,36,Hyderabad,2024-04-28,UPI
434,George,Wang,rider434@example.com,9889362896,Male,20,Pune,2025-10-02,UPI
435,Michael,Sullivan,rider435@example.com,9964546553,Male,31,Chennai,2024-12-12,UPI
436,Samuel,Johnson,rider436@example.com,9585125389,Female,57,Chennai,2024-02-04,UPI
437,Christy,Delacruz,rider437@example.com,9218785193,Male,21,Hyderabad,2024-06-16,UPI
438,Natalie,Morrow,rider438@example.com,9583749079,Female,28,Delhi,2025-07-21,UPI
439,Christopher,Shepard,rider439@example.com,9779612087,Female,48,Chennai,2024-11-01,Card
440,Lisa,Ruiz,rider440@example.com,9805721514,Male,60,Bangalore,2025-06-20,Card
441,Ian,Gutierrez,rider441@example.com,9940976263,Male,49,Pune,2025-03-22,Card
442,Richard,Randall,rider442@example.com,9748453986,Other,44,Hyderabad,2025-10-22,Wallet
443,Suzanne,Love,rider443@example.com,9289509059,Male,47,Mumbai,2025-02-02,Wallet
444,Joseph,Mcdowell,rider444@example.com,9119186233,Male,60,Mumbai,2025-09-27,UPI
445,Paul,Wilkins,rider445@example.com,9922071511,Female,19,Delhi,2025-08-19,UPI
446,Melissa,Holloway,rider446@example.com,9696667252,Female,26,Bangalore,2025-02-14,Cash
447,Lauren,Hale,rider447@example.com,9145264712,Other,45,Chennai,2025-04-26,Wallet
448,Deborah,Hunter,rider448@example.com,9463351571,Female,48,Mumbai,2024-12-04,UPI
449,Laura,Bell,rider449@example.com,9840908051,Male,51,Delhi,2025-07-09,Card
450,Daniel,Guzman,rider450@example.com,9208005640,Male,32,Pune,2025-01-01,UPI
451,Heather,Li,rider451@example.com,9995123972,Female,42,Bangalore,2025-08-23,Card
452,Brian,Rojas,rider452@example.com,9835129592,Female,53,Bangalore,2025-05-12,UPI
453,Sherri,Chavez,rider453@example.com,9728270908,Male,25,Delhi,2024-11-14,Card
454,Erik,Johnson,rider454@example.com,9144152982,Female,26,Delhi,2024-06-23,UPI
455,Robert,Williams,rider455@example.com,9173929578,Male,54,Chennai,2024-06-15,Wallet
456,Brittany,May,rider456@example.com,9671815352,Male,62,Delhi,2025-03-02,Card
457,Leah,Mccoy,rider457@example.com,9373605079,Male,56,Chennai,2025-05-27,Card
458,Erika,Gibbs,rider458@example.com,9181589988,Male,49,Chennai,2024-12-15,Wallet
459,Howard,Taylor,rider459@example.com,9683452734,Male,34,Hyderabad,2025-02-23,UPI
460,Noah,Morales,rider460@example.com,9666617071,Male,52,Bangalore,2024-07-03,UPI
461,Michael,Fuller,rider461@example.com,9587964740,Male,54,Pune,2024-02-22,Wallet
462,Anthony,Edwards,rider462@example.com,9803149982,Female,36,Bangalore,2024-07-10,Cash
463,Gabrielle,Miller,rider463@example.com,9508004635,Female,61,Bangalore,2024-07-01,Wallet
464,Mary,Moore,rider464@example.com,9806882850,Female,46,Hyderabad,2024-08-02,UPI
465,Teresa,Black,rider465@example.com,9317235137,Female,24,Chennai,2024-12-27,UPI
466,David,Booker,rider466@example.com,9399006314,Male,45,Chennai,2024-04-03,Cash
467,Samantha,Rivas,rider467@example.com,9035263560,Male,26,Delhi,2024-06-04,UPI
468,Daniel,Hines,rider468@example.com,9229394694,Female,45,Hyderabad,2025-04-09,UPI
469,Robert,Bradford,rider469@example.com,9346066643,Male,23,Delhi,2025-04-17,UPI
470,Brandon,Jennings,rider470@example.com,9749060723,Female,46,Hyderabad,2024-02-13,UPI
471,Jose,Sparks,rider471@example.com,9111271285,Male,34,Delhi,2024-09-30,UPI
472,Leon,Flores,rider472@example.com,9246484494,Female,33,Mumbai,2024-12-29,UPI
473,Janet,Mendoza,rider473@example.com,9116318732,Male,40,Bangalore,2024-10-05,Card
474,Erica,Moss,rider474@example.com,9807711306,Female,48,Bangalore,2024-05-19,UPI
475,Katrina,Green,rider475@example.com,9211369572,Female,20,Pune,2024-10-08,Cash
476,Barbara,Mcdaniel,rider476@example.com,9790833509,Other,38,Chennai,2025-08-28,Card
477,Annette,Serrano,rider477@example.com,9025425730,Male,43,Pune,2025-01-26,Cash
478,Tiffany,Marsh,rider478@example.com,9662481323,Female,53,Mumbai,2025-04-10,UPI
479,Elizabeth,Gonzalez,rider479@example.com,9570713984,Female,59,Pune,2025-07-27,Card
480,Matthew,Perry,rider480@example.com,9822850116,Female,54,Bangalore,2025-05-27,Wallet
481,Alexandra,White,rider481@example.com,9880925502,Female,39,Chennai,2024-09-12,Wallet
482,Jackie,Walter,rider482@example.com,9130609069,Female,59,Mumbai,2024-01-05,Card
483,Cody,Duffy,rider483@example.com,9130981079,Male,29,Bangalore,2024-08-23,Card
484,Dorothy,Wilkerson,rider484@example.com,9649673794,Female,59,Delhi,2025-05-19,UPI
485,John,Walker,rider485@example.com,9577278532,Female,30,Hyderabad,2025-07-25,UPI
486,Michael,Vaughan,rider486@example.com,9426425064,Female,28,Mumbai,2025-09-29,Card
487,Erica,Leblanc,rider487@example.com,9207683625,Male,33,Chennai,2024-10-07,UPI
488,Paul,Holland,rider488@example.com,9366677767,Male,25,Pune,2025-05-15,UPI
489,Mary,Sims,rider489@example.com,9555628333,Female,57,Pune,2024-12-31,Cash
490,Angela,Meadows,rider490@example.com,9393957865,Female,57,Mumbai,2025-02-07,UPI
491,Vanessa,Mccann,rider491@example.com,9436271874,Male,62,Chennai,2024-05-28,UPI
492,Brian,Gonzalez,rider492@example.com,9960335826,Female,19,Mumbai,2024-05-27,Wallet
493,Dawn,Haynes,rider493@example.com,9862703692,Male,47,Chennai,2024-10-19,Card
494,Eric,Jackson,rider494@example.com,9492693265,Male,47,Pune,2024-01-21,UPI
495,Melinda,Morales,rider495@example.com,9732759980,Male,29,Bangalore,2024-08-13,Wallet
496,Melissa,Patterson,rider496@example.com,9111000515,Male,27,Delhi,2025-03-30,Card
497,Molly,Green,rider497@example.com,9532341595,Female,61,Bangalore,2024-09-28,Wallet
498,Charles,Davis,rider498@example.com,9977524418,Male,28,Delhi,2024-04-21,Wallet
499,Travis,Richardson,rider499@example.com,9222618962,Female,32,Pune,2024-11-09,UPI
500,John,Valentine,rider500@example.com,9887431271,Other,33,Bangalore,2024-03-27,Wallet
501,Tara,Wilson,rider501@example.com,9026767209,Female,34,Bangalore,2025-02-20,Card
502,Brent,Higgins,rider502@example.com,9579927079,Female,43,Mumbai,2024-01-20,UPI
503,Jeffrey,Graham,rider503@example.com,9551512294,Male,19,Hyderabad,2024-09-21,Wallet
504,Dawn,Mora,rider504@example.com,9621354159,Female,29,Pune,2025-01-13,Card
505,Richard,Chavez,rider505@example.com,9709962543,Female,43,Chennai,2024-01-20,Wallet
506,Jimmy,Nunez,rider506@example.com,9848075203,Male,40,Pune,2025-03-06,UPI
507,Stephen,Wilson,rider507@example.com,9447650471,Female,35,Chennai,2024-04-01,Card
508,Laurie,Reeves,rider508@example.com,9580290904,Female,49,Chennai,2024-11-05,Wallet
509,Shane,Lee,rider509@example.com,9637660465,Female,55,Delhi,2024-02-04,Cash
510,Melissa,Atkins,rider510@example.com,9586652548,Female,64,Chennai,2024-09-11,Card
511,Sergio,Casey,rider511@example.com,9374417158,Female,20,Chennai,2024-05-22,Cash
512,David,Roberts,rider512@example.com,9102131251,Male,55,Mumbai,2024-08-07,Cash
513,Tyler,Snyder,rider513@example.com,9293110059,Female,20,Bangalore,2025-05-24,UPI
514,Denise,Anderson,rider514@example.com,9129751910,Female,47,Pune,2024-09-11,Card
515,Curtis,Gates,rider515@example.com,9231211063,Male,18,Pune,2025-05-18,UPI
516,Robert,Greene,rider516@example.com,9301658373,Male,47,Chennai,2025-07-10,Card
517,Angela,Carney,rider517@example.com,9792749072,Male,62,Hyderabad,2024-06-18,UPI
518,Aaron,Campbell,rider518@example.com,9801234289,Female,49,Pune,2024-02-25,Wallet
519,Christopher,Byrd,rider519@example.com,9311325326,Other,45,Chennai,2024-01-14,UPI
520,Cassandra,Barnes,rider520@example.com,9949684364,Male,38,Delhi,2024-12-27,Card
521,Christine,Ortiz,rider521@example.com,9538044210,Female,63,Delhi,2025-10-30,Cash
522,Kevin,Thomas,rider522@example.com,9175096170,Male,30,Delhi,2024-08-22,Card
523,William,Roberts,rider523@example.com,9159591945,Female,44,Chennai,2025-03-11,UPI
524,Jamie,Green,rider524@example.com,9757574758,Female,53,Mumbai,2025-06-06,Wallet
525,Emily,Williamson,rider525@example.com,9339205677,Female,24,Hyderabad,2025-03-12,Wallet
526,Stephanie,Solomon,rider526@example.com,9567772266,Male,39,Chennai,2025-05-19,UPI
527,Michael,Wood,rider527@example.com,9025626506,Male,27,Mumbai,2025-09-27,Cash
528,Brian,Sutton,rider528@example.com,9229231067,Male,56,Mumbai,2024-05-14,UPI
529,Jeffrey,Ellis,rider529@example.com,9245307624,Male,32,Pune,2024-01-15,UPI
530,Shawn,Smith,rider530@example.com,9843379766,Female,32,Chennai,2024-04-12,UPI
531,Ann,Anderson,rider531@example.com,9270511579,Female,21,Chennai,2024-03-26,Wallet
532,Christine,Morris,rider532@example.com,9423873670,Other,49,Mumbai,2025-03-24,Cash
533,Thomas,Steele,rider533@example.com,9425496919,Other,40,Mumbai,2025-01-12,Card
534,Diane,Mcdaniel,rider534@example.com,9284552597,Female,23,Mumbai,2024-05-26,UPI
535,Jennifer,Reeves,rider535@example.com,9107563353,Female,41,Pune,2025-04-13,Wallet
536,Daniel,Erickson,rider536@example.com,9574859532,Female,37,Chennai,2025-05-28,Cash
537,Katherine,Fitzgerald,rider537@example.com,9593993379,Female,54,Mumbai,2024-04-23,UPI
538,Jeffrey,Scott,rider538@example.com,9705816295,Male,37,Delhi,2025-02-10,Card
539,Matthew,Davis,rider539@example.com,9187794176,Male,29,Chennai,2025-05-15,UPI
540,Maria,Brown,rider540@example.com,9342507330,Male,50,Pune,2024-03-18,UPI
541,Tamara,Cook,rider541@example.com,9559782457,Female,45,Delhi,2025-07-02,UPI
542,Kelly,Young,rider542@example.com,9598339914,Female,25,Bangalore,2025-10-07,UPI
543,Alejandra,Odonnell,rider543@example.com,9038843660,Male,18,Chennai,2024-03-14,Cash
544,Jacqueline,Barajas,rider544@example.com,9443240061,Female,54,Bangalore,2024-01-19,Card
545,Brandon,Crosby,rider545@example.com,9572768297,Female,39,Mumbai,2024-07-28,UPI
546,Frank,Coffey,rider546@example.com,9514743974,Male,23,Pune,2025-03-29,Cash
547,Donald,George,rider547@example.com,9292501058,Male,38,Mumbai,2025-10-03,Card
548,Jennifer,Goodman,rider548@example.com,9752568065,Female,49,Pune,2024-09-22,UPI
549,Jennifer,Williams,rider549@example.com,9625904599,Female,52,Hyderabad,2025-04-23,Cash
550,Daniel,King,rider550@example.com,9080271122,Female,32,Mumbai,2024-02-21,UPI
551,Cheryl,Harvey,rider551@example.com,9182315551,Female,22,Bangalore,2025-04-07,UPI
552,Jacob,Turner,rider552@example.com,9651768086,Female,63,Pune,2025-02-23,UPI
553,Sarah,Foster,rider553@example.com,9628137214,Female,23,Mumbai,2024-03-10,UPI
554,Philip,Wood,rider554@example.com,9330800370,Female,42,Chennai,2025-06-01,UPI
555,Stephen,Donaldson,rider555@example.com,9033228556,Female,63,Pune,2025-07-22,UPI
556,Kimberly,Hansen,rider556@example.com,9608470681,Male,57,Pune,2025-02-06,Wallet
557,Jennifer,Carpenter,rider557@example.com,9039033970,Male,46,Mumbai,2024-03-22,Card
558,Daniel,Green,rider558@example.com,9519582632,Male,24,Hyderabad,2025-10-20,UPI
559,Robert,Gordon,rider559@example.com,9809448586,Female,57,Mumbai,2025-06-07,UPI
560,Sara,Conrad,rider560@example.com,9239453546,Female,30,Bangalore,2024-08-20,Wallet
561,Mary,Humphrey,rider561@example.com,9147079863,Female,55,Bangalore,2024-10-14,Card
562,Brianna,Anderson,rider562@example.com,9210613394,Male,35,Pune,2024-09-05,Wallet
563,Kelsey,Stewart,rider563@example.com,9394570394,Male,19,Pune,2024-12-04,Card
564,Shannon,Moreno,rider564@example.com,9380403253,Male,25,Mumbai,2024-08-16,UPI
565,Dominique,Thomas,rider565@example.com,9765769277,Male,28,Bangalore,2025-07-22,UPI
566,Stephanie,Wilson,rider566@example.com,9894319100,Female,50,Bangalore,2025-07-04,Card
567,Dennis,Williams,rider567@example.com,9900404769,Male,55,Hyderabad,2024-03-12,UPI
568,Victor,Anderson,rider568@example.com,9210533651,Male,44,Chennai,2025-10-04,Card
569,Alyssa,Savage,rider569@example.com,9460401424,Female,37,Hyderabad,2025-03-01,UPI
570,Brandon,Davenport,rider570@example.com,9731072011,Male,29,Delhi,2025-07-08,Cash
571,Savannah,Adkins,rider571@example.com,9379844097,Male,60,Hyderabad,2025-04-18,UPI
572,Mary,Howe,rider572@example.com,9123166007,Female,48,Mumbai,2024-10-18,Cash
573,Timothy,Campbell,rider573@example.com,9676209014,Male,44,Chennai,2025-05-06,Card
574,William,Mcdowell,rider574@example.com,9473404337,Female,49,Mumbai,2025-10-07,Cash
575,Samantha,Austin,rider575@example.com,9009687304,Female,27,Delhi,2024-06-30,Card
576,Gregory,Juarez,rider576@example.com,9519577825,Female,20,Chennai,2025-06-24,Wallet
577,Beth,Baker,rider577@example.com,9588255629,Male,62,Pune,2024-12-26,Card
578,Jessica,Edwards,rider578@example.com,9657542786,Female,44,Bangalore,2024-11-19,Wallet
579,David,Stafford,rider579@example.com,9561942557,Male,52,Hyderabad,2024-10-18,UPI
580,Paul,Stewart,rider580@example.com,9782058295,Male,48,Mumbai,2025-05-04,UPI
581,Caroline,Vang,rider581@example.com,9829236161,Male,32,Delhi,2024-06-29,UPI
582,Nicole,Gallagher,rider582@example.com,9880819048,Other,33,Bangalore,2025-07-23,UPI
583,William,Hernandez,rider583@example.com,9235715586,Male,30,Hyderabad,2025-07-09,Card
584,Patrick,Farrell,rider584@example.com,9863956137,Male,52,Bangalore,2024-02-28,Card
585,Tiffany,Sandoval,rider585@example.com,9230817214,Female,28,Hyderabad,2025-08-12,Wallet
586,Ruth,Yates,rider586@example.com,9364381300,Male,38,Pune,2024-06-12,UPI
587,Kathryn,Brown,rider587@example.com,9041321147,Male,28,Chennai,2024-11-07,UPI
588,Joshua,Hernandez,rider588@example.com,9165609456,Male,47,Bangalore,2025-02-12,Card
589,Tamara,Hall,rider589@example.com,9534699799,Male,52,Bangalore,2024-09-11,Cash
590,Tara,Johnson,rider590@example.com,9070755047,Male,39,Bangalore,2024-01-21,Card
591,Shawn,Green,rider591@example.com,9681699570,Male,55,Chennai,2025-07-23,UPI
592,Dennis,Mccarthy,rider592@example.com,9607174811,Female,48,Delhi,2024-05-02,Wallet
593,Robert,Graham,rider593@example.com,9317653970,Male,31,Hyderabad,2024-05-22,Card
594,Holly,Carney,rider594@example.com,9548739610,Male,41,Pune,2025-06-17,Wallet
595,Kaitlyn,Ho,rider595@example.com,9290871827,Female,49,Bangalore,2024-08-16,UPI
596,Kent,Williams,rider596@example.com,9496804918,Male,53,Chennai,2025-08-12,UPI
597,Jacqueline,Kelly,rider597@example.com,9727420495,Female,49,Delhi,2025-04-14,Card
598,Michelle,Fletcher,rider598@example.com,9612137730,Male,32,Hyderabad,2024-07-04,UPI
599,Jennifer,Washington,rider599@example.com,9626042359,Male,60,Chennai,2024-01-08,Wallet
600,Selena,Vasquez,rider600@example.com,9737112229,Male,52,Pune,2025-09-26,UPI
601,Cynthia,Singleton,rider601@example.com,9907756085,Male,20,Pune,2024-02-28,UPI
602,James,Camacho,rider602@example.com,9816704686,Male,33,Hyderabad,2025-04-27,Card
603,Claudia,Martinez,rider603@example.com,9111457683,Male,22,Bangalore,2024-11-23,Card
604,Kelly,Davis,rider604@example.com,9210219237,Male,38,Pune,2025-05-22,UPI
605,Michael,Oneill,rider605@example.com,9858471296,Male,27,Delhi,2025-04-07,Card
606,Emily,White,rider606@example.com,9180332426,Male,36,Chennai,2025-03-08,UPI
607,Tina,Jackson,rider607@example.com,9050801849,Male,42,Delhi,2024-11-24,UPI
608,Debra,Hicks,rider608@example.com,9804253733,Male,21,Bangalore,2025-06-14,UPI
609,Susan,Nelson,rider609@example.com,9777312688,Male,46,Delhi,2024-03-04,Card
610,William,Macdonald,rider610@example.com,9122821781,Female,36,Delhi,2024-05-29,Cash
611,Heather,Willis,rider611@example.com,9923653460,Male,60,Mumbai,2025-04-08,UPI
612,Marcus,Silva,rider612@example.com,9605603567,Female,19,Delhi,2024-07-24,Card
613,Darrell,Bonilla,rider613@example.com,9932798623,Female,27,Hyderabad,2025-01-24,UPI
614,Michael,Fox,rider614@example.com,9984716906,Male,60,Chennai,2024-11-13,UPI
615,Timothy,Duncan,rider615@example.com,9181205464,Female,42,Mumbai,2024-12-21,Cash
616,Ashley,Butler,rider616@example.com,9754895478,Female,37,Chennai,2024-10-12,UPI
617,Elizabeth,Jones,rider617@example.com,9769899927,Male,36,Chennai,2025-05-14,Card
618,Robert,Tate,rider618@example.com,9517588914,Male,40,Bangalore,2024-08-09,Cash
619,Julie,Rhodes,rider619@example.com,9444983553,Female,41,Bangalore,2025-04-15,UPI
620,Maureen,Clay,rider620@example.com,9935435864,Female,28,Mumbai,2024-06-30,UPI
621,Justin,Johnson,rider621@example.com,9496392435,Male,63,Pune,2024-06-17,Wallet
622,Melanie,Maldonado,rider622@example.com,9885379821,Male,51,Bangalore,2024-03-22,UPI
623,Lindsey,Becker,rider623@example.com,9433952753,Male,45,Bangalore,2024-05-09,Wallet
624,Alexandra,Long,rider624@example.com,9674978524,Male,22,Bangalore,2024-03-21,Card
625,Anthony,Garza,rider625@example.com,9914168601,Female,22,Chennai,2024-12-24,Card
626,Dustin,Bean,rider626@example.com,9347789489,Male,38,Mumbai,2025-05-25,UPI
627,Ellen,Hood,rider627@example.com,9634067917,Male,29,Chennai,2024-05-04,Card
628,James,Hernandez,rider628@example.com,9665122150,Female,21,Hyderabad,2024-05-25,Wallet
629,Karen,Miller,rider629@example.com,9014188421,Male,59,Chennai,2024-11-20,Wallet
630,Eugene,Rivas,rider630@example.com,9630900159,Male,37,Hyderabad,2025-04-30,UPI
631,Justin,Keller,rider631@example.com,9446333999,Female,55,Delhi,2025-10-15,Wallet
632,John,Gibson,rider632@example.com,9485320895,Female,42,Delhi,2024-12-17,Card
633,Mary,Moses,rider633@example.com,9326389021,Male,31,Hyderabad,2024-07-09,Card
634,Hannah,Wheeler,rider634@example.com,9994711363,Female,28,Hyderabad,2024-03-09,Wallet
635,Kenneth,Smith,rider635@example.com,9379223410,Male,49,Chennai,2024-05-10,UPI
636,Karen,Booker,rider636@example.com,9346996733,Male,28,Hyderabad,2024-06-01,Wallet
637,Antonio,Douglas,rider637@example.com,9116772696,Female,35,Mumbai,2024-04-30,UPI
638,Lisa,Tapia,rider638@example.com,9084376855,Male,44,Delhi,2024-01-11,Card
639,Curtis,Nguyen,rider639@example.com,9078967935,Male,35,Delhi,2024-12-23,UPI
640,Miranda,Dennis,rider640@example.com,9219626335,Male,40,Pune,2024-07-03,Wallet
641,Jodi,Navarro,rider641@example.com,9564343697,Male,28,Hyderabad,2025-10-13,Card
642,Michelle,Bernard,rider642@example.com,9093170695,Male,38,Bangalore,2025-01-05,Wallet
643,Julia,Carroll,rider643@example.com,9560767616,Male,61,Bangalore,2025-04-11,UPI
644,Anna,Lewis,rider644@example.com,9453454722,Male,22,Hyderabad,2024-03-26,UPI
645,John,Williams,rider645@example.com,9398983065,Male,40,Mumbai,2025-08-04,Card
646,Kristen,Schneider,rider646@example.com,9031219804,Female,58,Bangalore,2024-11-24,UPI
647,Lauren,Morris,rider647@example.com,9184724264,Female,42,Pune,2025-08-06,Card
648,Keith,Brown,rider648@example.com,9236428131,Female,58,Hyderabad,2025-01-19,Card
649,Elizabeth,Jones,rider649@example.com,9909248762,Female,27,Mumbai,2024-11-10,Wallet
650,Sara,Crane,rider650@example.com,9303911142,Male,39,Mumbai,2024-10-22,UPI
651,Paul,James,rider651@example.com,9817852282,Male,36,Chennai,2024-05-04,UPI
652,Sue,Ross,rider652@example.com,9305248088,Female,18,Mumbai,2024-02-05,Cash
653,Theresa,Thompson,rider653@example.com,9062207223,Female,24,Bangalore,2025-09-21,Card
654,Larry,Hanna,rider654@example.com,9959473721,Female,21,Bangalore,2024-11-16,Wallet
655,Andrea,Glenn,rider655@example.com,9329016204,Male,18,Hyderabad,2025-07-04,Card
656,Alexander,Davis,rider656@example.com,9787688687,Male,32,Hyderabad,2024-09-25,Card
657,John,Phelps,rider657@example.com,9859964862,Male,57,Mumbai,2024-02-20,Cash
658,Christine,Martin,rider658@example.com,9872031954,Male,29,Pune,2025-02-25,Cash
659,Kimberly,Chan,rider659@example.com,9196664505,Female,39,Delhi,2024-02-06,Card
660,Molly,Mitchell,rider660@example.com,9730362792,Female,39,Chennai,2024-04-10,Wallet
661,Maria,Goodwin,rider661@example.com,9463203747,Male,64,Delhi,2025-01-11,Card
662,Rhonda,Valdez,rider662@example.com,9677537260,Other,34,Mumbai,2024-07-22,Card
663,Janet,Martinez,rider663@example.com,9321450576,Female,46,Mumbai,2025-10-26,UPI
664,Deborah,Henry,rider664@example.com,9619458870,Male,63,Delhi,2024-03-21,Card
665,Kari,Reynolds,rider665@example.com,9715534820,Male,31,Chennai,2025-05-26,Wallet
666,Amy,Drake,rider666@example.com,9128400838,Male,37,Delhi,2025-02-10,Card
667,Carrie,Collins,rider667@example.com,9507659759,Male,50,Hyderabad,2025-06-13,Cash
668,Kimberly,Cohen,rider668@example.com,9545089177,Male,60,Bangalore,2024-05-31,Card
669,Tamara,Anderson,rider669@example.com,9680898126,Male,32,Pune,2024-12-16,Card
670,Kelly,Wade,rider670@example.com,9574223196,Male,29,Hyderabad,2024-10-28,Wallet
671,Gregory,Collier,rider671@example.com,9463004023,Male,57,Bangalore,2024-10-23,UPI
672,Felicia,Hunt,rider672@example.com,9693626894,Female,37,Pune,2025-07-29,Card
673,Jacob,Burns,rider673@example.com,9301204713,Male,47,Pune,2025-10-24,Cash
674,Glenn,Mcclure,rider674@example.com,9727117595,Female,55,Pune,2024-07-23,UPI
675,Willie,Alvarez,rider675@example.com,9749885582,Male,20,Mumbai,2025-02-19,Wallet
676,Nicholas,Hart,rider676@example.com,9984933067,Other,45,Pune,2025-02-12,UPI
677,Roy,Henderson,rider677@example.com,9458476094,Male,43,Chennai,2025-05-10,Card
678,Angela,Avila,rider678@example.com,9412833372,Male,47,Delhi,2025-09-25,UPI
679,David,Shepherd,rider679@example.com,9188566695,Female,30,Chennai,2024-05-19,Cash
680,Brandy,Austin,rider680@example.com,9413297150,Female,30,Delhi,2024-05-21,Cash
681,Jonathan,Hamilton,rider681@example.com,9666267055,Female,19,Hyderabad,2025-03-18,UPI
682,Mark,Simmons,rider682@example.com,9143776936,Male,54,Hyderabad,2024-04-15,Wallet
683,Jenna,Williams,rider683@example.com,9634392529,Male,55,Delhi,2024-04-27,Wallet
684,Eric,Peterson,rider684@example.com,9596111102,Female,19,Chennai,2024-02-21,UPI
685,Eric,Ford,rider685@example.com,9867120072,Female,53,Delhi,2024-01-03,Wallet
686,Marcus,Walker,rider686@example.com,9024559102,Female,43,Pune,2024-10-28,Card
687,Brent,Parks,rider687@example.com,9451091090,Female,28,Mumbai,2025-02-01,UPI
688,Sarah,Moore,rider688@example.com,9326714949,Male,25,Hyderabad,2024-07-14,Card
689,Christina,Simpson,rider689@example.com,9819421794,Female,61,Mumbai,2024-06-04,UPI
690,Dorothy,Soto,rider690@example.com,9281793406,Male,57,Pune,2025-04-18,UPI
691,Tracy,Warren,rider691@example.com,9527758446,Male,60,Pune,2025-04-15,Cash
692,Ashley,Roberts,rider692@example.com,9634533722,Male,39,Hyderabad,2024-10-31,Cash
693,Michael,Kim,rider693@example.com,9010912172,Male,37,Hyderabad,2025-04-05,Card
694,Kristen,Solomon,rider694@example.com,9214559376,Male,25,Pune,2025-09-10,Card
695,Louis,Woods,rider695@example.com,9618943705,Male,46,Bangalore,2025-06-11,UPI
696,Jeffrey,Hernandez,rider696@example.com,9263510046,Female,57,Mumbai,2025-02-22,Card
697,Ivan,Anderson,rider697@example.com,9277657256,Male,43,Mumbai,2025-03-18,Cash
698,Carlos,Leach,rider698@example.com,9592024617,Female,47,Bangalore,2025-09-16,UPI
699,William,Skinner,rider699@example.com,9520238974,Male,34,Chennai,2024-10-11,UPI
700,Robert,Mills,rider700@example.com,9326005595,Male,37,Mumbai,2024-12-30,Wallet
701,Amanda,Phillips,rider701@example.com,9501783325,Female,33,Delhi,2025-03-09,Wallet
702,Christopher,Williams,rider702@example.com,9848689993,Male,63,Pune,2025-08-30,UPI
703,Jeffrey,Jones,rider703@example.com,9607984870,Male,60,Pune,2025-07-07,UPI
704,Jason,Williams,rider704@example.com,9450691767,Male,24,Bangalore,2024-02-18,Wallet
705,Martin,Rodriguez,rider705@example.com,9993593744,Male,33,Mumbai,2024-04-21,Wallet
706,Michael,Coleman,rider706@example.com,9039464083,Other,62,Chennai,2024-07-25,Card
707,Jeffery,Davis,rider707@example.com,9037360601,Male,64,Mumbai,2025-05-16,Card
708,Karen,Guerrero,rider708@example.com,9488608490,Female,44,Pune,2025-01-16,Wallet
709,Alyssa,Carroll,rider709@example.com,9793884136,Male,40,Hyderabad,2024-07-12,UPI
710,Wendy,King,rider710@example.com,9852830615,Female,41,Delhi,2024-03-25,UPI
711,Madison,Scott,rider711@example.com,9370124244,Female,26,Bangalore,2025-04-06,UPI
712,Tina,Miller,rider712@example.com,9626325144,Female,52,Hyderabad,2025-04-13,Wallet
713,Alan,Gordon,rider713@example.com,9881121031,Male,37,Chennai,2025-09-22,UPI
714,Elizabeth,Wilson,rider714@example.com,9421751887,Male,54,Hyderabad,2024-12-01,UPI
715,Sean,Stanley,rider715@example.com,9817941515,Male,59,Hyderabad,2024-11-26,Wallet
716,Rebecca,White,rider716@example.com,9263840911,Female,34,Chennai,2024-02-24,Cash
717,Christina,White,rider717@example.com,9225288375,Female,64,Hyderabad,2024-01-28,Wallet
718,Christine,Long,rider718@example.com,9056618632,Female,48,Bangalore,2024-10-16,UPI
719,Susan,Miller,rider719@example.com,9397913787,Male,25,Pune,2024-08-04,Card
720,Felicia,Mcdowell,rider720@example.com,9655300730,Female,32,Mumbai,2024-06-17,UPI
721,Manuel,Evans,rider721@example.com,9950556057,Female,48,Hyderabad,2024-03-03,Card
722,Ruth,Matthews,rider722@example.com,9121988192,Male,47,Bangalore,2025-10-05,UPI
723,Sierra,Gibson,rider723@example.com,9778851905,Male,63,Mumbai,2025-07-13,Wallet
724,Paul,Santiago,rider724@example.com,9348640104,Female,37,Mumbai,2025-01-20,UPI
725,Amber,Hanson,rider725@example.com,9246245618,Female,56,Hyderabad,2025-09-28,Cash
726,Justin,Baker,rider726@example.com,9517446004,Female,29,Bangalore,2025-10-30,UPI
727,Rhonda,Levy,rider727@example.com,9521289915,Male,34,Pune,2025-03-26,Wallet
728,Lynn,Savage,rider728@example.com,9114551293,Female,59,Hyderabad,2024-06-30,Card
729,Nicholas,Lopez,rider729@example.com,9913044881,Male,47,Chennai,2024-01-28,Wallet
730,Leah,Lopez,rider730@example.com,9898484160,Male,46,Mumbai,2025-05-21,Card
731,Sean,Burgess,rider731@example.com,9461540211,Male,36,Hyderabad,2024-11-11,Card
732,Bradley,Munoz,rider732@example.com,9901707568,Female,63,Mumbai,2025-03-12,Cash
733,Rachel,Savage,rider733@example.com,9142983152,Female,28,Bangalore,2025-09-04,UPI
734,James,Rodriguez,rider734@example.com,9291073228,Female,51,Delhi,2024-05-02,Wallet
735,Willie,Ferguson,rider735@example.com,9360849378,Male,24,Hyderabad,2025-01-27,UPI
736,Stacy,Smith,rider736@example.com,9306396384,Female,61,Pune,2025-03-01,Cash
737,Gary,Wilson,rider737@example.com,9526969443,Male,51,Hyderabad,2024-11-25,Card
738,Stephanie,Jackson,rider738@example.com,9916497016,Female,37,Mumbai,2024-03-02,UPI
739,Amanda,Woods,rider739@example.com,9934292913,Male,55,Bangalore,2024-08-21,Wallet
740,Adrian,Holt,rider740@example.com,9203301623,Male,41,Chennai,2024-08-11,UPI
741,Cameron,Melton,rider741@example.com,9419031061,Male,27,Pune,2025-03-24,Card
742,Ellen,Church,rider742@example.com,9537221556,Male,49,Bangalore,2025-07-27,Card
743,Kim,Guzman,rider743@example.com,9684732365,Female,32,Hyderabad,2024-08-09,UPI
744,Michelle,Tucker,rider744@example.com,9337746040,Male,54,Chennai,2025-04-09,UPI
745,Roger,Montgomery,rider745@example.com,9672007843,Male,37,Bangalore,2024-07-12,Card
746,Dalton,Dickson,rider746@example.com,9614244260,Female,20,Delhi,2025-09-24,Card
747,Amanda,Ward,rider747@example.com,9781975437,Male,54,Pune,2025-06-28,UPI
748,Jacqueline,Nunez,rider748@example.com,9347642737,Female,57,Mumbai,2025-01-03,Wallet
749,Theresa,Vaughn,rider749@example.com,9203763882,Female,25,Bangalore,2024-10-31,UPI
750,Kimberly,Foster,rider750@example.com,9145841484,Female,57,Bangalore,2024-07-30,Cash
751,Deborah,Turner,rider751@example.com,9601913443,Male,61,Delhi,2024-08-04,Cash
752,Shelby,Martinez,rider752@example.com,9899827802,Female,40,Hyderabad,2025-10-11,UPI
753,Julie,Smith,rider753@example.com,9058695073,Female,57,Pune,2024-09-27,Card
754,Eric,Rodriguez,rider754@example.com,9214644936,Male,28,Pune,2024-12-10,Wallet
755,Stephen,Smith,rider755@example.com,9999516793,Male,63,Mumbai,2025-10-23,UPI
756,Martin,Waller,rider756@example.com,9350557385,Female,25,Bangalore,2025-03-16,Card
757,Christopher,Trevino,rider757@example.com,9736801192,Female,46,Chennai,2024-12-29,Cash
758,Brian,Clark,rider758@example.com,9360376811,Female,47,Bangalore,2024-10-04,Wallet
759,Laura,Wong,rider759@example.com,9872333510,Female,27,Mumbai,2024-05-06,Wallet
760,Angela,Santos,rider760@example.com,9409614973,Female,56,Bangalore,2024-08-30,Wallet
761,Bailey,Graham,rider761@example.com,9153911498,Male,45,Delhi,2025-05-21,Cash
762,Jeremy,Garrett,rider762@example.com,9307482073,Male,53,Bangalore,2025-02-22,Wallet
763,Jonathan,Tyler,rider763@example.com,9651189394,Male,30,Bangalore,2025-05-23,Wallet
764,Paul,Lee,rider764@example.com,9065578201,Female,49,Chennai,2024-05-16,UPI
765,Crystal,Turner,rider765@example.com,9904322302,Male,53,Delhi,2025-01-02,Card
766,Ryan,Ford,rider766@example.com,9333247073,Female,54,Delhi,2025-09-12,Wallet
767,Andre,Wells,rider767@example.com,9920135462,Female,43,Bangalore,2024-10-20,UPI
768,Emily,Johnson,rider768@example.com,9127602508,Female,39,Pune,2025-04-12,Wallet
769,Amanda,Martin,rider769@example.com,9261123126,Male,21,Chennai,2024-03-23,UPI
770,Darlene,Hernandez,rider770@example.com,9163248889,Female,48,Bangalore,2025-10-13,Wallet
771,Christine,Park,rider771@example.com,9957298937,Male,35,Bangalore,2025-02-11,UPI
772,Katelyn,Maynard,rider772@example.com,9629745493,Female,55,Mumbai,2024-06-09,UPI
773,Brenda,Ruiz,rider773@example.com,9036468719,Male,41,Mumbai,2024-04-16,Card
774,Jaclyn,Heath,rider774@example.com,9120381876,Male,40,Pune,2025-01-03,Cash
775,Charles,Richards,rider775@example.com,9920828323,Female,39,Chennai,2025-01-04,Cash
776,Sarah,Harris,rider776@example.com,9089813881,Male,19,Hyderabad,2024-03-04,Cash
777,Daniel,Hudson,rider777@example.com,9588144582,Male,48,Mumbai,2025-10-25,Card
778,Kristin,Bass,rider778@example.com,9206732318,Female,28,Hyderabad,2025-09-02,UPI
779,Kevin,Williams,rider779@example.com,9297168157,Female,45,Delhi,2024-11-05,Card
780,Christopher,Smith,rider780@example.com,9245000000,Female,63,Mumbai,2024-03-20,Wallet
781,Kathy,Mccoy,rider781@example.com,9152911371,Female,49,Mumbai,2025-07-10,UPI
782,Samuel,Marquez,rider782@example.com,9785090255,Female,22,Chennai,2024-11-29,Card
783,Randall,Petty,rider783@example.com,9618444218,Male,55,Pune,2025-04-24,UPI
784,Donna,Allison,rider784@example.com,9299874781,Male,27,Hyderabad,2024-12-06,UPI
785,Thomas,Mclaughlin,rider785@example.com,9224890567,Male,57,Mumbai,2024-07-02,Wallet
786,Amanda,Larson,rider786@example.com,9086700900,Female,63,Mumbai,2025-07-12,Cash
787,Derek,Spencer,rider787@example.com,9436551584,Female,41,Chennai,2025-10-17,Card
788,Peter,Roberts,rider788@example.com,9826691362,Male,52,Chennai,2024-06-12,UPI
789,Lauren,Freeman,rider789@example.com,9483550542,Male,61,Pune,2025-01-04,Card
790,Amy,Tucker,rider790@example.com,9960807063,Female,40,Hyderabad,2024-09-14,UPI
791,Susan,Garza,rider791@example.com,9369987950,Male,34,Delhi,2025-09-08,UPI
792,Douglas,Carr,rider792@example.com,9982210401,Female,18,Pune,2024-12-06,Card
793,Erica,Gregory,rider793@example.com,9648188044,Male,48,Delhi,2025-08-11,UPI
794,Robin,Velasquez,rider794@example.com,9287738363,Female,48,Bangalore,2025-08-01,Card
795,Laura,Freeman,rider795@example.com,9816432126,Male,59,Mumbai,2024-07-04,UPI
796,Jessica,Klein,rider796@example.com,9942894642,Female,59,Hyderabad,2025-06-12,Card
797,Nathan,Rice,rider797@example.com,9036258631,Female,51,Pune,2024-10-05,Wallet
798,Stacy,Henderson,rider798@example.com,9441706462,Female,26,Mumbai,2025-09-17,Card
799,Angela,Stewart,rider799@example.com,9554026355,Female,39,Hyderabad,2024-12-06,UPI
800,Angela,Brown,rider800@example.com,9824301764,Female,30,Hyderabad,2025-07-03,Wallet
801,David,Orozco,rider801@example.com,9644898803,Female,42,Hyderabad,2024-07-08,Card
802,Adam,Butler,rider802@example.com,9153888245,Male,35,Mumbai,2024-07-19,Wallet
803,Candice,Kennedy,rider803@example.com,9279050404,Female,29,Pune,2025-01-28,Cash
804,Amanda,Simpson,rider804@example.com,9333353849,Female,57,Chennai,2025-10-30,UPI
805,Stacey,Mcmillan,rider805@example.com,9516321119,Male,34,Mumbai,2024-11-24,UPI
806,Kevin,Reed,rider806@example.com,9787180933,Female,32,Hyderabad,2024-04-10,Cash
807,Kaitlin,Terry,rider807@example.com,9913732653,Female,59,Pune,2024-12-26,Card
808,Rebecca,Smith,rider808@example.com,9060119875,Female,32,Bangalore,2024-08-19,Card
809,Maurice,Roberts,rider809@example.com,9617868800,Male,32,Delhi,2025-01-04,Wallet
810,Robert,Lee,rider810@example.com,9230091561,Male,56,Hyderabad,2024-12-30,Cash
811,Debbie,Cooper,rider811@example.com,9829803657,Other,30,Bangalore,2024-11-01,Cash
812,William,Hall,rider812@example.com,9744916093,Female,34,Chennai,2024-08-03,Card
813,Eugene,Robinson,rider813@example.com,9659520149,Male,49,Hyderabad,2024-05-07,Cash
814,Jeffrey,Stout,rider814@example.com,9118941843,Female,26,Bangalore,2025-04-11,UPI
815,Mary,Morgan,rider815@example.com,9368750926,Female,57,Hyderabad,2025-01-17,Card
816,James,Guzman,rider816@example.com,9322399821,Male,37,Mumbai,2024-06-06,Wallet
817,Howard,Kirby,rider817@example.com,9374556114,Female,43,Pune,2025-06-03,UPI
818,Lauren,Sandoval,rider818@example.com,9042886050,Male,44,Bangalore,2024-01-31,UPI
819,Melissa,Anderson,rider819@example.com,9537666081,Male,38,Pune,2025-05-13,Cash
820,Melissa,Carter,rider820@example.com,9126003083,Male,35,Mumbai,2025-04-17,Wallet
821,Sarah,Dawson,rider821@example.com,9566910627,Female,30,Mumbai,2025-06-27,UPI
822,Virginia,Moyer,rider822@example.com,9153123455,Male,33,Pune,2024-09-15,Card
823,Steven,Whitaker,rider823@example.com,9068826917,Male,26,Bangalore,2025-03-20,Cash
824,Andrea,Nunez,rider824@example.com,9768293844,Male,29,Pune,2025-07-03,Card
825,Kelly,Navarro,rider825@example.com,9013480873,Female,61,Pune,2025-10-18,Cash
826,Carlos,Flynn,rider826@example.com,9543788260,Female,55,Delhi,2024-11-27,Cash
827,Corey,Marsh,rider827@example.com,9335910157,Male,36,Bangalore,2024-01-26,UPI
828,Jessica,Richard,rider828@example.com,9090859914,Male,24,Delhi,2024-12-02,Card
829,Tony,Howell,rider829@example.com,9492074926,Female,52,Hyderabad,2025-01-30,Wallet
830,Mark,Campbell,rider830@example.com,9999699648,Male,35,Pune,2025-08-04,Wallet
831,David,Curry,rider831@example.com,9997184285,Male,33,Hyderabad,2025-08-07,Wallet
832,Diana,Estrada,rider832@example.com,9969325914,Male,56,Bangalore,2024-10-22,UPI
833,Craig,Anderson,rider833@example.com,9084993231,Male,21,Pune,2024-12-18,Cash
834,Christine,Gonzalez,rider834@example.com,9234266980,Male,42,Hyderabad,2024-11-02,UPI
835,Rachel,Obrien,rider835@example.com,9690872617,Male,49,Chennai,2025-04-28,Wallet
836,Louis,Garcia,rider836@example.com,9607234838,Male,57,Mumbai,2024-10-01,Wallet
837,Shannon,Perry,rider837@example.com,9935953828,Female,30,Pune,2025-03-14,UPI
838,Christina,Chaney,rider838@example.com,9040561299,Male,62,Mumbai,2024-04-14,Card
839,Kevin,Torres,rider839@example.com,9650826958,Female,34,Delhi,2024-11-10,Card
840,Breanna,Clark,rider840@example.com,9264186965,Female,54,Hyderabad,2025-10-10,UPI
841,Ariana,Williams,rider841@example.com,9613087612,Male,23,Delhi,2024-08-15,Wallet
842,Michael,Smith,rider842@example.com,9385951434,Female,36,Pune,2025-04-08,UPI
843,Leslie,Ibarra,rider843@example.com,9682394840,Male,30,Mumbai,2025-03-11,UPI
844,Ronnie,Kelly,rider844@example.com,9027300869,Female,43,Mumbai,2025-07-23,Cash
845,Adam,Moore,rider845@example.com,9661016831,Male,31,Hyderabad,2025-07-24,Cash
846,John,Clayton,rider846@example.com,9139500168,Male,48,Pune,2025-07-29,Cash
847,Jeffrey,Kline,rider847@example.com,9094149150,Male,21,Chennai,2024-09-11,Cash
848,Jodi,Johnson,rider848@example.com,9762839762,Other,56,Chennai,2024-07-31,UPI
849,Ryan,Brown,rider849@example.com,9053440777,Male,25,Hyderabad,2025-04-26,UPI
850,Mary,Jordan,rider850@example.com,9946207266,Female,42,Pune,2025-05-23,Wallet
851,Dennis,Williamson,rider851@example.com,9292508177,Male,30,Hyderabad,2025-08-06,Card
852,Jessica,Martinez,rider852@example.com,9602991406,Female,49,Pune,2024-01-25,Cash
853,Natalie,Walker,rider853@example.com,9884133373,Male,55,Delhi,2024-02-16,Card
854,Steven,Scott,rider854@example.com,9125523561,Female,55,Hyderabad,2025-02-26,UPI
855,Michael,Peterson,rider855@example.com,9781703211,Male,45,Pune,2025-09-08,Card
856,Kevin,Kelly,rider856@example.com,9920613638,Male,47,Chennai,2025-10-29,UPI
857,Andrea,Williams,rider857@example.com,9527789561,Male,20,Pune,2025-05-14,UPI
858,Gregory,Rich,rider858@example.com,9337184449,Male,45,Pune,2024-10-17,UPI
859,Catherine,Adams,rider859@example.com,9029502648,Female,20,Hyderabad,2024-03-07,Cash
860,Meagan,Hernandez,rider860@example.com,9016440373,Male,62,Delhi,2025-02-28,UPI
861,Michele,Vaughn,rider861@example.com,9416781277,Female,51,Delhi,2025-08-06,Wallet
862,Donald,Robertson,rider862@example.com,9822102179,Male,33,Delhi,2024-10-24,UPI
863,Amanda,Caldwell,rider863@example.com,9821348629,Female,39,Delhi,2025-04-09,Cash
864,Jose,Mccarthy,rider864@example.com,9857973638,Male,49,Bangalore,2025-08-27,Wallet
865,Olivia,House,rider865@example.com,9318285605,Male,55,Hyderabad,2024-02-01,Wallet
866,Charles,Kim,rider866@example.com,9397079866,Female,25,Mumbai,2025-06-16,Card
867,Charles,Bryant,rider867@example.com,9177067368,Male,25,Hyderabad,2024-07-15,Cash
868,Andrew,Skinner,rider868@example.com,9205068212,Male,23,Bangalore,2024-09-08,UPI
869,William,Rodriguez,rider869@example.com,9235521650,Female,31,Delhi,2024-04-08,Card
870,Anthony,Rodriguez,rider870@example.com,9587146921,Female,49,Bangalore,2024-12-21,Cash
871,Bonnie,Bishop,rider871@example.com,9821925967,Male,52,Chennai,2025-01-14,Cash
872,Richard,Casey,rider872@example.com,9908984369,Male,27,Chennai,2025-06-14,Wallet
873,Brittany,Meza,rider873@example.com,9984802205,Female,20,Hyderabad,2024-04-24,Card
874,Rebecca,Colon,rider874@example.com,9093869484,Male,29,Hyderabad,2024-02-23,Wallet
875,Andrea,Williams,rider875@example.com,9249598811,Male,48,Mumbai,2025-08-05,Card
876,Amy,Garcia,rider876@example.com,9457887071,Male,46,Mumbai,2025-02-18,Card
877,Yolanda,Soto,rider877@example.com,9523867673,Female,22,Chennai,2024-06-10,UPI
878,Thomas,Pitts,rider878@example.com,9820974619,Female,42,Delhi,2025-09-02,Cash
879,Kimberly,Bartlett,rider879@example.com,9177987682,Male,58,Bangalore,2024-04-06,UPI
880,Michael,Moore,rider880@example.com,9996872258,Male,48,Mumbai,2024-11-05,Card
881,Jeffrey,Carter,rider881@example.com,9937085806,Male,38,Pune,2024-06-19,Cash
882,Kelsey,Alexander,rider882@example.com,9235040566,Female,37,Mumbai,2024-06-20,Card
883,Jessica,Hunter,rider883@example.com,9957900124,Male,56,Delhi,2024-01-08,Cash
884,Kelly,Oconnor,rider884@example.com,9825544286,Male,39,Delhi,2025-06-22,UPI
885,Steven,Garcia,rider885@example.com,9796325942,Female,21,Hyderabad,2025-08-26,UPI
886,William,Holland,rider886@example.com,9328946338,Male,30,Bangalore,2025-03-29,Card
887,Randy,Cook,rider887@example.com,9915624152,Female,62,Delhi,2024-04-16,Wallet
888,Wayne,Taylor,rider888@example.com,9857256292,Male,59,Mumbai,2024-10-23,Wallet
889,Elaine,Allison,rider889@example.com,9693358951,Male,37,Mumbai,2024-08-19,Card
890,Melanie,Gonzales,rider890@example.com,9381865507,Male,30,Chennai,2025-01-28,Card
891,Lindsay,Perry,rider891@example.com,9846850957,Female,34,Delhi,2025-03-03,UPI
892,Christina,Mack,rider892@example.com,9443034918,Female,53,Pune,2024-10-11,UPI
893,Gabriel,Sanchez,rider893@example.com,9911797203,Female,50,Hyderabad,2024-06-17,UPI
894,Willie,Lamb,rider894@example.com,9859340153,Male,18,Bangalore,2025-07-19,UPI
895,Sean,Peterson,rider895@example.com,9641547155,Female,32,Pune,2024-05-14,UPI
896,Harold,Wagner,rider896@example.com,9313259367,Male,30,Hyderabad,2024-09-14,Cash
897,Stacy,Miller,rider897@example.com,9813675009,Male,34,Mumbai,2024-11-19,Card
898,Donna,Watson,rider898@example.com,9421410527,Female,41,Pune,2024-06-08,Card
899,Tammy,Fischer,rider899@example.com,9698198780,Male,25,Hyderabad,2025-01-18,UPI
900,Jill,Ward,rider900@example.com,9927045238,Male,44,Mumbai,2025-01-19,UPI
901,Timothy,Ortega,rider901@example.com,9885622586,Male,62,Mumbai,2025-10-26,UPI
902,Michael,Hernandez,rider902@example.com,9605986787,Male,40,Mumbai,2024-07-17,UPI
903,Jeffery,Molina,rider903@example.com,9442275854,Male,63,Mumbai,2025-10-16,UPI
904,Tony,Fisher,rider904@example.com,9859655942,Female,25,Mumbai,2025-03-16,UPI
905,Bryan,Perez,rider905@example.com,9824911650,Male,25,Chennai,2024-07-03,Card
906,Mike,Pham,rider906@example.com,9200024539,Female,43,Pune,2025-01-14,UPI
907,Brad,Gutierrez,rider907@example.com,9313215513,Female,64,Hyderabad,2025-04-04,Wallet
908,Jamie,Ortiz,rider908@example.com,9055708368,Male,30,Chennai,2025-05-13,Card
909,Rebecca,Ellis,rider909@example.com,9214448896,Male,56,Chennai,2024-02-03,UPI
910,Michael,Phelps,rider910@example.com,9699727367,Male,54,Delhi,2025-02-10,UPI
911,Terry,Norton,rider911@example.com,9746202582,Female,45,Delhi,2024-11-28,Card
912,Shawn,Cox,rider912@example.com,9543183281,Male,42,Delhi,2025-08-27,Card
913,Brandon,Johnson,rider913@example.com,9231239204,Female,33,Bangalore,2024-07-11,UPI
914,Tina,Thomas,rider914@example.com,9910601836,Male,19,Delhi,2025-06-18,Wallet
915,Mario,Smith,rider915@example.com,9472387508,Female,35,Hyderabad,2025-02-10,UPI
916,Jane,Drake,rider916@example.com,9276817225,Male,34,Chennai,2024-08-24,Card
917,Adrienne,Acevedo,rider917@example.com,9775458472,Male,47,Hyderabad,2025-03-02,Card
918,Maria,Miller,rider918@example.com,9629052918,Female,56,Pune,2025-02-19,Card
919,Mary,Edwards,rider919@example.com,9768316082,Female,30,Delhi,2025-03-29,Card
920,Jose,Holden,rider920@example.com,9717217337,Male,49,Bangalore,2025-04-27,Card
921,Amy,Martin,rider921@example.com,9399205222,Female,46,Pune,2025-03-17,UPI
922,Glenn,Brown,rider922@example.com,9999362165,Male,63,Bangalore,2025-07-15,Cash
923,Desiree,Malone,rider923@example.com,9914388232,Female,47,Pune,2025-02-24,Cash
924,Michael,Keller,rider924@example.com,9553983584,Female,35,Chennai,2025-08-27,Card
925,Denise,May,rider925@example.com,9461777326,Male,30,Hyderabad,2025-03-08,Card
926,Mary,Orr,rider926@example.com,9430954497,Male,60,Mumbai,2024-07-26,UPI
927,Zachary,Brown,rider927@example.com,9912799702,Male,38,Hyderabad,2024-10-22,Wallet
928,Nicholas,Welch,rider928@example.com,9927120539,Female,47,Delhi,2025-01-23,UPI
929,Rebecca,Reeves,rider929@example.com,9787137529,Female,38,Mumbai,2025-05-05,Cash
930,Zachary,Guerrero,rider930@example.com,9883220125,Male,34,Bangalore,2024-03-02,Cash
931,Michael,Meyer,rider931@example.com,9608320048,Male,57,Chennai,2024-07-17,Wallet
932,Mindy,Phillips,rider932@example.com,9797888975,Female,36,Chennai,2025-05-15,Cash
933,Tommy,Morales,rider933@example.com,9358523860,Other,32,Bangalore,2024-04-28,UPI
934,Timothy,Becker,rider934@example.com,9030443619,Female,26,Delhi,2024-03-30,Card
935,Cassandra,Spencer,rider935@example.com,9951715239,Male,27,Bangalore,2024-12-27,UPI
936,Warren,Torres,rider936@example.com,9102929501,Male,61,Pune,2025-10-11,Card
937,Don,Newton,rider937@example.com,9437483093,Male,48,Delhi,2024-12-21,UPI
938,Gabriel,Blankenship,rider938@example.com,9096713971,Female,40,Mumbai,2025-09-03,UPI
939,Chris,Smith,rider939@example.com,9912602213,Male,47,Bangalore,2025-07-09,Wallet
940,Dawn,Ramirez,rider940@example.com,9217672019,Female,50,Delhi,2024-06-21,Wallet
941,Jason,Rose,rider941@example.com,9111661220,Male,26,Mumbai,2025-07-05,UPI
942,Jacob,Knapp,rider942@example.com,9190725873,Female,64,Bangalore,2024-11-18,Wallet
943,Michael,Graves,rider943@example.com,9393049366,Female,18,Chennai,2025-06-23,Card
944,Jennifer,Griffin,rider944@example.com,9538027481,Female,61,Bangalore,2025-05-14,Card
945,David,Harris,rider945@example.com,9242114086,Male,52,Hyderabad,2024-08-15,UPI
946,Jerry,Stephens,rider946@example.com,9825095229,Male,28,Bangalore,2024-03-18,UPI
947,Lisa,Kramer,rider947@example.com,9462093556,Male,51,Hyderabad,2025-10-06,Cash
948,Jennifer,Pearson,rider948@example.com,9103995297,Female,33,Mumbai,2024-04-05,Cash
949,Timothy,Terry,rider949@example.com,9013712436,Female,26,Bangalore,2025-10-08,UPI
950,Timothy,Barron,rider950@example.com,9585856423,Female,49,Mumbai,2025-07-29,Card
951,Jason,Harrington,rider951@example.com,9041202706,Female,32,Mumbai,2025-04-29,Cash
952,Evan,Sullivan,rider952@example.com,9159273874,Female,29,Delhi,2025-10-17,Card
953,Martha,Gonzalez,rider953@example.com,9029907166,Male,50,Mumbai,2025-10-09,UPI
954,Andrew,Turner,rider954@example.com,9906322481,Female,62,Mumbai,2025-06-22,Card
955,Bradley,Johnson,rider955@example.com,9554203403,Male,31,Bangalore,2024-09-02,UPI
956,Ashley,Cook,rider956@example.com,9010956797,Male,25,Bangalore,2025-06-13,Card
957,Evan,Hardy,rider957@example.com,9564915795,Male,25,Chennai,2024-01-11,UPI
958,Crystal,Singh,rider958@example.com,9546234712,Male,44,Delhi,2024-12-25,UPI
959,Benjamin,Martinez,rider959@example.com,9476010801,Male,29,Mumbai,2024-10-31,Cash
960,Ashley,Braun,rider960@example.com,9810306831,Female,18,Delhi,2025-03-26,Wallet
961,Brian,Campbell,rider961@example.com,9764172680,Male,60,Hyderabad,2025-03-26,Cash
962,Jonathan,Davis,rider962@example.com,9808157129,Female,57,Mumbai,2025-01-26,Cash
963,Hector,Arnold,rider963@example.com,9015071380,Male,59,Delhi,2025-07-04,UPI
964,Susan,Boyd,rider964@example.com,9671307351,Male,28,Chennai,2025-09-21,Card
965,Carol,Sherman,rider965@example.com,9045847436,Male,56,Chennai,2024-03-14,UPI
966,Anne,Moore,rider966@example.com,9213009625,Male,60,Mumbai,2024-06-06,Card
967,Andrew,Johnson,rider967@example.com,9885766947,Female,48,Hyderabad,2024-01-18,Card
968,Jennifer,Hogan,rider968@example.com,9031805339,Male,34,Chennai,2025-08-14,Cash
969,Dorothy,Vargas,rider969@example.com,9627466621,Female,50,Chennai,2025-01-11,Wallet
970,Justin,Allen,rider970@example.com,9591832700,Male,49,Hyderabad,2025-09-04,Wallet
971,Christopher,Schroeder,rider971@example.com,9046661459,Female,46,Delhi,2024-05-28,UPI
972,Shane,Barber,rider972@example.com,9011079771,Female,38,Chennai,2024-02-13,Card
973,Victoria,Benitez,rider973@example.com,9400493881,Female,38,Bangalore,2025-07-05,Card
974,Michelle,Rodriguez,rider974@example.com,9949053152,Male,57,Pune,2025-08-31,UPI
975,George,Brown,rider975@example.com,9049980949,Male,40,Pune,2024-07-21,UPI
976,Maria,Watson,rider976@example.com,9769873137,Male,23,Chennai,2024-09-30,Card
977,Carolyn,Sims,rider977@example.com,9971669841,Female,39,Delhi,2024-04-04,Wallet
978,Laura,Gomez,rider978@example.com,9661237407,Male,55,Delhi,2025-09-25,Cash
979,Lori,Williams,rider979@example.com,9794332562,Male,54,Mumbai,2024-07-23,UPI
980,Hunter,Curtis,rider980@example.com,9389949919,Female,62,Bangalore,2024-11-26,UPI
981,Donna,Martinez,rider981@example.com,9701426203,Male,25,Delhi,2024-03-06,UPI
982,Joseph,Evans,rider982@example.com,9708782116,Female,58,Hyderabad,2025-08-16,UPI
983,Jennifer,Doyle,rider983@example.com,9020418135,Male,52,Bangalore,2024-04-01,Card
984,Matthew,Chavez,rider984@example.com,9998989721,Male,28,Pune,2024-10-31,UPI
985,Shawn,Bird,rider985@example.com,9170889480,Female,41,Bangalore,2025-03-24,Wallet
986,Brittany,Trujillo,rider986@example.com,9186448221,Male,38,Hyderabad,2025-05-12,Card
987,Jerry,Zhang,rider987@example.com,9758839785,Female,19,Chennai,2025-09-24,Wallet
988,Paul,Cunningham,rider988@example.com,9708200480,Male,57,Hyderabad,2024-10-07,UPI
989,Daniel,Kline,rider989@example.com,9675712369,Male,36,Hyderabad,2025-05-11,UPI
990,James,Burton,rider990@example.com,9149611287,Female,56,Chennai,2024-04-14,Card
991,Michele,Ferguson,rider991@example.com,9942968827,Female,45,Chennai,2024-10-05,UPI
992,William,Larson,rider992@example.com,9697040953,Female,34,Chennai,2024-03-08,UPI
993,Robert,Bell,rider993@example.com,9141961560,Male,23,Chennai,2024-11-23,Card
994,Edward,Mitchell,rider994@example.com,9783274883,Female,36,Chennai,2024-09-30,Wallet
995,Cole,Glover,rider995@example.com,9565179624,Male,55,Hyderabad,2025-09-28,UPI
996,Thomas,Espinoza,rider996@example.com,9096496683,Male,45,Mumbai,2024-01-23,Cash
997,Christina,Chambers,rider997@example.com,9496047842,Female,19,Mumbai,2024-09-05,Card
998,Benjamin,Klein,rider998@example.com,9170285162,Male,55,Delhi,2024-10-24,UPI
999,Kristen,Stone,rider999@example.com,9259364882,Female,54,Mumbai,2025-09-27,UPI
1000,Wesley,Wright,rider1000@example.com,9089348688,Male,21,Pune,2025-07-26,UPI
1001,David,Murphy,rider1001@example.com,9390624672,Male,39,Mumbai,2024-03-08,UPI
1002,Timothy,Aguilar,rider1002@example.com,9879916091,Female,43,Hyderabad,2025-04-04,Cash
1003,David,Carson,rider1003@example.com,9141319359,Female,60,Chennai,2024-12-30,Card
1004,Carrie,Ward,rider1004@example.com,9236133760,Female,53,Chennai,2025-10-16,Wallet
1005,Maria,Garcia,rider1005@example.com,9523045881,Female,30,Hyderabad,2024-08-28,Cash
1006,Penny,Dawson,rider1006@example.com,9650254472,Female,49,Pune,2024-09-23,UPI
1007,Kimberly,Poole,rider1007@example.com,9419165034,Female,34,Mumbai,2024-05-07,Card
1008,Debra,Miller,rider1008@example.com,9409661771,Female,58,Hyderabad,2024-03-23,Cash
1009,Alexa,Brown,rider1009@example.com,9824989808,Male,53,Delhi,2025-07-21,Cash
1010,Mitchell,Beasley,rider1010@example.com,9806782141,Male,63,Chennai,2024-10-31,UPI
1011,Bradley,Alvarez,rider1011@example.com,9746813592,Male,36,Bangalore,2025-03-19,Card
1012,Alyssa,Griffin,rider1012@example.com,9664869893,Other,52,Delhi,2025-03-05,Card
1013,Jerome,Wood,rider1013@example.com,9969874869,Female,63,Pune,2025-02-03,Card
1014,Leah,Fox,rider1014@example.com,9415594501,Male,57,Delhi,2024-01-16,UPI
1015,Kristine,Chapman,rider1015@example.com,9192920753,Female,45,Hyderabad,2025-06-10,Card
1016,Patrick,Stone,rider1016@example.com,9605117160,Female,18,Mumbai,2024-06-12,Card
1017,Brianna,Foster,rider1017@example.com,9398863653,Male,59,Chennai,2024-03-26,Card
1018,Judith,Baker,rider1018@example.com,9621894559,Female,35,Pune,2025-01-13,UPI
1019,Kathleen,Porter,rider1019@example.com,9067000994,Female,57,Pune,2024-02-16,Card
1020,Heather,Henderson,rider1020@example.com,9248942046,Male,50,Bangalore,2025-05-27,Cash
1021,Connor,Alexander,rider1021@example.com,9648966760,Female,29,Delhi,2024-05-19,Card
1022,Dennis,Galvan,rider1022@example.com,9564204565,Male,25,Bangalore,2024-05-25,Wallet
1023,Thomas,Burns,rider1023@example.com,9775809745,Female,41,Mumbai,2025-08-04,UPI
1024,Jesse,Mcpherson,rider1024@example.com,9338906235,Female,33,Mumbai,2024-08-08,Wallet
1025,Michele,Colon,rider1025@example.com,9466226540,Female,21,Bangalore,2024-04-09,UPI
1026,Justin,Thomas,rider1026@example.com,9165995300,Male,55,Chennai,2025-08-25,UPI
1027,Nancy,Martinez,rider1027@example.com,9622122427,Female,61,Mumbai,2024-01-03,Cash
1028,Ricky,Dawson,rider1028@example.com,9677462591,Female,44,Bangalore,2025-07-28,UPI
1029,Jacob,Anderson,rider1029@example.com,9601124115,Male,26,Delhi,2024-04-07,UPI
1030,Jenna,Bush,rider1030@example.com,9848860080,Female,64,Bangalore,2024-03-28,UPI
1031,Kristine,Boyer,rider1031@example.com,9179867782,Male,33,Bangalore,2024-06-17,Cash
1032,Becky,Wilson,rider1032@example.com,9312995704,Female,29,Hyderabad,2024-04-27,Wallet
1033,David,Lewis,rider1033@example.com,9726426121,Male,48,Mumbai,2025-03-18,Cash
1034,Adrian,Kennedy,rider1034@example.com,9203843753,Male,41,Chennai,2024-01-19,UPI
1035,Diamond,Francis,rider1035@example.com,9659680785,Male,31,Chennai,2024-01-11,Card
1036,Gwendolyn,Raymond,rider1036@example.com,9254824218,Female,62,Hyderabad,2025-06-12,Card
1037,Leslie,Wood,rider1037@example.com,9385454006,Male,42,Pune,2024-06-08,Cash
1038,Michael,Crane,rider1038@example.com,9445475231,Female,51,Chennai,2024-08-05,Card
1039,Eric,Guzman,rider1039@example.com,9123274897,Male,20,Bangalore,2024-04-27,Wallet
1040,Denise,Ortiz,rider1040@example.com,9917763342,Male,41,Hyderabad,2024-02-06,Card
1041,Jon,Martinez,rider1041@example.com,9720388621,Female,59,Delhi,2025-05-11,Cash
1042,Melissa,Armstrong,rider1042@example.com,9750801963,Female,26,Mumbai,2024-12-18,UPI
1043,Rodney,Williams,rider1043@example.com,9045306935,Male,43,Mumbai,2025-05-14,Cash
1044,Michael,Hernandez,rider1044@example.com,9882493534,Female,37,Mumbai,2024-11-15,UPI
1045,Joshua,Watson,rider1045@example.com,9001816778,Female,57,Bangalore,2025-06-04,Card
1046,Erin,Ritter,rider1046@example.com,9481652444,Female,27,Delhi,2024-12-09,Card
1047,Kari,Turner,rider1047@example.com,9544608385,Male,36,Hyderabad,2024-03-14,UPI
1048,Robert,Tucker,rider1048@example.com,9179937810,Male,20,Hyderabad,2024-12-03,UPI
1049,Kristen,Moody,rider1049@example.com,9539128788,Female,41,Mumbai,2025-09-24,Cash
1050,Timothy,Thomas,rider1050@example.com,9486999698,Male,22,Delhi,2024-01-30,UPI
1051,Mitchell,Lawrence,rider1051@example.com,9829045792,Female,20,Delhi,2025-06-08,UPI
1052,Angela,Williams,rider1052@example.com,9714724630,Female,44,Delhi,2025-08-03,UPI
1053,Jon,Shannon,rider1053@example.com,9198642423,Female,33,Chennai,2024-12-15,Cash
1054,Kristopher,Small,rider1054@example.com,9839728339,Female,32,Chennai,2024-11-02,Card
1055,Maxwell,Lewis,rider1055@example.com,9121870629,Other,52,Mumbai,2025-10-06,Wallet
1056,Janice,Fuentes,rider1056@example.com,9328809832,Male,29,Delhi,2024-02-11,UPI
1057,Jill,Burns,rider1057@example.com,9210102320,Female,58,Pune,2024-11-16,Card
1058,Melissa,Martinez,rider1058@example.com,9018676610,Male,61,Delhi,2024-09-26,UPI
1059,Donna,Bailey,rider1059@example.com,9089876108,Male,43,Hyderabad,2025-04-04,Card
1060,Julie,Harrell,rider1060@example.com,9143561403,Female,64,Hyderabad,2024-11-24,Wallet
1061,Sean,Butler,rider1061@example.com,9845319807,Female,51,Mumbai,2025-08-31,Cash
1062,Holly,Berry,rider1062@example.com,9468235469,Other,40,Pune,2024-02-20,UPI
1063,Evan,Knight,rider1063@example.com,9510030762,Female,48,Delhi,2024-02-24,Cash
1064,Jason,Mccullough,rider1064@example.com,9054596715,Male,37,Pune,2025-02-11,UPI
1065,Richard,Harrington,rider1065@example.com,9006666411,Male,29,Mumbai,2024-02-14,Wallet
1066,Matthew,Alvarez,rider1066@example.com,9065411340,Female,40,Hyderabad,2024-07-03,UPI
1067,Andrea,Cortez,rider1067@example.com,9785169949,Male,21,Hyderabad,2025-02-27,UPI
1068,Heidi,Obrien,rider1068@example.com,9708905836,Male,40,Chennai,2025-01-02,UPI
1069,Jasmine,Gill,rider1069@example.com,9683482689,Male,18,Mumbai,2024-08-06,UPI
1070,Eugene,Wagner,rider1070@example.com,9996269708,Male,42,Mumbai,2025-10-27,Card
1071,Tamara,Murray,rider1071@example.com,9386888917,Male,19,Delhi,2024-12-21,Cash
1072,Adam,Cole,rider1072@example.com,9879150596,Male,47,Delhi,2024-10-31,Card
1073,Christopher,Cole,rider1073@example.com,9257197609,Male,20,Chennai,2025-02-09,Card
1074,Dustin,Cline,rider1074@example.com,9320126578,Male,38,Bangalore,2024-03-08,UPI
1075,Sara,Nguyen,rider1075@example.com,9982604180,Other,42,Pune,2025-04-14,Card
1076,Ryan,Marsh,rider1076@example.com,9952175585,Male,37,Bangalore,2025-07-24,Wallet
1077,Caleb,Beck,rider1077@example.com,9177741274,Male,39,Bangalore,2025-03-11,Wallet
1078,Jeffrey,Ortiz,rider1078@example.com,9692118824,Female,38,Mumbai,2025-05-29,Wallet
1079,Christopher,Hall,rider1079@example.com,9199626422,Male,50,Pune,2025-04-27,Wallet
1080,Benjamin,Foster,rider1080@example.com,9297589170,Female,55,Mumbai,2024-05-24,UPI
1081,Patrick,Weaver,rider1081@example.com,9454218545,Female,32,Pune,2024-10-29,Card
1082,Tracey,Rubio,rider1082@example.com,9705682092,Male,63,Hyderabad,2024-06-02,Cash
1083,Christina,Wu,rider1083@example.com,9257090016,Male,32,Mumbai,2024-08-15,Wallet
1084,Abigail,Fitzgerald,rider1084@example.com,9356407232,Female,63,Mumbai,2024-10-30,UPI
1085,Jennifer,Brewer,rider1085@example.com,9472828954,Female,42,Mumbai,2024-10-05,Cash
1086,Carla,Cline,rider1086@example.com,9001788224,Male,38,Chennai,2024-03-05,UPI
1087,Sonya,Mann,rider1087@example.com,9731261685,Female,41,Mumbai,2024-10-13,Cash
1088,Lori,Armstrong,rider1088@example.com,9071058011,Male,22,Delhi,2025-03-21,Cash
1089,Danielle,Hogan,rider1089@example.com,9950927115,Other,23,Delhi,2024-09-08,Card
1090,Scott,Zimmerman,rider1090@example.com,9261053709,Male,60,Pune,2024-04-12,Wallet
1091,James,Hoffman,rider1091@example.com,9230071695,Female,61,Hyderabad,2025-09-09,UPI
1092,Diane,Martinez,rider1092@example.com,9007418948,Female,64,Chennai,2024-02-15,Card
1093,Linda,Hansen,rider1093@example.com,9543298769,Female,40,Pune,2025-07-10,Cash
1094,Justin,Lee,rider1094@example.com,9893652944,Male,21,Delhi,2024-03-04,UPI
1095,Arthur,Montgomery,rider1095@example.com,9716198273,Male,44,Chennai,2024-03-06,Cash
1096,Carol,Ray,rider1096@example.com,9481310450,Male,35,Chennai,2025-05-09,Card
1097,Zachary,Brown,rider1097@example.com,9258963217,Male,38,Hyderabad,2025-06-27,UPI
1098,Jesse,Hudson,rider1098@example.com,9435748352,Male,45,Chennai,2025-01-07,Card
1099,Gavin,Lopez,rider1099@example.com,9680648606,Female,52,Mumbai,2025-01-27,UPI
1100,Barry,Alvarez,rider1100@example.com,9739834488,Male,39,Chennai,2025-01-11,Card
1101,John,Prince,rider1101@example.com,9384253646,Male,57,Hyderabad,2024-08-09,UPI
1102,Aaron,Martinez,rider1102@example.com,9280550774,Female,40,Pune,2024-03-23,Wallet
1103,Eric,Mayer,rider1103@example.com,9065795515,Female,20,Hyderabad,2024-08-25,UPI
1104,Wendy,White,rider1104@example.com,9623920908,Female,57,Hyderabad,2025-03-21,Card
1105,Kimberly,Smith,rider1105@example.com,9551074091,Other,27,Delhi,2025-05-17,UPI
1106,Michael,Buchanan,rider1106@example.com,9311178619,Male,42,Mumbai,2025-08-03,Wallet
1107,Randall,Sanchez,rider1107@example.com,9025476022,Male,25,Delhi,2025-04-27,Wallet
1108,Brenda,Thornton,rider1108@example.com,9069535412,Female,28,Pune,2025-10-09,Wallet
1109,April,Clay,rider1109@example.com,9012275950,Female,22,Bangalore,2025-02-06,UPI
1110,Jillian,Wallace,rider1110@example.com,9026015153,Male,62,Pune,2024-08-23,UPI
1111,Casey,Roman,rider1111@example.com,9259479507,Female,54,Mumbai,2025-01-22,Card
1112,Christopher,Lawson,rider1112@example.com,9407173279,Male,62,Chennai,2024-05-23,Card
1113,Justin,Morales,rider1113@example.com,9805950310,Male,55,Hyderabad,2025-03-15,UPI
1114,Maria,Williams,rider1114@example.com,9064934039,Female,46,Bangalore,2024-05-30,Card
1115,Robyn,Atkins,rider1115@example.com,9104520360,Female,22,Mumbai,2024-03-14,UPI
1116,Michael,Johnson,rider1116@example.com,9894118491,Female,26,Delhi,2025-07-19,Wallet
1117,Sylvia,Kim,rider1117@example.com,9359928553,Male,19,Hyderabad,2024-09-03,UPI
1118,Joshua,Perry,rider1118@example.com,9595205610,Female,18,Pune,2025-05-25,Card
1119,Catherine,Heath,rider1119@example.com,9067990069,Male,57,Delhi,2025-01-19,Card
1120,James,Stewart,rider1120@example.com,9680186774,Male,47,Mumbai,2025-06-24,UPI
1121,Sarah,Scott,rider1121@example.com,9037842339,Female,28,Mumbai,2025-07-19,UPI
1122,Bailey,Wilson,rider1122@example.com,9449530067,Female,45,Pune,2025-10-13,UPI
1123,Jose,Garcia,rider1123@example.com,9762550325,Female,61,Bangalore,2025-07-01,Card
1124,Richard,Jackson,rider1124@example.com,9017365426,Female,29,Pune,2025-02-14,Card
1125,Daniel,Thomas,rider1125@example.com,9241784290,Female,56,Chennai,2025-03-06,Card
1126,Charles,Scott,rider1126@example.com,9292334511,Female,43,Delhi,2024-01-19,UPI
1127,Kelly,Davis,rider1127@example.com,9009060530,Male,30,Bangalore,2025-09-13,Card
1128,Stacey,Parker,rider1128@example.com,9886843021,Male,25,Hyderabad,2025-07-09,Card
1129,Leah,Russell,rider1129@example.com,9166732904,Male,45,Chennai,2024-06-28,Card
1130,Sue,Jackson,rider1130@example.com,9575988759,Male,47,Bangalore,2024-05-01,Cash
1131,Nancy,Mendez,rider1131@example.com,9212996426,Female,26,Delhi,2025-04-15,UPI
1132,Lisa,Nguyen,rider1132@example.com,9033620275,Male,56,Mumbai,2024-07-26,Wallet
1133,Bailey,Johnson,rider1133@example.com,9582147709,Male,48,Hyderabad,2024-08-16,Card
1134,Heather,Brown,rider1134@example.com,9207115238,Male,38,Pune,2024-01-06,Cash
1135,Tammy,Price,rider1135@example.com,9023621921,Female,64,Delhi,2025-08-05,Cash
1136,Anna,Flores,rider1136@example.com,9581897059,Male,51,Chennai,2025-01-14,Card
1137,Kayla,Gutierrez,rider1137@example.com,9161186385,Female,48,Chennai,2024-09-25,Card
1138,Katherine,Nguyen,rider1138@example.com,9588195977,Male,42,Mumbai,2024-04-05,UPI
1139,Susan,Bennett,rider1139@example.com,9216880053,Male,29,Mumbai,2025-02-27,Card
1140,Stephen,Carey,rider1140@example.com,9789318692,Female,18,Hyderabad,2024-01-22,Card
1141,Steven,Martinez,rider1141@example.com,9897284540,Female,39,Pune,2025-05-14,Cash
1142,Brenda,Harris,rider1142@example.com,9182272002,Male,57,Hyderabad,2024-05-24,UPI
1143,Anthony,Goodwin,rider1143@example.com,9839482322,Female,54,Mumbai,2024-10-08,Wallet
1144,Darren,Willis,rider1144@example.com,9041447432,Female,64,Mumbai,2024-08-16,UPI
1145,Carlos,Vasquez,rider1145@example.com,9811659930,Male,18,Chennai,2024-09-05,Wallet
1146,Cynthia,Goodwin,rider1146@example.com,9202030423,Female,18,Mumbai,2025-04-28,UPI
1147,Virginia,Cruz,rider1147@example.com,9227752135,Female,59,Bangalore,2025-06-03,Card
1148,Erica,Wilson,rider1148@example.com,9302816506,Female,59,Delhi,2025-01-15,UPI
1149,Jerry,Brown,rider1149@example.com,9463005937,Female,38,Mumbai,2024-02-27,Card
1150,Leslie,Marshall,rider1150@example.com,9775691983,Female,32,Hyderabad,2024-02-06,Cash
1151,Stephanie,Russell,rider1151@example.com,9210291617,Female,34,Pune,2024-04-16,UPI
1152,Zachary,Washington,rider1152@example.com,9469029831,Female,39,Pune,2025-02-17,Cash
1153,Alec,Russell,rider1153@example.com,9043841966,Female,55,Pune,2025-03-27,UPI
1154,Marilyn,Hall,rider1154@example.com,9229131670,Female,52,Bangalore,2024-07-01,Wallet
1155,John,Mercado,rider1155@example.com,9805685667,Female,62,Hyderabad,2025-03-19,UPI
1156,Christopher,Adams,rider1156@example.com,9063621986,Female,33,Bangalore,2024-11-21,UPI
1157,Emily,Richmond,rider1157@example.com,9550494440,Male,25,Mumbai,2024-10-23,UPI
1158,Lori,Leonard,rider1158@example.com,9766349339,Female,64,Delhi,2024-07-02,UPI
1159,Charles,Sanchez,rider1159@example.com,9650496273,Female,34,Pune,2025-05-20,UPI
1160,Sarah,Peters,rider1160@example.com,9226261142,Male,34,Hyderabad,2024-03-18,UPI
1161,Thomas,Glover,rider1161@example.com,9436258542,Female,43,Pune,2024-10-15,Cash
1162,Michael,Torres,rider1162@example.com,9188087991,Male,30,Bangalore,2024-07-09,Card
1163,Patricia,Russell,rider1163@example.com,9962341996,Male,34,Chennai,2025-03-30,UPI
1164,Joseph,Miller,rider1164@example.com,9433853247,Female,55,Mumbai,2024-11-22,UPI
1165,Stacey,Fields,rider1165@example.com,9250583334,Male,34,Delhi,2025-03-22,UPI
1166,Felicia,Harris,rider1166@example.com,9303115876,Female,31,Mumbai,2024-02-01,UPI
1167,Renee,Faulkner,rider1167@example.com,9054576947,Female,62,Chennai,2024-09-22,UPI
1168,Victor,Brooks,rider1168@example.com,9576945353,Male,23,Delhi,2025-02-05,Card
1169,James,Galloway,rider1169@example.com,9659746698,Male,52,Chennai,2024-01-07,Card
1170,Jill,Casey,rider1170@example.com,9616342125,Male,63,Mumbai,2024-07-21,Cash
1171,Monique,Medina,rider1171@example.com,9450809594,Female,31,Bangalore,2024-05-22,Card
1172,Jamie,Henderson,rider1172@example.com,9815269255,Other,64,Mumbai,2024-04-02,Wallet
1173,James,Buck,rider1173@example.com,9966472130,Female,25,Mumbai,2024-06-20,UPI
1174,John,Hayes,rider1174@example.com,9742359142,Male,32,Mumbai,2024-08-08,UPI
1175,Christine,Smith,rider1175@example.com,9614048933,Female,44,Hyderabad,2024-01-07,Cash
1176,Eric,Marshall,rider1176@example.com,9261454307,Female,30,Chennai,2025-05-15,Card
1177,Daniel,Calderon,rider1177@example.com,9963731008,Female,48,Chennai,2024-04-28,Cash
1178,Samantha,Roberts,rider1178@example.com,9178522115,Male,52,Pune,2024-09-11,Wallet
1179,Emma,Stanton,rider1179@example.com,9871845235,Female,23,Chennai,2025-04-16,Cash
1180,Elizabeth,Smith,rider1180@example.com,9426874470,Female,22,Pune,2024-12-01,Card
1181,Christina,Mahoney,rider1181@example.com,9173208652,Female,39,Hyderabad,2025-07-11,Cash
1182,Kathryn,Olson,rider1182@example.com,9377729665,Male,40,Bangalore,2025-06-23,Card
1183,Amber,Harper,rider1183@example.com,9633701400,Female,42,Pune,2024-02-19,UPI
1184,Bobby,Franco,rider1184@example.com,9527810558,Female,51,Mumbai,2025-07-30,Card
1185,Timothy,James,rider1185@example.com,9000272214,Male,43,Bangalore,2024-01-30,Card
1186,Christine,Bell,rider1186@example.com,9257316094,Female,64,Hyderabad,2024-01-14,Card
1187,Travis,Chen,rider1187@example.com,9391368172,Female,22,Chennai,2025-09-08,Cash
1188,Tricia,Richards,rider1188@example.com,9031369552,Male,43,Pune,2025-07-30,UPI
1189,Penny,Dixon,rider1189@example.com,9862092973,Male,37,Mumbai,2025-01-20,UPI
1190,Misty,Williams,rider1190@example.com,9525953322,Female,23,Delhi,2025-01-19,Wallet
1191,Travis,Stevenson,rider1191@example.com,9273938992,Male,23,Delhi,2025-04-19,UPI
1192,Tracey,Hart,rider1192@example.com,9045735323,Female,35,Bangalore,2024-10-07,Cash
1193,Sabrina,Turner,rider1193@example.com,9661850761,Male,21,Chennai,2024-03-18,UPI
1194,Juan,Foster,rider1194@example.com,9087082697,Female,34,Delhi,2024-01-15,Card
1195,Jeffrey,Martinez,rider1195@example.com,9182360107,Male,31,Bangalore,2024-08-05,Cash
1196,Barbara,Taylor,rider1196@example.com,9126158388,Female,31,Hyderabad,2025-06-20,UPI
1197,Brian,Hawkins,rider1197@example.com,9217648467,Female,30,Bangalore,2025-02-17,UPI
1198,Lauren,Ramirez,rider1198@example.com,9357422332,Female,24,Bangalore,2025-07-10,UPI
1199,Timothy,Reynolds,rider1199@example.com,9228019442,Female,61,Bangalore,2025-09-07,Card
1200,Amber,Bishop,rider1200@example.com,9589222560,Male,32,Mumbai,2024-02-29,Card
1201,Wayne,Bernard,rider1201@example.com,9629535063,Female,36,Bangalore,2025-07-19,UPI
1202,Phillip,Flores,rider1202@example.com,9731180467,Male,60,Pune,2024-06-12,Card
1203,Gina,Fleming,rider1203@example.com,9413075384,Male,64,Bangalore,2025-01-29,Card
1204,Gregory,Cooper,rider1204@example.com,9185201362,Male,61,Mumbai,2024-12-17,Card
1205,Tiffany,Green,rider1205@example.com,9608463975,Male,52,Mumbai,2024-09-22,Cash
1206,Helen,Mullins,rider1206@example.com,9615470554,Female,34,Hyderabad,2024-07-27,Card
1207,Steve,Chavez,rider1207@example.com,9912151641,Female,52,Chennai,2024-08-15,Wallet
1208,Hannah,Sanchez,rider1208@example.com,9195564091,Male,36,Delhi,2024-08-11,Wallet
1209,Alexander,Bird,rider1209@example.com,9969395787,Male,37,Delhi,2024-04-23,UPI
1210,Jason,Peterson,rider1210@example.com,9520702042,Other,53,Bangalore,2024-12-08,Card
1211,Bianca,Stevens,rider1211@example.com,9620197121,Male,52,Hyderabad,2024-03-18,Cash
1212,Mark,Greene,rider1212@example.com,9241393696,Male,49,Bangalore,2024-12-07,Wallet
1213,Chloe,Smith,rider1213@example.com,9789760987,Male,61,Delhi,2025-08-29,Wallet
1214,Jordan,Holt,rider1214@example.com,9312677319,Female,57,Mumbai,2024-08-22,Wallet
1215,Amy,Lucas,rider1215@example.com,9227607598,Female,41,Chennai,2025-05-01,UPI
1216,Joel,Smith,rider1216@example.com,9897865339,Male,34,Hyderabad,2025-07-02,Card
1217,Thomas,Alvarez,rider1217@example.com,9431916543,Male,24,Mumbai,2025-06-29,UPI
1218,Christie,Valenzuela,rider1218@example.com,9089523120,Female,60,Chennai,2024-06-07,Wallet
1219,Michael,Chambers,rider1219@example.com,9219150576,Female,18,Hyderabad,2024-04-08,Card
1220,Victor,Gutierrez,rider1220@example.com,9449747000,Male,52,Hyderabad,2024-05-12,UPI
1221,Jason,Woodard,rider1221@example.com,9268764486,Female,49,Delhi,2025-02-07,Wallet
1222,Jaclyn,Warner,rider1222@example.com,9764979741,Male,53,Mumbai,2025-05-23,Card
1223,Nathan,Farmer,rider1223@example.com,9636560450,Male,30,Hyderabad,2025-03-14,Card
1224,Melissa,Medina,rider1224@example.com,9063553730,Female,23,Pune,2024-04-29,Card
1225,Joshua,Cobb,rider1225@example.com,9964969277,Male,31,Hyderabad,2025-06-01,Wallet
1226,Hector,Banks,rider1226@example.com,9119529635,Female,54,Chennai,2024-11-27,Card
1227,David,Jones,rider1227@example.com,9305970255,Male,32,Delhi,2025-05-19,Card
1228,Barbara,Johnson,rider1228@example.com,9128276364,Male,64,Bangalore,2025-05-23,Card
1229,Jeremy,Collier,rider1229@example.com,9315948989,Other,21,Delhi,2024-10-27,UPI
1230,Cory,Powers,rider1230@example.com,9596546634,Male,57,Bangalore,2025-09-10,UPI
1231,Joseph,Chambers,rider1231@example.com,9544344149,Female,33,Mumbai,2025-01-13,UPI
1232,Joe,Gomez,rider1232@example.com,9169993934,Male,45,Mumbai,2025-03-01,Card
1233,Ryan,Hess,rider1233@example.com,9497439464,Male,33,Hyderabad,2025-02-22,UPI
1234,Oscar,Carey,rider1234@example.com,9088223095,Male,21,Pune,2025-08-01,UPI
1235,Dustin,Howard,rider1235@example.com,9862973988,Female,62,Mumbai,2025-02-23,UPI
1236,Susan,Thompson,rider1236@example.com,9941321097,Male,43,Hyderabad,2024-04-11,Cash
1237,Edward,Tate,rider1237@example.com,9202170754,Female,45,Delhi,2024-02-16,Cash
1238,Linda,Terry,rider1238@example.com,9853465579,Male,49,Mumbai,2024-10-23,UPI
1239,Gregory,Smith,rider1239@example.com,9220300449,Female,62,Delhi,2024-07-22,Card
1240,Victor,Ford,rider1240@example.com,9646129390,Male,19,Delhi,2024-07-03,Wallet
1241,Wendy,Mayer,rider1241@example.com,9025121375,Female,48,Pune,2024-02-08,UPI
1242,Melissa,Wallace,rider1242@example.com,9658963595,Female,20,Mumbai,2024-12-05,UPI
1243,Zachary,Walker,rider1243@example.com,9708619931,Female,25,Delhi,2024-07-27,UPI
1244,Jennifer,Smith,rider1244@example.com,9458434566,Female,41,Pune,2024-10-29,UPI
1245,Kristen,Campbell,rider1245@example.com,9311388503,Female,32,Pune,2024-02-09,Card
1246,Kevin,Morse,rider1246@example.com,9423622033,Female,60,Mumbai,2025-07-10,Card
1247,Anna,Howard,rider1247@example.com,9474246310,Male,48,Pune,2024-02-22,Wallet
1248,Ashley,Davis,rider1248@example.com,9437968680,Male,26,Mumbai,2025-08-01,Wallet
1249,Raymond,Austin,rider1249@example.com,9085294690,Female,56,Mumbai,2025-07-26,Card
1250,Hannah,Turner,rider1250@example.com,9217741743,Female,62,Bangalore,2025-02-15,Card
1251,Brian,Robbins,rider1251@example.com,9043502385,Female,19,Delhi,2024-12-05,Wallet
1252,Lisa,Young,rider1252@example.com,9022894665,Male,25,Chennai,2024-11-06,UPI
1253,Thomas,Snyder,rider1253@example.com,9275233282,Male,24,Mumbai,2025-01-06,UPI
1254,Crystal,Cox,rider1254@example.com,9930202569,Male,61,Delhi,2025-06-13,UPI
1255,Shannon,Campbell,rider1255@example.com,9133030334,Female,56,Pune,2025-08-22,UPI
1256,Matthew,Conway,rider1256@example.com,9677116750,Male,59,Hyderabad,2024-10-28,Wallet
1257,Michael,Mann,rider1257@example.com,9762799553,Male,33,Mumbai,2025-06-25,UPI
1258,Ann,Clark,rider1258@example.com,9024530123,Male,52,Pune,2025-03-12,Wallet
1259,Sarah,Gonzalez,rider1259@example.com,9984723034,Male,47,Pune,2024-08-03,UPI
1260,Jonathan,Nicholson,rider1260@example.com,9202847190,Female,27,Pune,2024-11-14,UPI
1261,Andrew,Foster,rider1261@example.com,9172224050,Male,55,Pune,2024-04-11,UPI
1262,David,Kane,rider1262@example.com,9764871775,Female,35,Pune,2024-02-12,Cash
1263,Michelle,Carroll,rider1263@example.com,9461992406,Male,22,Mumbai,2024-03-11,Card
1264,Sylvia,Snyder,rider1264@example.com,9583872725,Male,46,Chennai,2025-08-24,Card
1265,James,Arnold,rider1265@example.com,9812259095,Male,56,Bangalore,2024-08-18,Card
1266,Barbara,Keller,rider1266@example.com,9668448237,Male,51,Pune,2025-04-23,Card
1267,Debra,Knight,rider1267@example.com,9337912121,Male,60,Pune,2024-12-04,Card
1268,Greg,Fleming,rider1268@example.com,9101878035,Male,62,Bangalore,2024-04-26,Cash
1269,Kimberly,Cunningham,rider1269@example.com,9869017074,Female,40,Mumbai,2024-06-15,Wallet
1270,Michael,Jones,rider1270@example.com,9039251999,Male,22,Delhi,2024-10-20,UPI
1271,Emily,Anderson,rider1271@example.com,9452951712,Female,47,Hyderabad,2024-10-21,Card
1272,Tony,Brown,rider1272@example.com,9227643387,Female,23,Hyderabad,2024-12-16,UPI
1273,Jill,Green,rider1273@example.com,9220542216,Female,63,Delhi,2024-04-17,UPI
1274,Pamela,Hudson,rider1274@example.com,9265496330,Male,61,Mumbai,2024-09-07,Wallet
1275,Patrick,Perez,rider1275@example.com,9833444704,Male,21,Hyderabad,2024-07-08,UPI
1276,Justin,Mills,rider1276@example.com,9887899504,Male,46,Bangalore,2024-10-01,Card
1277,Crystal,Casey,rider1277@example.com,9702059685,Male,40,Delhi,2024-08-15,Card
1278,Duane,Lee,rider1278@example.com,9195377492,Other,23,Chennai,2025-02-04,Cash
1279,Gary,Gregory,rider1279@example.com,9663295634,Male,49,Mumbai,2025-06-12,Card
1280,Lindsey,Braun,rider1280@example.com,9277752259,Male,59,Delhi,2025-03-09,Wallet
1281,Matthew,Steele,rider1281@example.com,9206165812,Female,35,Hyderabad,2024-02-15,Cash
1282,Crystal,Patel,rider1282@example.com,9920592294,Female,32,Mumbai,2024-03-05,Card
1283,Ashley,King,rider1283@example.com,9115630295,Female,57,Bangalore,2025-03-30,Card
1284,Melinda,Castro,rider1284@example.com,9596363726,Male,49,Mumbai,2024-07-09,Cash
1285,Charles,Gibson,rider1285@example.com,9294206615,Male,26,Mumbai,2025-04-29,Wallet
1286,Fernando,Pace,rider1286@example.com,9498085133,Male,54,Bangalore,2025-03-15,Wallet
1287,Jeremy,Davidson,rider1287@example.com,9138004983,Male,27,Pune,2025-08-29,Card
1288,Logan,Hahn,rider1288@example.com,9211221215,Male,37,Bangalore,2025-08-07,Card
1289,Kelly,Williams,rider1289@example.com,9481582686,Male,23,Mumbai,2024-08-11,Card
1290,Joseph,Mcmillan,rider1290@example.com,9876401918,Male,20,Bangalore,2025-01-25,Card
1291,Deanna,Reynolds,rider1291@example.com,9548806442,Male,59,Pune,2024-04-05,UPI
1292,Joseph,Carney,rider1292@example.com,9006298778,Male,28,Delhi,2024-08-22,Card
1293,Sean,Hill,rider1293@example.com,9735856646,Female,60,Bangalore,2025-10-09,UPI
1294,Michelle,Frazier,rider1294@example.com,9419623421,Female,34,Bangalore,2025-04-12,UPI
1295,Michael,Owens,rider1295@example.com,9926221320,Female,49,Mumbai,2024-09-19,Card
1296,Brenda,Ward,rider1296@example.com,9410429483,Male,21,Delhi,2025-02-02,Cash
1297,Tammy,Blake,rider1297@example.com,9147891179,Male,21,Chennai,2025-09-19,UPI
1298,Robert,Stephenson,rider1298@example.com,9726999949,Male,34,Chennai,2024-07-26,UPI
1299,Ivan,Walker,rider1299@example.com,9812831800,Female,58,Hyderabad,2024-09-09,Wallet
1300,Andrew,Ramirez,rider1300@example.com,9366602000,Female,36,Bangalore,2025-06-13,UPI
1301,Jessica,Fisher,rider1301@example.com,9532853863,Male,22,Bangalore,2025-06-28,UPI
1302,Ebony,Cole,rider1302@example.com,9105052438,Female,49,Delhi,2025-03-24,Cash
1303,Shelby,Smith,rider1303@example.com,9380582692,Male,39,Pune,2025-07-08,UPI
1304,Jackie,Lee,rider1304@example.com,9990076862,Female,23,Chennai,2025-05-09,Wallet
1305,Christopher,Miller,rider1305@example.com,9763328389,Female,52,Hyderabad,2025-04-03,Wallet
1306,Garrett,Armstrong,rider1306@example.com,9633761851,Female,39,Delhi,2024-12-18,UPI
1307,Dakota,Johnson,rider1307@example.com,9862671368,Female,18,Bangalore,2025-03-08,UPI
1308,Caleb,Mclaughlin,rider1308@example.com,9410132823,Female,37,Chennai,2024-10-10,Cash
1309,Natasha,Spence,rider1309@example.com,9392188352,Male,39,Hyderabad,2024-08-30,Card
1310,Amy,Coleman,rider1310@example.com,9791875067,Female,28,Mumbai,2024-08-31,Wallet
1311,Anthony,Jones,rider1311@example.com,9761065920,Male,30,Chennai,2024-05-01,UPI
1312,Randy,Wright,rider1312@example.com,9881431927,Female,59,Hyderabad,2024-05-24,UPI
1313,Kathy,Martin,rider1313@example.com,9976178159,Female,20,Delhi,2025-09-26,UPI
1314,Christopher,Collins,rider1314@example.com,9698384572,Female,26,Mumbai,2024-11-21,UPI
1315,Jose,Garrett,rider1315@example.com,9026656862,Male,29,Hyderabad,2024-06-01,Cash
1316,Eric,Davis,rider1316@example.com,9959125734,Female,40,Hyderabad,2024-04-02,Card
1317,Diana,Castillo,rider1317@example.com,9989925539,Female,31,Bangalore,2024-02-22,Wallet
1318,Nicole,Morton,rider1318@example.com,9460742990,Female,50,Pune,2025-07-19,UPI
1319,Kyle,Watkins,rider1319@example.com,9747296694,Male,35,Chennai,2024-03-09,Wallet
1320,John,Sims,rider1320@example.com,9179967080,Male,58,Bangalore,2025-05-30,Wallet
1321,Justin,Cook,rider1321@example.com,9897474859,Male,26,Mumbai,2025-07-12,Wallet
1322,Courtney,Wright,rider1322@example.com,9946418398,Male,40,Pune,2025-08-14,Card
1323,David,Rodriguez,rider1323@example.com,9416734785,Female,27,Hyderabad,2024-01-27,Card
1324,Mary,Allen,rider1324@example.com,9369881649,Male,36,Bangalore,2024-08-13,Wallet
1325,Anthony,Peterson,rider1325@example.com,9804450928,Female,64,Pune,2025-05-27,Card
1326,Elizabeth,Brown,rider1326@example.com,9605210262,Male,22,Chennai,2024-03-29,Cash
1327,Michelle,Cook,rider1327@example.com,9706648900,Male,64,Mumbai,2024-09-09,Cash
1328,Mark,Bauer,rider1328@example.com,9824845813,Female,40,Delhi,2024-04-19,Wallet
1329,Thomas,Harding,rider1329@example.com,9088983057,Female,47,Bangalore,2025-07-10,Card
1330,Theresa,Parsons,rider1330@example.com,9488399741,Male,42,Mumbai,2025-05-31,UPI
1331,Amber,Harvey,rider1331@example.com,9856302750,Female,45,Delhi,2025-06-25,Wallet
1332,Joseph,Duran,rider1332@example.com,9003056619,Female,51,Bangalore,2024-04-21,UPI
1333,Sean,Garrett,rider1333@example.com,9953056418,Male,62,Mumbai,2024-10-20,UPI
1334,Tara,Riley,rider1334@example.com,9493784679,Other,64,Mumbai,2024-10-02,Card
1335,Heidi,Miller,rider1335@example.com,9087018726,Female,42,Pune,2025-03-28,Wallet
1336,Gregory,Brown,rider1336@example.com,9001365103,Female,27,Bangalore,2024-06-08,UPI
1337,Carla,Johnson,rider1337@example.com,9444429906,Male,31,Mumbai,2024-10-24,UPI
1338,Crystal,Edwards,rider1338@example.com,9745686524,Female,59,Hyderabad,2024-07-10,UPI
1339,Cynthia,Abbott,rider1339@example.com,9062215599,Male,63,Bangalore,2025-05-16,UPI
1340,Anne,Brown,rider1340@example.com,9672562221,Male,47,Mumbai,2024-10-27,Card
1341,Alexandra,Anderson,rider1341@example.com,9905334704,Male,58,Pune,2024-12-23,Card
1342,Danielle,Ellison,rider1342@example.com,9747648455,Male,42,Delhi,2024-07-26,Wallet
1343,Kyle,Ramos,rider1343@example.com,9939652138,Female,31,Delhi,2025-06-25,Cash
1344,Michael,Turner,rider1344@example.com,9350712455,Female,52,Hyderabad,2024-11-10,Card
1345,Amber,Sims,rider1345@example.com,9312900362,Female,51,Bangalore,2025-07-12,UPI
1346,Linda,Jones,rider1346@example.com,9211732772,Male,27,Pune,2024-09-03,Cash
1347,Scott,Byrd,rider1347@example.com,9648839585,Male,52,Mumbai,2025-09-25,Cash
1348,Michael,Hansen,rider1348@example.com,9585229425,Male,28,Mumbai,2025-10-20,UPI
1349,Jordan,Phillips,rider1349@example.com,9251618575,Other,28,Delhi,2024-11-05,UPI
1350,Kevin,James,rider1350@example.com,9917105080,Male,38,Pune,2024-07-08,Cash
1351,Aaron,Davis,rider1351@example.com,9549147744,Female,38,Hyderabad,2024-09-13,UPI
1352,Lisa,Walton,rider1352@example.com,9735352478,Female,39,Delhi,2024-12-19,UPI
1353,Melanie,Hall,rider1353@example.com,9417159497,Male,62,Delhi,2025-10-08,Cash
1354,Maurice,Greene,rider1354@example.com,9344930537,Female,24,Hyderabad,2025-06-30,Card
1355,Taylor,Keller,rider1355@example.com,9880331836,Male,34,Bangalore,2025-06-20,Card
1356,Alan,Smith,rider1356@example.com,9113389260,Female,19,Mumbai,2024-04-03,Wallet
1357,Sandra,Reyes,rider1357@example.com,9878828152,Female,29,Bangalore,2024-06-17,Cash
1358,Stacey,Pope,rider1358@example.com,9787304862,Male,59,Pune,2025-03-05,UPI
1359,Thomas,Hobbs,rider1359@example.com,9515217465,Male,35,Chennai,2025-08-07,UPI
1360,Albert,Harvey,rider1360@example.com,9353780189,Female,28,Chennai,2025-01-06,UPI
1361,Russell,Morgan,rider1361@example.com,9156734467,Female,33,Chennai,2024-03-10,UPI
1362,Kelly,Pace,rider1362@example.com,9177629691,Male,35,Hyderabad,2025-07-20,UPI
1363,Jerry,Logan,rider1363@example.com,9433629994,Female,52,Delhi,2025-07-23,Cash
1364,Adrian,Gibson,rider1364@example.com,9664509999,Female,43,Bangalore,2024-07-10,Card
1365,Nathaniel,Murphy,rider1365@example.com,9001089857,Female,33,Mumbai,2025-05-25,UPI
1366,Robert,Lee,rider1366@example.com,9390835211,Male,23,Chennai,2024-07-02,Cash
1367,Ann,Garcia,rider1367@example.com,9896844246,Female,61,Bangalore,2025-08-28,Wallet
1368,Ralph,Larson,rider1368@example.com,9488499795,Female,60,Chennai,2024-04-09,Wallet
1369,Frank,Jones,rider1369@example.com,9728575958,Male,64,Chennai,2024-10-20,UPI
1370,Jillian,Clarke,rider1370@example.com,9281902217,Male,64,Mumbai,2025-09-25,Cash
1371,Peter,Lee,rider1371@example.com,9978912488,Female,59,Pune,2024-05-29,UPI
1372,Nicholas,Berry,rider1372@example.com,9397170598,Male,29,Pune,2024-10-29,Card
1373,Jose,Walsh,rider1373@example.com,9445143672,Female,30,Pune,2024-08-22,UPI
1374,Robert,Scott,rider1374@example.com,9868112303,Male,21,Hyderabad,2024-01-19,Card
1375,John,Fisher,rider1375@example.com,9885681193,Male,56,Delhi,2024-02-06,UPI
1376,Kathy,Hardy,rider1376@example.com,9978145900,Female,19,Hyderabad,2024-12-02,Card
1377,Renee,Wallace,rider1377@example.com,9992177905,Male,43,Bangalore,2024-06-07,UPI
1378,Lindsey,Sanchez,rider1378@example.com,9528669335,Male,44,Hyderabad,2025-10-27,Card
1379,Gail,Robles,rider1379@example.com,9158807053,Male,44,Bangalore,2024-09-08,Card
1380,Justin,Brown,rider1380@example.com,9260119391,Female,32,Bangalore,2024-01-20,Wallet
1381,Julia,Collins,rider1381@example.com,9038297425,Male,25,Delhi,2025-09-14,Cash
1382,Lisa,Graham,rider1382@example.com,9513609085,Male,24,Mumbai,2025-07-15,Card
1383,Robert,Moyer,rider1383@example.com,9818104502,Female,64,Delhi,2025-03-11,Cash
1384,Melissa,Webster,rider1384@example.com,9437361587,Male,63,Pune,2025-06-13,UPI
1385,Ian,Collins,rider1385@example.com,9366271358,Female,57,Pune,2024-04-02,UPI
1386,Keith,Mcclure,rider1386@example.com,9969335390,Male,29,Hyderabad,2024-07-11,Card
1387,Dana,Rowe,rider1387@example.com,9058561547,Female,30,Bangalore,2025-07-09,UPI
1388,Christine,Hernandez,rider1388@example.com,9315663979,Male,60,Chennai,2025-04-10,Card
1389,Joseph,Parker,rider1389@example.com,9255116436,Female,34,Chennai,2024-04-03,Wallet
1390,Cindy,Cooper,rider1390@example.com,9902837727,Male,34,Bangalore,2025-04-17,Card
1391,Jacob,Wood,rider1391@example.com,9028966605,Male,53,Delhi,2024-10-27,Wallet
1392,Andrew,Smith,rider1392@example.com,9342816441,Male,38,Mumbai,2024-01-05,Card
1393,Brandon,Willis,rider1393@example.com,9610197535,Male,25,Delhi,2024-02-23,UPI
1394,Amanda,Gregory,rider1394@example.com,9846405103,Male,22,Bangalore,2024-06-20,Cash
1395,Jacob,Brown,rider1395@example.com,9880273042,Male,43,Bangalore,2025-07-12,Card
1396,Curtis,Hunter,rider1396@example.com,9763628144,Female,33,Mumbai,2025-01-02,Card
1397,Joseph,Conley,rider1397@example.com,9471893953,Male,53,Hyderabad,2025-05-01,UPI
1398,Jennifer,Trevino,rider1398@example.com,9096906764,Male,45,Hyderabad,2024-12-19,Wallet
1399,Jessica,Henderson,rider1399@example.com,9909228849,Female,46,Mumbai,2024-03-16,UPI
1400,Jesse,Gonzalez,rider1400@example.com,9874551358,Female,64,Hyderabad,2024-07-12,UPI
1401,Edward,Gonzalez,rider1401@example.com,9727174306,Male,29,Chennai,2024-07-21,UPI
1402,Tristan,Kerr,rider1402@example.com,9881164034,Male,54,Hyderabad,2024-02-02,UPI
1403,Matthew,Glover,rider1403@example.com,9398818738,Male,47,Hyderabad,2024-10-08,Card
1404,Larry,Peterson,rider1404@example.com,9775833364,Female,40,Hyderabad,2025-06-15,UPI
1405,Lauren,Contreras,rider1405@example.com,9770413090,Female,33,Chennai,2024-11-02,Card
1406,Whitney,Neal,rider1406@example.com,9915386028,Male,31,Hyderabad,2024-03-16,UPI
1407,Steven,Holden,rider1407@example.com,9262542041,Female,27,Pune,2025-08-28,UPI
1408,Lacey,Greene,rider1408@example.com,9231905772,Female,24,Chennai,2025-02-03,UPI
1409,Mark,Rivera,rider1409@example.com,9044100794,Female,62,Mumbai,2024-01-12,Wallet
1410,Megan,Lane,rider1410@example.com,9193245381,Female,54,Delhi,2024-12-11,Wallet
1411,Stephanie,Mccarty,rider1411@example.com,9097941224,Male,46,Mumbai,2024-06-11,UPI
1412,Brian,Jensen,rider1412@example.com,9870987264,Male,20,Delhi,2024-04-06,Card
1413,Kimberly,Barnes,rider1413@example.com,9963225174,Male,32,Mumbai,2024-10-14,Cash
1414,Charles,Martin,rider1414@example.com,9224043261,Male,53,Pune,2025-02-15,Wallet
1415,Theodore,Gibson,rider1415@example.com,9189003468,Female,64,Delhi,2024-06-10,UPI
1416,James,Mccormick,rider1416@example.com,9616307028,Female,63,Delhi,2024-10-06,Card
1417,Mckenzie,Williams,rider1417@example.com,9672020095,Male,36,Bangalore,2025-03-20,Card
1418,Lisa,Robinson,rider1418@example.com,9366219536,Male,30,Delhi,2024-02-28,Card
1419,Maria,Smith,rider1419@example.com,9890057795,Male,59,Delhi,2025-10-14,Card
1420,David,Walker,rider1420@example.com,9001732590,Female,38,Bangalore,2024-02-16,UPI
1421,Kayla,Hall,rider1421@example.com,9073971307,Male,54,Hyderabad,2024-12-18,UPI
1422,John,Hanson,rider1422@example.com,9221138690,Male,44,Hyderabad,2024-12-05,UPI
1423,Kelsey,Allen,rider1423@example.com,9871672210,Male,46,Bangalore,2025-10-23,Wallet
1424,Scott,Navarro,rider1424@example.com,9454617192,Male,37,Chennai,2025-01-06,UPI
1425,Joan,Cisneros,rider1425@example.com,9817074436,Other,42,Delhi,2024-09-18,Card
1426,Arthur,Rivera,rider1426@example.com,9023442252,Female,23,Delhi,2024-11-11,Cash
1427,Steven,Singh,rider1427@example.com,9160252394,Male,53,Bangalore,2025-03-01,Wallet
1428,Kelli,Harris,rider1428@example.com,9120944772,Female,19,Bangalore,2025-10-18,Card
1429,Adriana,Lopez,rider1429@example.com,9690326551,Female,39,Chennai,2024-06-19,Cash
1430,Tina,Fritz,rider1430@example.com,9327617948,Female,49,Pune,2024-01-12,Cash
1431,Thomas,Cox,rider1431@example.com,9024559851,Male,33,Hyderabad,2025-06-11,Card
1432,Erin,Jones,rider1432@example.com,9602119158,Male,35,Mumbai,2024-08-19,Card
1433,Larry,Johnson,rider1433@example.com,9912686498,Male,22,Pune,2025-05-05,UPI
1434,Marcus,Wilson,rider1434@example.com,9647868623,Female,53,Hyderabad,2025-02-24,Card
1435,Crystal,Roberts,rider1435@example.com,9760088447,Male,47,Delhi,2025-05-31,UPI
1436,Bobby,Lee,rider1436@example.com,9408378191,Male,62,Pune,2025-05-07,Card
1437,Sharon,Willis,rider1437@example.com,9907499216,Male,36,Bangalore,2024-08-11,UPI
1438,Abigail,Cannon,rider1438@example.com,9400698369,Female,40,Chennai,2024-01-31,UPI
1439,Jon,Williams,rider1439@example.com,9235348486,Male,51,Hyderabad,2024-12-31,UPI
1440,Danielle,Johnson,rider1440@example.com,9470821398,Female,30,Chennai,2025-06-28,UPI
1441,James,Gonzalez,rider1441@example.com,9654622021,Female,60,Hyderabad,2024-04-27,Card
1442,Paige,Thompson,rider1442@example.com,9237205503,Male,46,Pune,2025-06-05,Cash
1443,Michelle,Mcclure,rider1443@example.com,9300008863,Female,53,Delhi,2024-11-07,Cash
1444,Jeff,Higgins,rider1444@example.com,9467391900,Male,39,Mumbai,2025-04-10,Card
1445,Daniel,Morgan,rider1445@example.com,9889911416,Female,64,Chennai,2025-02-26,Card
1446,Cynthia,Spencer,rider1446@example.com,9009169232,Male,53,Chennai,2025-06-27,UPI
1447,Mark,White,rider1447@example.com,9737989790,Female,26,Mumbai,2024-02-13,Wallet
1448,Gary,Smith,rider1448@example.com,9608548186,Female,56,Chennai,2025-06-03,Wallet
1449,Joshua,Cameron,rider1449@example.com,9746300099,Female,36,Chennai,2024-11-02,UPI
1450,David,Lozano,rider1450@example.com,9843361137,Female,55,Hyderabad,2024-07-16,UPI
1451,Kristina,Smith,rider1451@example.com,9118151985,Male,23,Hyderabad,2024-01-31,UPI
1452,Albert,Byrd,rider1452@example.com,9458294203,Female,64,Mumbai,2024-05-14,UPI
1453,Bobby,Gray,rider1453@example.com,9401535346,Female,32,Delhi,2024-01-29,Card
1454,Kristen,Cobb,rider1454@example.com,9607569994,Female,37,Pune,2025-09-16,Cash
1455,Thomas,Rodriguez,rider1455@example.com,9494667201,Male,26,Pune,2024-12-11,UPI
1456,Caitlyn,Boyle,rider1456@example.com,9082402818,Female,49,Chennai,2025-10-23,UPI
1457,Nathan,Torres,rider1457@example.com,9223879402,Female,21,Delhi,2024-12-29,UPI
1458,Christopher,Allen,rider1458@example.com,9620858174,Female,35,Mumbai,2024-06-19,Wallet
1459,Eric,Pacheco,rider1459@example.com,9527353642,Male,22,Mumbai,2025-05-19,UPI
1460,Christopher,Guerrero,rider1460@example.com,9357004129,Female,37,Hyderabad,2024-05-08,Card
1461,Christine,Pugh,rider1461@example.com,9182851816,Male,40,Chennai,2024-08-27,Card
1462,Sarah,Rowland,rider1462@example.com,9125590461,Female,28,Bangalore,2025-06-06,Cash
1463,Wendy,Cuevas,rider1463@example.com,9007923046,Male,54,Mumbai,2025-08-02,Wallet
1464,Colleen,Keith,rider1464@example.com,9600128382,Female,39,Chennai,2024-08-10,Card
1465,Brian,Johns,rider1465@example.com,9710123296,Other,21,Delhi,2024-03-25,Cash
1466,Deanna,Jones,rider1466@example.com,9151204850,Male,46,Hyderabad,2024-09-03,Card
1467,Jacqueline,Thomas,rider1467@example.com,9766534460,Female,61,Pune,2025-08-18,Wallet
1468,Lacey,Glass,rider1468@example.com,9422763460,Male,51,Delhi,2025-05-12,UPI
1469,David,Norton,rider1469@example.com,9191530573,Female,30,Mumbai,2025-08-21,UPI
1470,Jesse,Lee,rider1470@example.com,9472435861,Female,59,Mumbai,2024-09-16,Card
1471,Tina,Gray,rider1471@example.com,9768225127,Female,26,Delhi,2025-10-13,Wallet
1472,Kristina,Brooks,rider1472@example.com,9267086665,Female,59,Mumbai,2024-11-28,UPI
1473,Katherine,Greene,rider1473@example.com,9622419768,Female,48,Chennai,2024-11-29,Wallet
1474,Linda,Rowland,rider1474@example.com,9784947712,Male,24,Mumbai,2025-09-10,Cash
1475,Samuel,Sanchez,rider1475@example.com,9903500618,Male,21,Hyderabad,2024-12-13,Wallet
1476,James,Williams,rider1476@example.com,9489742235,Female,36,Chennai,2025-06-20,UPI
1477,Hannah,Jensen,rider1477@example.com,9434046682,Female,59,Bangalore,2025-05-01,Card
1478,Michael,Lopez,rider1478@example.com,9121564952,Female,47,Mumbai,2024-02-23,Cash
1479,Dennis,Nichols,rider1479@example.com,9549206441,Female,48,Mumbai,2025-02-07,Cash
1480,Rachel,Clarke,rider1480@example.com,9119738818,Male,52,Hyderabad,2025-07-04,Wallet
1481,Todd,Murphy,rider1481@example.com,9273063435,Female,38,Hyderabad,2024-12-31,Card
1482,Samuel,Brown,rider1482@example.com,9948821884,Male,48,Pune,2024-08-03,Card
1483,Kenneth,Flynn,rider1483@example.com,9968066405,Female,36,Delhi,2024-02-24,Card
1484,Heidi,Salas,rider1484@example.com,9110212543,Male,48,Delhi,2025-03-18,UPI
1485,James,York,rider1485@example.com,9412301604,Male,49,Delhi,2024-07-24,UPI
1486,Jacob,Schmitt,rider1486@example.com,9986037218,Male,19,Hyderabad,2025-02-07,UPI
1487,Michael,Blackwell,rider1487@example.com,9600320319,Male,27,Delhi,2024-10-12,UPI
1488,Jessica,Clark,rider1488@example.com,9789990114,Female,19,Delhi,2025-04-06,Card
1489,Joshua,Miller,rider1489@example.com,9003471317,Male,19,Bangalore,2024-08-23,UPI
1490,Marie,Ruiz,rider1490@example.com,9197860162,Male,41,Delhi,2024-01-30,Wallet
1491,Robin,Alvarado,rider1491@example.com,9590841947,Male,34,Mumbai,2025-08-05,Cash
1492,Angela,Brown,rider1492@example.com,9855011375,Male,49,Pune,2024-08-24,UPI
1493,Casey,Romero,rider1493@example.com,9358210728,Male,33,Hyderabad,2025-10-29,UPI
1494,Eric,Potter,rider1494@example.com,9878072790,Male,33,Chennai,2024-07-03,UPI
1495,Kenneth,Newman,rider1495@example.com,9371616088,Female,63,Pune,2025-10-17,Card
1496,Jose,Hicks,rider1496@example.com,9197223996,Female,56,Bangalore,2025-09-26,UPI
1497,Michael,Jimenez,rider1497@example.com,9477183753,Female,48,Hyderabad,2024-02-21,UPI
1498,Aaron,Marshall,rider1498@example.com,9076810248,Male,60,Hyderabad,2025-03-02,Cash
1499,Dana,Morris,rider1499@example.com,9085578002,Male,41,Mumbai,2024-08-31,Card
1500,Nicholas,Brooks,rider1500@example.com,9443236221,Female,18,Pune,2025-06-20,Card
1501,Jacob,Neal,rider1501@example.com,9690696857,Male,28,Pune,2025-03-30,UPI
1502,Andrew,Baldwin,rider1502@example.com,9467067516,Male,38,Delhi,2025-09-29,Wallet
1503,Melissa,Simpson,rider1503@example.com,9913952150,Male,21,Mumbai,2024-04-06,Cash
1504,Kimberly,Adams,rider1504@example.com,9164261070,Male,24,Delhi,2025-02-10,Card
1505,John,Morales,rider1505@example.com,9335084243,Male,43,Delhi,2025-06-06,Card
1506,Jennifer,Morse,rider1506@example.com,9198392484,Male,64,Hyderabad,2024-01-25,UPI
1507,Dominique,Silva,rider1507@example.com,9813004169,Female,29,Pune,2024-02-15,Cash
1508,Amber,Johnson,rider1508@example.com,9105302151,Female,48,Delhi,2025-06-05,UPI
1509,Paul,Robinson,rider1509@example.com,9675864633,Female,34,Bangalore,2024-09-02,UPI
1510,Alexandria,Harris,rider1510@example.com,9953481105,Female,50,Bangalore,2024-09-13,UPI
1511,Tyler,Roy,rider1511@example.com,9014764278,Female,28,Pune,2025-01-14,Card
1512,Andrea,Foster,rider1512@example.com,9961573855,Female,45,Bangalore,2025-02-09,Card
1513,Chloe,Torres,rider1513@example.com,9128177512,Female,49,Hyderabad,2025-03-30,Wallet
1514,Marcus,Oneal,rider1514@example.com,9395978155,Male,18,Mumbai,2025-09-26,Cash
1515,Danielle,Duncan,rider1515@example.com,9426097236,Male,64,Chennai,2024-09-06,Card
1516,Daniel,Walls,rider1516@example.com,9024465467,Male,45,Delhi,2025-05-25,UPI
1517,Alexandra,Brooks,rider1517@example.com,9720517107,Female,59,Chennai,2025-01-19,Cash
1518,Carl,Pierce,rider1518@example.com,9308715647,Female,24,Mumbai,2024-12-20,Card
1519,Mary,Taylor,rider1519@example.com,9837031754,Male,19,Mumbai,2024-09-23,Card
1520,David,Miller,rider1520@example.com,9380274148,Female,59,Hyderabad,2025-03-10,Card
1521,Morgan,Wallace,rider1521@example.com,9572602925,Male,41,Bangalore,2024-06-16,UPI
1522,James,Bell,rider1522@example.com,9468627288,Female,21,Bangalore,2024-03-17,Card
1523,Todd,Silva,rider1523@example.com,9407664207,Male,61,Mumbai,2025-05-07,Cash
1524,Corey,Marshall,rider1524@example.com,9632713538,Male,36,Hyderabad,2024-11-30,UPI
1525,Ashley,Oliver,rider1525@example.com,9676259238,Male,43,Hyderabad,2024-09-16,Card
1526,Mary,Simmons,rider1526@example.com,9687906048,Male,28,Pune,2025-01-11,Card
1527,Diane,Mcdonald,rider1527@example.com,9869320553,Male,57,Delhi,2024-06-24,Card
1528,Alicia,Ortiz,rider1528@example.com,9405089273,Male,60,Bangalore,2024-06-23,Cash
1529,Jacqueline,Ballard,rider1529@example.com,9961597640,Female,28,Mumbai,2024-10-26,Card
1530,Jonathan,Stewart,rider1530@example.com,9535670789,Female,62,Pune,2025-10-28,Card
1531,Michael,Reyes,rider1531@example.com,9775542619,Male,20,Chennai,2024-07-10,UPI
1532,Catherine,White,rider1532@example.com,9038422736,Female,29,Bangalore,2025-09-05,Card
1533,Chad,Hall,rider1533@example.com,9273202227,Female,20,Delhi,2024-11-25,UPI
1534,Sarah,Brewer,rider1534@example.com,9111757691,Male,59,Hyderabad,2024-03-23,UPI
1535,Jason,Howard,rider1535@example.com,9716204298,Male,44,Mumbai,2025-07-24,Wallet
1536,Travis,Miller,rider1536@example.com,9514486983,Male,19,Bangalore,2024-10-29,Cash
1537,Pamela,Kirby,rider1537@example.com,9052169039,Male,33,Chennai,2025-08-24,Card
1538,Christopher,Hunt,rider1538@example.com,9220269801,Female,19,Delhi,2024-10-25,UPI
1539,Laurie,Schneider,rider1539@example.com,9426471068,Male,47,Delhi,2024-02-29,Wallet
1540,Bruce,Hartman,rider1540@example.com,9017703163,Female,37,Pune,2025-04-01,UPI
1541,Angela,House,rider1541@example.com,9705004933,Female,55,Bangalore,2025-07-19,Card
1542,Sharon,Garcia,rider1542@example.com,9267244693,Male,45,Chennai,2024-08-02,UPI
1543,Robert,Jones,rider1543@example.com,9172947638,Female,42,Delhi,2024-08-21,Card
1544,Miguel,Johnson,rider1544@example.com,9083906540,Male,49,Mumbai,2024-02-14,Cash
1545,Jeanette,Gonzalez,rider1545@example.com,9259985193,Female,27,Delhi,2024-12-29,Cash
1546,Madison,Gonzalez,rider1546@example.com,9932727281,Male,59,Chennai,2025-08-19,Card
1547,Joseph,Murphy,rider1547@example.com,9291635049,Female,57,Hyderabad,2025-07-23,Wallet
1548,Billy,Turner,rider1548@example.com,9602667652,Female,50,Hyderabad,2025-04-21,UPI
1549,Chad,Ochoa,rider1549@example.com,9728453974,Male,30,Pune,2025-09-12,UPI
1550,Kevin,Sutton,rider1550@example.com,9995070886,Female,58,Bangalore,2025-03-02,UPI
1551,Shirley,Hill,rider1551@example.com,9406756020,Female,59,Chennai,2025-06-15,Wallet
1552,Susan,Thornton,rider1552@example.com,9801929022,Female,64,Pune,2024-12-06,Wallet
1553,Colton,Bolton,rider1553@example.com,9154390448,Female,54,Delhi,2024-03-23,Card
1554,Jessica,Murillo,rider1554@example.com,9909322533,Female,33,Delhi,2024-05-15,Wallet
1555,Amanda,Goodwin,rider1555@example.com,9320235102,Male,62,Hyderabad,2024-04-03,Card
1556,Jake,Singh,rider1556@example.com,9555019354,Male,39,Pune,2025-06-12,Cash
1557,Alicia,Gaines,rider1557@example.com,9503698884,Female,37,Hyderabad,2024-01-19,Cash
1558,John,Smith,rider1558@example.com,9393332436,Male,60,Mumbai,2025-01-06,Cash
1559,Colleen,Evans,rider1559@example.com,9296208059,Female,44,Hyderabad,2024-09-04,Wallet
1560,Harold,Short,rider1560@example.com,9831244129,Female,58,Mumbai,2025-06-21,UPI
1561,Kara,Logan,rider1561@example.com,9075965999,Male,33,Delhi,2025-01-04,Cash
1562,Robert,Powell,rider1562@example.com,9201237631,Male,51,Pune,2025-02-13,UPI
1563,Daniel,Sullivan,rider1563@example.com,9774954210,Female,49,Mumbai,2024-02-28,UPI
1564,Danielle,Carpenter,rider1564@example.com,9629419375,Male,43,Pune,2024-07-26,Wallet
1565,Michael,Rios,rider1565@example.com,9919226713,Female,42,Pune,2025-10-30,Wallet
1566,Stephen,Kennedy,rider1566@example.com,9175362647,Male,19,Mumbai,2025-04-26,Card
1567,Elizabeth,Hunt,rider1567@example.com,9528646120,Female,29,Bangalore,2024-12-18,UPI
1568,Nicole,Juarez,rider1568@example.com,9961730099,Male,57,Hyderabad,2025-05-29,Wallet
1569,Garrett,Hernandez,rider1569@example.com,9284524032,Female,26,Mumbai,2025-07-04,UPI
1570,Henry,Sanders,rider1570@example.com,9115355051,Male,29,Delhi,2024-02-20,Wallet
1571,Richard,Perez,rider1571@example.com,9432191430,Female,43,Pune,2025-10-12,UPI
1572,Matthew,Curry,rider1572@example.com,9877972479,Male,26,Chennai,2025-03-06,UPI
1573,Eric,Wells,rider1573@example.com,9254221883,Female,27,Mumbai,2024-10-28,Cash
1574,Yesenia,Black,rider1574@example.com,9458192048,Female,49,Hyderabad,2025-03-31,Card
1575,Scott,Hartman,rider1575@example.com,9770676933,Male,51,Pune,2024-08-19,Cash
1576,Michael,Todd,rider1576@example.com,9329986515,Male,37,Bangalore,2025-08-10,Wallet
1577,Leslie,Sharp,rider1577@example.com,9902578464,Male,56,Delhi,2025-06-06,Card
1578,Victoria,Murray,rider1578@example.com,9085858838,Female,19,Bangalore,2025-03-04,UPI
1579,Mark,Conner,rider1579@example.com,9256726208,Female,18,Chennai,2024-05-02,Wallet
1580,Nathan,Edwards,rider1580@example.com,9467292543,Female,53,Mumbai,2025-10-08,UPI
1581,Kathryn,Lopez,rider1581@example.com,9551962822,Male,41,Pune,2024-10-16,UPI
1582,Ryan,Carrillo,rider1582@example.com,9250182562,Male,44,Mumbai,2025-09-01,Wallet
1583,Jessica,Wolfe,rider1583@example.com,9472863942,Female,19,Hyderabad,2024-02-08,UPI
1584,Charlene,Clark,rider1584@example.com,9012234149,Male,48,Mumbai,2024-03-24,Wallet
1585,Anna,Cole,rider1585@example.com,9929009662,Other,31,Delhi,2024-04-13,UPI
1586,Jason,Hansen,rider1586@example.com,9702660450,Male,19,Chennai,2024-04-20,Cash
1587,Katie,Brooks,rider1587@example.com,9956321740,Female,46,Bangalore,2024-08-04,Cash
1588,Sara,Ray,rider1588@example.com,9039101933,Male,32,Chennai,2025-04-19,Cash
1589,Jonathan,Anderson,rider1589@example.com,9538922247,Male,29,Pune,2024-08-20,Wallet
1590,Suzanne,Harding,rider1590@example.com,9119360060,Female,54,Mumbai,2025-09-21,Wallet
1591,Seth,Smith,rider1591@example.com,9827705646,Female,45,Pune,2025-08-21,Wallet
1592,Randy,Cochran,rider1592@example.com,9160762643,Other,37,Bangalore,2025-07-20,Cash
1593,Jessica,Flowers,rider1593@example.com,9850095372,Male,56,Pune,2024-06-17,UPI
1594,Tonya,Morgan,rider1594@example.com,9346176231,Male,41,Hyderabad,2025-03-01,Wallet
1595,Caitlin,Barnes,rider1595@example.com,9336109441,Female,38,Chennai,2025-01-03,Cash
1596,Zachary,Jennings,rider1596@example.com,9642316544,Female,27,Bangalore,2024-03-25,UPI
1597,Victoria,Powell,rider1597@example.com,9137277685,Male,63,Bangalore,2024-07-22,UPI
1598,Kevin,Osborne,rider1598@example.com,9760634942,Male,31,Bangalore,2024-12-23,UPI
1599,Kevin,Medina,rider1599@example.com,9904617551,Male,54,Delhi,2024-12-02,Wallet
1600,Jeffrey,Nguyen,rider1600@example.com,9887017999,Female,35,Chennai,2024-04-23,Card
1601,Melissa,Johnson,rider1601@example.com,9324202483,Male,41,Pune,2025-09-21,Cash
1602,Andrew,Floyd,rider1602@example.com,9744417234,Male,31,Bangalore,2024-04-14,Wallet
1603,Lynn,Weeks,rider1603@example.com,9565386947,Male,51,Chennai,2025-03-17,UPI
1604,Hannah,Hernandez,rider1604@example.com,9902548536,Male,29,Bangalore,2025-04-27,Cash
1605,Joshua,Cisneros,rider1605@example.com,9268904723,Male,39,Hyderabad,2025-02-09,UPI
1606,Angela,Rivera,rider1606@example.com,9864100953,Male,23,Hyderabad,2025-07-17,Wallet
1607,Angela,Soto,rider1607@example.com,9855742164,Male,53,Hyderabad,2025-01-12,UPI
1608,Sara,Morrison,rider1608@example.com,9359900937,Female,62,Mumbai,2025-07-06,Card
1609,Eric,Franklin,rider1609@example.com,9814604761,Male,53,Bangalore,2024-01-20,UPI
1610,Benjamin,Camacho,rider1610@example.com,9437884437,Female,39,Mumbai,2024-02-01,UPI
1611,Michael,Baird,rider1611@example.com,9066187564,Female,31,Chennai,2025-03-05,UPI
1612,Devon,Harris,rider1612@example.com,9672636815,Female,33,Mumbai,2025-01-21,Card
1613,Michael,Myers,rider1613@example.com,9418589900,Female,53,Chennai,2025-03-11,Card
1614,Brandi,Ferguson,rider1614@example.com,9277291084,Male,42,Chennai,2025-05-28,UPI
1615,Jesse,Lopez,rider1615@example.com,9507860435,Male,49,Chennai,2024-10-06,Card
1616,Lisa,Rodriguez,rider1616@example.com,9660503374,Female,50,Pune,2025-03-03,Card
1617,Christopher,Hudson,rider1617@example.com,9698330677,Other,62,Mumbai,2024-11-29,Card
1618,Ricardo,Hayes,rider1618@example.com,9306718222,Female,53,Pune,2025-02-23,Wallet
1619,Samantha,Kline,rider1619@example.com,9667941908,Female,37,Bangalore,2024-07-13,Wallet
1620,Jessica,Davis,rider1620@example.com,9788653859,Female,35,Mumbai,2025-10-02,Card
1621,Jennifer,Garcia,rider1621@example.com,9067396342,Male,55,Bangalore,2024-11-19,Card
1622,Laura,Tran,rider1622@example.com,9898760550,Male,20,Bangalore,2025-06-22,Wallet
1623,Gerald,Johnson,rider1623@example.com,9492217048,Female,40,Chennai,2025-04-03,Wallet
1624,Margaret,Barker,rider1624@example.com,9618670663,Female,49,Mumbai,2024-07-18,Card
1625,Hannah,Burns,rider1625@example.com,9201629073,Male,62,Bangalore,2024-02-19,Cash
1626,Barbara,Lopez,rider1626@example.com,9992891982,Female,33,Hyderabad,2024-02-11,UPI
1627,Rebecca,Jones,rider1627@example.com,9718265337,Male,22,Bangalore,2024-10-21,UPI
1628,Caitlin,Mccarty,rider1628@example.com,9170864942,Female,21,Hyderabad,2024-11-20,UPI
1629,Kevin,Campbell,rider1629@example.com,9694203983,Male,38,Mumbai,2024-05-17,UPI
1630,Jessica,Hall,rider1630@example.com,9135490145,Male,57,Pune,2025-02-10,Cash
1631,Barbara,Keller,rider1631@example.com,9996706921,Female,31,Mumbai,2024-07-28,UPI
1632,Christian,Jones,rider1632@example.com,9958730549,Male,56,Pune,2025-04-25,Cash
1633,Brian,Brown,rider1633@example.com,9824388430,Female,48,Pune,2025-05-06,Wallet
1634,Kelli,Stone,rider1634@example.com,9217816780,Female,31,Mumbai,2025-07-29,Cash
1635,Michael,Jackson,rider1635@example.com,9664315890,Female,23,Bangalore,2025-10-14,Wallet
1636,Lisa,Heath,rider1636@example.com,9164928150,Male,29,Delhi,2024-03-29,Wallet
1637,Robert,Jenkins,rider1637@example.com,9370170926,Male,33,Bangalore,2024-09-05,Card
1638,Mindy,Moore,rider1638@example.com,9407030880,Male,34,Bangalore,2025-01-11,UPI
1639,Molly,Rodriguez,rider1639@example.com,9817262829,Other,62,Chennai,2024-08-02,Card
1640,Jeremy,Herrera,rider1640@example.com,9682448500,Female,40,Chennai,2024-11-08,Card
1641,Denise,Mendoza,rider1641@example.com,9728895927,Female,31,Bangalore,2024-06-28,Card
1642,Carrie,Jones,rider1642@example.com,9411680691,Female,24,Hyderabad,2024-06-15,Cash
1643,Alexander,Friedman,rider1643@example.com,9961276620,Female,63,Pune,2024-03-06,Card
1644,Kimberly,Glenn,rider1644@example.com,9808203917,Female,49,Chennai,2024-07-13,UPI
1645,Patrick,Anderson,rider1645@example.com,9026344435,Male,32,Bangalore,2024-09-14,Cash
1646,Kevin,Harris,rider1646@example.com,9962458701,Female,61,Delhi,2025-02-16,Wallet
1647,Blake,Reynolds,rider1647@example.com,9204242536,Male,34,Hyderabad,2024-06-15,Cash
1648,Amber,Mckinney,rider1648@example.com,9909123753,Female,58,Mumbai,2025-08-02,Wallet
1649,Edward,Wells,rider1649@example.com,9028497603,Female,64,Bangalore,2024-04-17,UPI
1650,Wayne,Munoz,rider1650@example.com,9967024365,Female,61,Bangalore,2024-08-07,Wallet
1651,Jeffrey,Crosby,rider1651@example.com,9240553648,Male,51,Pune,2025-01-21,UPI
1652,Brent,Matthews,rider1652@example.com,9187540364,Male,22,Hyderabad,2024-07-28,UPI
1653,Jessica,Shaw,rider1653@example.com,9882159773,Male,62,Chennai,2025-05-25,UPI
1654,Philip,Cohen,rider1654@example.com,9854662323,Male,44,Chennai,2024-11-29,UPI
1655,Sean,Hill,rider1655@example.com,9606679986,Male,40,Chennai,2024-12-10,Card
1656,Brooke,Smith,rider1656@example.com,9491259497,Female,57,Mumbai,2024-11-30,Wallet
1657,William,Thomas,rider1657@example.com,9220429862,Female,31,Hyderabad,2024-07-26,Wallet
1658,Jeffrey,Brown,rider1658@example.com,9269920666,Male,32,Hyderabad,2024-01-17,UPI
1659,Keith,Ross,rider1659@example.com,9179962356,Male,60,Chennai,2025-09-24,UPI
1660,Phillip,Aguirre,rider1660@example.com,9999299833,Male,50,Chennai,2024-12-04,UPI
1661,David,Fox,rider1661@example.com,9587688777,Female,48,Pune,2025-10-08,UPI
1662,Christopher,Kent,rider1662@example.com,9925604134,Male,52,Delhi,2024-05-24,Card
1663,Ashley,Suarez,rider1663@example.com,9820849315,Female,34,Delhi,2024-08-24,Card
1664,Brandon,Stevens,rider1664@example.com,9398391226,Male,45,Bangalore,2024-02-04,Card
1665,Raymond,Johnston,rider1665@example.com,9000144076,Other,36,Bangalore,2024-11-27,UPI
1666,Christopher,Mclaughlin,rider1666@example.com,9291430491,Female,63,Hyderabad,2025-08-13,UPI
1667,Warren,Roberts,rider1667@example.com,9341038975,Male,40,Hyderabad,2025-03-14,UPI
1668,Kim,Ibarra,rider1668@example.com,9287209986,Female,49,Mumbai,2024-11-11,UPI
1669,David,Bryant,rider1669@example.com,9564224059,Male,57,Mumbai,2024-12-25,UPI
1670,Dennis,Graves,rider1670@example.com,9208235309,Female,30,Delhi,2025-07-20,UPI
1671,Anita,Dawson,rider1671@example.com,9766919489,Male,37,Bangalore,2024-10-15,UPI
1672,Tony,Evans,rider1672@example.com,9629805682,Female,52,Delhi,2025-08-13,Wallet
1673,Denise,Austin,rider1673@example.com,9017530796,Female,22,Delhi,2025-05-01,UPI
1674,James,Patrick,rider1674@example.com,9618695724,Female,26,Bangalore,2025-05-26,Card
1675,Christina,Thompson,rider1675@example.com,9043474125,Female,46,Mumbai,2024-09-02,UPI
1676,Jill,Wright,rider1676@example.com,9313795610,Male,23,Pune,2024-09-25,Cash
1677,John,Yoder,rider1677@example.com,9077732175,Male,42,Pune,2025-01-16,Card
1678,Charles,Quinn,rider1678@example.com,9036192025,Male,48,Pune,2024-05-11,UPI
1679,Kimberly,Ellis,rider1679@example.com,9999193873,Male,39,Bangalore,2025-01-05,Wallet
1680,Marcus,Bartlett,rider1680@example.com,9370342444,Female,19,Chennai,2024-02-20,UPI
1681,Sandra,White,rider1681@example.com,9748904760,Male,62,Chennai,2024-12-03,Card
1682,Christopher,Carroll,rider1682@example.com,9786235107,Female,22,Chennai,2025-05-26,Wallet
1683,Emily,Long,rider1683@example.com,9651917085,Female,44,Hyderabad,2024-07-06,Cash
1684,Rodney,Bautista,rider1684@example.com,9173289514,Female,42,Mumbai,2025-10-23,Card
1685,Michael,Allen,rider1685@example.com,9563409185,Male,25,Mumbai,2025-03-31,Cash
1686,Malik,Harrell,rider1686@example.com,9805581157,Female,18,Hyderabad,2024-03-21,Card
1687,Brittney,Hill,rider1687@example.com,9449653916,Female,37,Delhi,2025-10-14,Card
1688,Andrew,Fuller,rider1688@example.com,9077004093,Male,61,Pune,2024-09-21,Card
1689,Kevin,Carter,rider1689@example.com,9045418403,Female,40,Chennai,2025-06-15,Card
1690,Vanessa,Hendricks,rider1690@example.com,9982218039,Female,49,Pune,2024-08-15,UPI
1691,Christina,Wolfe,rider1691@example.com,9662038588,Male,28,Chennai,2025-09-20,Card
1692,Veronica,Bowen,rider1692@example.com,9640788026,Male,56,Pune,2025-05-20,Wallet
1693,Scott,Robinson,rider1693@example.com,9529516469,Male,64,Delhi,2024-05-13,UPI
1694,Dustin,Snyder,rider1694@example.com,9333562303,Male,41,Pune,2024-12-07,Wallet
1695,Brady,Riddle,rider1695@example.com,9974408806,Male,28,Pune,2024-12-01,UPI
1696,Lisa,Tran,rider1696@example.com,9708987092,Male,46,Bangalore,2024-02-01,UPI
1697,James,Carney,rider1697@example.com,9019918431,Male,43,Pune,2024-04-02,UPI
1698,Nathaniel,Jones,rider1698@example.com,9132661158,Male,33,Bangalore,2024-08-11,Card
1699,Katherine,Garcia,rider1699@example.com,9485805263,Female,52,Mumbai,2024-11-13,UPI
1700,Melissa,Miranda,rider1700@example.com,9211960472,Female,37,Hyderabad,2024-11-02,UPI
1701,Daniel,Nguyen,rider1701@example.com,9205397077,Female,63,Pune,2025-02-09,Cash
1702,Brian,Hayes,rider1702@example.com,9454470823,Male,20,Mumbai,2024-12-11,Card
1703,Stacy,King,rider1703@example.com,9171461995,Male,18,Bangalore,2024-08-08,Cash
1704,Sara,Hunter,rider1704@example.com,9394676626,Male,64,Pune,2025-02-14,UPI
1705,Misty,Murray,rider1705@example.com,9235960530,Male,18,Pune,2024-04-19,Cash
1706,Lori,Jones,rider1706@example.com,9261840257,Male,34,Delhi,2025-10-24,UPI
1707,Alexander,Neal,rider1707@example.com,9870368605,Female,19,Mumbai,2025-05-09,Card
1708,Heather,Brady,rider1708@example.com,9063066360,Male,46,Chennai,2024-07-19,UPI
1709,Daniel,James,rider1709@example.com,9502816409,Female,37,Chennai,2024-08-13,Card
1710,Shannon,Reese,rider1710@example.com,9891039091,Female,23,Delhi,2025-07-08,Card
1711,Andrew,Foley,rider1711@example.com,9203025209,Male,25,Bangalore,2024-12-22,Wallet
1712,Jason,Sanders,rider1712@example.com,9452375979,Male,46,Chennai,2025-04-19,Card
1713,Amanda,Smith,rider1713@example.com,9531926009,Female,50,Chennai,2024-07-20,Card
1714,James,Wilson,rider1714@example.com,9860275745,Male,20,Hyderabad,2025-06-29,Card
1715,Alexandra,Stark,rider1715@example.com,9449205489,Male,52,Mumbai,2024-09-04,Wallet
1716,Jonathan,Murphy,rider1716@example.com,9445381180,Other,22,Bangalore,2025-03-27,UPI
1717,Timothy,Goodman,rider1717@example.com,9818965583,Male,44,Pune,2025-10-17,UPI
1718,Jessica,Washington,rider1718@example.com,9445662295,Female,61,Mumbai,2025-01-25,Wallet
1719,Donald,Jones,rider1719@example.com,9217970566,Other,29,Bangalore,2025-06-17,Card
1720,Holly,Kelley,rider1720@example.com,9036162486,Male,37,Chennai,2025-04-30,Wallet
1721,Andrew,Allen,rider1721@example.com,9070472660,Male,62,Hyderabad,2025-04-05,UPI
1722,Brandy,Dodson,rider1722@example.com,9235158501,Male,37,Mumbai,2024-01-19,Cash
1723,Elizabeth,Taylor,rider1723@example.com,9530173167,Male,26,Chennai,2024-11-14,Card
1724,Bradley,Hoover,rider1724@example.com,9156058790,Male,56,Bangalore,2025-10-09,Card
1725,George,Skinner,rider1725@example.com,9522441339,Female,21,Mumbai,2025-06-07,UPI
1726,Justin,Jackson,rider1726@example.com,9547940645,Male,36,Pune,2025-06-03,Cash
1727,Kristina,Smith,rider1727@example.com,9315790571,Male,55,Mumbai,2025-01-21,UPI
1728,Christine,Garcia,rider1728@example.com,9918986646,Other,44,Chennai,2025-04-27,Cash
1729,Brian,Phillips,rider1729@example.com,9936561833,Female,62,Mumbai,2025-01-25,Card
1730,Diana,Nichols,rider1730@example.com,9597487680,Female,60,Pune,2024-04-24,Cash
1731,Alan,Myers,rider1731@example.com,9570237718,Male,30,Hyderabad,2025-02-25,Wallet
1732,Paul,Jones,rider1732@example.com,9430192209,Female,30,Hyderabad,2025-02-18,Card
1733,Joseph,Gallagher,rider1733@example.com,9567333297,Female,39,Chennai,2025-07-16,Card
1734,Melissa,Byrd,rider1734@example.com,9323964402,Male,45,Bangalore,2024-04-09,Card
1735,Donna,Hernandez,rider1735@example.com,9825326769,Male,64,Chennai,2025-03-31,Card
1736,Michelle,Howard,rider1736@example.com,9924277392,Female,62,Hyderabad,2024-01-23,Cash
1737,Andrew,Robinson,rider1737@example.com,9385202320,Male,39,Delhi,2025-09-26,UPI
1738,Michelle,Johnson,rider1738@example.com,9914016933,Male,60,Delhi,2024-03-15,Wallet
1739,Debra,Leonard,rider1739@example.com,9284423471,Male,36,Mumbai,2024-01-14,Wallet
1740,Jerry,Robinson,rider1740@example.com,9998290755,Male,25,Pune,2024-07-29,Cash
1741,Oscar,Horton,rider1741@example.com,9154526075,Female,25,Mumbai,2024-04-12,Cash
1742,Tiffany,Copeland,rider1742@example.com,9699913831,Female,59,Delhi,2025-04-07,Card
1743,Cory,Cain,rider1743@example.com,9006433226,Female,43,Hyderabad,2024-10-02,Wallet
1744,Leslie,Davidson,rider1744@example.com,9227777331,Male,43,Mumbai,2025-06-02,Wallet
1745,Michelle,Moran,rider1745@example.com,9680664707,Male,40,Chennai,2025-09-07,Card
1746,Amanda,Prince,rider1746@example.com,9038503605,Male,60,Pune,2025-08-07,UPI
1747,Jacob,Myers,rider1747@example.com,9952984241,Male,30,Chennai,2025-05-07,Wallet
1748,Vincent,Parker,rider1748@example.com,9074027406,Male,45,Pune,2024-02-12,Cash
1749,Stephen,Williams,rider1749@example.com,9758267625,Female,26,Hyderabad,2024-04-03,Card
1750,Sara,Smith,rider1750@example.com,9906200363,Male,37,Mumbai,2024-05-19,Wallet
1751,Andrew,Barton,rider1751@example.com,9856461497,Female,36,Pune,2024-08-06,UPI
1752,John,Wang,rider1752@example.com,9459793183,Male,56,Chennai,2025-03-19,Card
1753,Alyssa,Mcfarland,rider1753@example.com,9997984914,Male,29,Mumbai,2024-12-18,Card
1754,Matthew,Brooks,rider1754@example.com,9986099550,Male,32,Mumbai,2024-07-29,Wallet
1755,Phillip,Allen,rider1755@example.com,9493266432,Female,48,Chennai,2024-04-26,Card
1756,Eric,Davis,rider1756@example.com,9239461212,Female,31,Delhi,2025-09-02,UPI
1757,Michael,Fisher,rider1757@example.com,9898115948,Female,28,Pune,2024-08-17,Wallet
1758,Michael,Hays,rider1758@example.com,9534001276,Male,43,Chennai,2024-08-25,Card
1759,Colleen,Rogers,rider1759@example.com,9223984742,Male,59,Hyderabad,2025-05-31,Card
1760,Joel,Lee,rider1760@example.com,9256787188,Female,44,Bangalore,2025-04-27,Wallet
1761,Tiffany,Caldwell,rider1761@example.com,9822378870,Male,28,Chennai,2025-03-06,Card
1762,Walter,Walker,rider1762@example.com,9584168061,Female,55,Mumbai,2025-04-09,Card
1763,Lisa,Khan,rider1763@example.com,9349564799,Male,51,Mumbai,2025-02-12,UPI
1764,Connie,Robles,rider1764@example.com,9846058679,Male,60,Chennai,2024-05-09,Cash
1765,Natasha,Rivas,rider1765@example.com,9496383097,Male,36,Bangalore,2024-06-14,Wallet
1766,Pamela,Jackson,rider1766@example.com,9236108092,Male,23,Chennai,2025-01-08,Card
1767,Lisa,Jackson,rider1767@example.com,9616620165,Female,63,Bangalore,2024-05-31,Wallet
1768,Anthony,Perry,rider1768@example.com,9557864578,Male,55,Bangalore,2025-10-12,Cash
1769,Angela,Rodriguez,rider1769@example.com,9655575124,Male,59,Hyderabad,2024-07-18,UPI
1770,Joshua,Murphy,rider1770@example.com,9764000687,Male,45,Pune,2024-07-13,UPI
1771,Edward,Hart,rider1771@example.com,9586824051,Male,18,Mumbai,2024-05-19,Card
1772,Penny,Lopez,rider1772@example.com,9665451224,Female,52,Mumbai,2025-04-16,Cash
1773,Diane,Clark,rider1773@example.com,9441899740,Female,57,Bangalore,2024-07-31,Cash
1774,Christopher,Weaver,rider1774@example.com,9233868608,Female,25,Mumbai,2024-08-22,Wallet
1775,Patrick,Mcmillan,rider1775@example.com,9357017036,Female,64,Delhi,2025-09-16,UPI
1776,Susan,Martinez,rider1776@example.com,9309442386,Male,24,Bangalore,2025-06-16,Wallet
1777,Cheyenne,Lewis,rider1777@example.com,9020508983,Female,28,Mumbai,2024-07-02,Card
1778,Connie,Kelly,rider1778@example.com,9094134909,Male,56,Delhi,2024-03-23,UPI
1779,Jeremy,Thompson,rider1779@example.com,9619797972,Male,21,Hyderabad,2025-03-28,Card
1780,John,Morales,rider1780@example.com,9452841356,Female,42,Mumbai,2024-09-11,UPI
1781,Eric,Stewart,rider1781@example.com,9948045073,Male,29,Delhi,2025-10-17,UPI
1782,Tara,Price,rider1782@example.com,9567480957,Female,43,Chennai,2025-07-01,Cash
1783,Renee,Ellis,rider1783@example.com,9394059802,Male,55,Pune,2025-09-30,Card
1784,Mark,Jones,rider1784@example.com,9602944203,Female,63,Chennai,2025-06-22,UPI
1785,Amy,Briggs,rider1785@example.com,9158925849,Female,29,Delhi,2024-07-14,UPI
1786,Jamie,Santos,rider1786@example.com,9073420319,Female,60,Bangalore,2024-07-12,Cash
1787,Dillon,Wood,rider1787@example.com,9777486759,Female,54,Bangalore,2025-04-23,Card
1788,Amber,Jones,rider1788@example.com,9514186482,Female,63,Mumbai,2024-08-20,Wallet
1789,Lauren,Robinson,rider1789@example.com,9308829586,Male,41,Chennai,2024-10-23,Card
1790,Michelle,Turner,rider1790@example.com,9841962332,Male,33,Bangalore,2024-06-21,Card
1791,Kyle,George,rider1791@example.com,9605869427,Male,30,Bangalore,2024-11-17,Card
1792,Janet,Bird,rider1792@example.com,9674831730,Female,42,Chennai,2024-05-15,Card
1793,Alexandria,Garcia,rider1793@example.com,9662931518,Male,21,Hyderabad,2024-12-26,Wallet
1794,Derek,Herrera,rider1794@example.com,9178824265,Female,28,Bangalore,2025-09-16,UPI
1795,Wendy,Mooney,rider1795@example.com,9594698906,Male,49,Pune,2025-04-11,UPI
1796,Theresa,Jefferson,rider1796@example.com,9232723717,Male,24,Delhi,2024-04-02,Card
1797,Dustin,Jackson,rider1797@example.com,9989022379,Female,63,Mumbai,2025-02-16,Wallet
1798,Sarah,Haley,rider1798@example.com,9006548708,Male,28,Bangalore,2025-01-28,Wallet
1799,Sally,Greene,rider1799@example.com,9477954176,Male,45,Pune,2024-06-11,Card
1800,Lonnie,Jarvis,rider1800@example.com,9755398188,Male,58,Pune,2025-03-24,UPI
1801,Angela,Horton,rider1801@example.com,9907378159,Female,40,Bangalore,2024-12-21,Cash
1802,Stacy,Gregory,rider1802@example.com,9157908945,Female,62,Hyderabad,2025-03-03,UPI
1803,David,Compton,rider1803@example.com,9896268384,Male,40,Delhi,2024-02-06,Cash
1804,Lonnie,Benson,rider1804@example.com,9887638020,Male,45,Mumbai,2024-10-04,Wallet
1805,Nichole,Rivera,rider1805@example.com,9761239612,Male,60,Bangalore,2025-04-25,Card
1806,Jessica,Reid,rider1806@example.com,9190518812,Female,64,Mumbai,2024-03-09,Wallet
1807,Kathy,Henson,rider1807@example.com,9988618207,Female,43,Chennai,2025-05-30,Card
1808,Nicole,Stewart,rider1808@example.com,9066901079,Male,42,Pune,2024-01-05,UPI
1809,Robert,York,rider1809@example.com,9237298268,Male,46,Pune,2025-01-03,UPI
1810,Robert,Olson,rider1810@example.com,9933486497,Male,36,Bangalore,2025-09-13,UPI
1811,Scott,Rogers,rider1811@example.com,9035067578,Female,50,Bangalore,2024-09-29,UPI
1812,Sarah,Franklin,rider1812@example.com,9968335570,Female,53,Chennai,2025-09-17,UPI
1813,Patricia,Richards,rider1813@example.com,9773123155,Male,31,Hyderabad,2025-08-10,Card
1814,Sarah,Reyes,rider1814@example.com,9505705218,Male,31,Bangalore,2024-11-15,Wallet
1815,Joshua,Davidson,rider1815@example.com,9799384440,Male,52,Pune,2024-05-14,UPI
1816,Kimberly,Hall,rider1816@example.com,9458831141,Female,47,Mumbai,2025-10-06,Wallet
1817,Daniel,Matthews,rider1817@example.com,9470123503,Male,45,Delhi,2024-08-03,UPI
1818,Jack,Mcneil,rider1818@example.com,9687156891,Female,34,Mumbai,2025-03-08,Card
1819,Kathryn,Hall,rider1819@example.com,9097797802,Female,20,Hyderabad,2025-08-30,Card
1820,Cheryl,Jensen,rider1820@example.com,9344568446,Male,33,Delhi,2024-03-01,UPI
1821,Joseph,Mosley,rider1821@example.com,9794036640,Male,63,Mumbai,2025-01-19,Wallet
1822,Ashley,Parker,rider1822@example.com,9163295737,Male,47,Mumbai,2024-12-24,Card
1823,Jerry,Rojas,rider1823@example.com,9831597572,Female,46,Chennai,2025-04-29,UPI
1824,Jesse,Todd,rider1824@example.com,9927318683,Female,62,Hyderabad,2025-09-18,UPI
1825,Grace,Harvey,rider1825@example.com,9029158542,Female,32,Pune,2025-09-03,Card
1826,Michael,Brown,rider1826@example.com,9332416518,Female,63,Chennai,2024-04-27,UPI
1827,Hailey,Brooks,rider1827@example.com,9548396607,Male,42,Delhi,2025-08-13,UPI
1828,Thomas,Phillips,rider1828@example.com,9344674621,Female,55,Pune,2024-04-28,UPI
1829,Wayne,Hernandez,rider1829@example.com,9595841749,Female,59,Chennai,2025-09-07,UPI
1830,Cassandra,Harris,rider1830@example.com,9161705022,Male,64,Hyderabad,2025-10-29,Wallet
1831,Jennifer,Johnson,rider1831@example.com,9181698141,Female,55,Bangalore,2024-09-23,Cash
1832,Nathaniel,Mclean,rider1832@example.com,9344760948,Female,40,Bangalore,2024-11-27,Card
1833,Melissa,George,rider1833@example.com,9377402928,Female,42,Delhi,2025-09-18,Card
1834,Travis,Bautista,rider1834@example.com,9643302650,Female,59,Bangalore,2025-10-05,Cash
1835,Devin,Stevenson,rider1835@example.com,9996218366,Female,24,Chennai,2025-09-11,Cash
1836,James,Murphy,rider1836@example.com,9771966661,Female,39,Delhi,2025-08-09,Card
1837,Antonio,Ramirez,rider1837@example.com,9025634202,Male,34,Pune,2024-01-08,Cash
1838,Kathy,Schneider,rider1838@example.com,9223499801,Male,35,Hyderabad,2025-01-15,Card
1839,Alexis,Hodges,rider1839@example.com,9376836759,Female,58,Delhi,2024-03-13,UPI
1840,Joseph,Meyer,rider1840@example.com,9017791524,Male,27,Pune,2025-10-19,Card
1841,Robert,Madden,rider1841@example.com,9461440923,Male,27,Delhi,2024-07-10,Wallet
1842,Julia,Wong,rider1842@example.com,9351746564,Male,24,Mumbai,2025-10-23,Wallet
1843,Vanessa,Roberts,rider1843@example.com,9260186372,Male,55,Mumbai,2024-12-29,Card
1844,Katherine,Johnson,rider1844@example.com,9631995695,Female,44,Delhi,2024-11-26,UPI
1845,Carl,Bradford,rider1845@example.com,9592277641,Female,50,Bangalore,2025-09-19,Wallet
1846,Sara,Rivera,rider1846@example.com,9490038502,Male,18,Mumbai,2025-07-23,Cash
1847,Valerie,Allen,rider1847@example.com,9551344486,Male,61,Hyderabad,2024-11-09,Card
1848,Michelle,Ryan,rider1848@example.com,9722883904,Male,51,Pune,2024-05-09,Cash
1849,Tracy,Knox,rider1849@example.com,9733145461,Female,21,Chennai,2024-03-17,Card
1850,Mark,Ortega,rider1850@example.com,9574932511,Female,34,Mumbai,2024-04-19,Cash
1851,Stephen,Wright,rider1851@example.com,9497887953,Male,21,Delhi,2024-11-03,Wallet
1852,John,Mcdaniel,rider1852@example.com,9120409543,Female,60,Bangalore,2024-06-21,UPI
1853,Richard,Ball,rider1853@example.com,9776618308,Female,43,Chennai,2024-05-05,UPI
1854,Bobby,Franklin,rider1854@example.com,9580018731,Female,21,Pune,2025-05-08,Card
1855,Jill,James,rider1855@example.com,9439151143,Female,18,Pune,2025-06-13,Card
1856,Omar,Morris,rider1856@example.com,9678621078,Male,24,Mumbai,2025-01-15,Cash
1857,Lawrence,Ramos,rider1857@example.com,9187109685,Female,47,Pune,2025-05-21,Card
1858,Cheryl,Smith,rider1858@example.com,9642570680,Male,26,Pune,2024-04-28,Card
1859,Julia,Kane,rider1859@example.com,9269331542,Female,52,Bangalore,2025-07-26,UPI
1860,Brittney,Jones,rider1860@example.com,9306002302,Female,25,Bangalore,2025-08-23,Card
1861,Alicia,Lee,rider1861@example.com,9865505224,Female,41,Bangalore,2025-07-07,UPI
1862,Nancy,Walters,rider1862@example.com,9114206670,Female,36,Delhi,2024-12-11,Card
1863,Kristin,Thomas,rider1863@example.com,9151459920,Male,53,Pune,2024-02-28,UPI
1864,Abigail,Harris,rider1864@example.com,9166338222,Female,60,Pune,2025-03-24,Wallet
1865,Shannon,Davis,rider1865@example.com,9240053922,Other,44,Pune,2024-05-04,UPI
1866,Margaret,Watkins,rider1866@example.com,9205620190,Female,49,Hyderabad,2024-04-04,Card
1867,Bobby,Guerra,rider1867@example.com,9113484339,Male,31,Bangalore,2024-08-05,UPI
1868,Wendy,Frederick,rider1868@example.com,9133252861,Male,35,Chennai,2024-06-15,UPI
1869,April,Young,rider1869@example.com,9323945645,Male,45,Mumbai,2024-06-24,UPI
1870,Randall,Miller,rider1870@example.com,9234286449,Female,46,Chennai,2024-06-07,Wallet
1871,Jill,Hardy,rider1871@example.com,9760249866,Female,33,Delhi,2025-05-19,UPI
1872,Angela,Collins,rider1872@example.com,9342095367,Male,52,Delhi,2025-09-30,Card
1873,Zachary,Griffith,rider1873@example.com,9734985297,Male,64,Pune,2024-07-21,Wallet
1874,Crystal,Sanchez,rider1874@example.com,9356152665,Female,48,Chennai,2025-04-28,UPI
1875,Brandon,Thompson,rider1875@example.com,9591476253,Female,21,Pune,2024-01-09,Cash
1876,Kelly,Wright,rider1876@example.com,9809664147,Female,54,Hyderabad,2025-03-13,Card
1877,Raymond,Mitchell,rider1877@example.com,9533695247,Female,34,Delhi,2025-04-08,Cash
1878,Kevin,West,rider1878@example.com,9466535389,Male,56,Delhi,2024-02-12,UPI
1879,Maria,Reid,rider1879@example.com,9629853243,Male,63,Chennai,2024-03-20,Card
1880,Steven,Nelson,rider1880@example.com,9679241571,Female,43,Delhi,2024-07-24,Card
1881,Roberto,Harrington,rider1881@example.com,9276383543,Female,56,Hyderabad,2024-09-28,Card
1882,Christie,Miller,rider1882@example.com,9468586390,Female,58,Hyderabad,2024-12-02,UPI
1883,Brian,Kaufman,rider1883@example.com,9616824979,Female,21,Hyderabad,2025-08-21,Card
1884,Zachary,Sanders,rider1884@example.com,9399816153,Female,47,Mumbai,2025-04-15,UPI
1885,Douglas,Jackson,rider1885@example.com,9811683710,Male,47,Hyderabad,2024-07-27,Cash
1886,Maria,Alexander,rider1886@example.com,9307372607,Male,39,Hyderabad,2024-03-20,UPI
1887,Shannon,Wagner,rider1887@example.com,9201489678,Male,28,Mumbai,2025-09-04,UPI
1888,Jennifer,Moss,rider1888@example.com,9082649312,Male,19,Pune,2024-07-17,Card
1889,Daniel,Wolf,rider1889@example.com,9146394762,Female,61,Bangalore,2025-02-15,Cash
1890,Kimberly,Weiss,rider1890@example.com,9542926456,Other,29,Delhi,2024-05-27,UPI
1891,Sharon,Leon,rider1891@example.com,9339172994,Male,47,Hyderabad,2024-03-31,Card
1892,Heather,Smith,rider1892@example.com,9036948112,Male,53,Delhi,2024-04-13,Card
1893,Derek,James,rider1893@example.com,9664971967,Female,35,Chennai,2025-05-15,UPI
1894,Robert,Dickerson,rider1894@example.com,9068335391,Male,43,Delhi,2025-02-09,UPI
1895,Shannon,Blake,rider1895@example.com,9016125901,Female,24,Pune,2024-10-05,Wallet
1896,Harold,Dorsey,rider1896@example.com,9639949013,Female,18,Mumbai,2025-01-02,Card
1897,Brittany,Larson,rider1897@example.com,9334437673,Female,43,Delhi,2024-11-11,Cash
1898,Jennifer,Hernandez,rider1898@example.com,9481409841,Male,40,Delhi,2024-12-26,Card
1899,James,Barber,rider1899@example.com,9016793014,Male,43,Delhi,2025-03-20,UPI
1900,Shawn,Scott,rider1900@example.com,9811604991,Female,62,Bangalore,2024-05-26,UPI
1901,John,Ford,rider1901@example.com,9004202886,Female,23,Bangalore,2024-06-15,UPI
1902,Heather,Chavez,rider1902@example.com,9616801990,Male,23,Chennai,2025-05-20,Card
1903,Rebecca,Brooks,rider1903@example.com,9342134854,Female,61,Mumbai,2025-08-07,Wallet
1904,Laura,Obrien,rider1904@example.com,9842035316,Male,25,Delhi,2024-02-25,Card
1905,Jennifer,Jones,rider1905@example.com,9079179138,Female,41,Delhi,2024-10-26,Cash
1906,David,Taylor,rider1906@example.com,9601571171,Male,39,Delhi,2025-04-16,UPI
1907,Danny,Harrison,rider1907@example.com,9321940247,Female,36,Delhi,2024-02-23,Card
1908,Shannon,Moore,rider1908@example.com,9028814112,Male,54,Bangalore,2025-01-12,Wallet
1909,Michael,Lopez,rider1909@example.com,9874527193,Male,35,Pune,2024-02-12,UPI
1910,Alexandria,Smith,rider1910@example.com,9678576463,Male,48,Pune,2025-01-01,UPI
1911,Patrick,Mason,rider1911@example.com,9913810749,Male,54,Chennai,2024-12-04,UPI
1912,Kylie,Swanson,rider1912@example.com,9161942321,Female,47,Hyderabad,2025-01-18,UPI
1913,William,Henry,rider1913@example.com,9540131535,Other,59,Mumbai,2024-04-11,Wallet
1914,Stephanie,Frost,rider1914@example.com,9069626168,Male,50,Pune,2024-08-08,Card
1915,Nicholas,Bentley,rider1915@example.com,9455252741,Male,27,Delhi,2024-12-14,Cash
1916,Oscar,Waller,rider1916@example.com,9025471798,Female,54,Pune,2024-03-19,Wallet
1917,Kayla,Brooks,rider1917@example.com,9994885669,Female,29,Chennai,2024-05-18,UPI
1918,Rhonda,Burns,rider1918@example.com,9489930051,Female,47,Hyderabad,2025-01-25,Wallet
1919,Ariana,Davidson,rider1919@example.com,9956756355,Male,44,Pune,2024-03-02,Cash
1920,Donna,Chapman,rider1920@example.com,9842271726,Male,56,Chennai,2024-12-07,Card
1921,Edward,Ortiz,rider1921@example.com,9625650460,Female,26,Bangalore,2025-06-25,Card
1922,Misty,Williams,rider1922@example.com,9700144130,Male,38,Hyderabad,2024-10-30,UPI
1923,Harold,Dorsey,rider1923@example.com,9686240871,Female,29,Chennai,2024-12-09,Wallet
1924,Jennifer,Cruz,rider1924@example.com,9006689041,Male,46,Pune,2024-11-02,UPI
1925,Robert,Cunningham,rider1925@example.com,9728207623,Female,50,Bangalore,2024-02-09,Cash
1926,Kyle,Lee,rider1926@example.com,9811522328,Male,60,Chennai,2024-11-05,Card
1927,Kayla,Graham,rider1927@example.com,9222824084,Female,32,Chennai,2025-06-24,UPI
1928,Sean,Scott,rider1928@example.com,9752835999,Male,19,Pune,2025-04-29,UPI
1929,Courtney,Gentry,rider1929@example.com,9400410847,Female,56,Hyderabad,2024-09-22,Wallet
1930,David,Bowen,rider1930@example.com,9913511350,Male,61,Bangalore,2025-06-30,Wallet
1931,David,Hicks,rider1931@example.com,9535722892,Female,35,Delhi,2025-05-14,Cash
1932,James,Burns,rider1932@example.com,9064157809,Female,20,Mumbai,2025-01-22,UPI
1933,Cindy,Barker,rider1933@example.com,9783028010,Female,24,Hyderabad,2024-02-01,UPI
1934,Johnny,Horton,rider1934@example.com,9419453419,Female,60,Bangalore,2024-08-19,UPI
1935,Stephen,Curtis,rider1935@example.com,9528144786,Female,35,Chennai,2024-02-13,Wallet
1936,Melissa,House,rider1936@example.com,9742802188,Female,61,Bangalore,2025-10-27,Wallet
1937,Amy,Fitzgerald,rider1937@example.com,9930635780,Male,55,Mumbai,2025-09-17,Wallet
1938,Adam,Allen,rider1938@example.com,9378912139,Female,54,Pune,2024-02-17,UPI
1939,Nicole,Johnson,rider1939@example.com,9743699055,Male,50,Mumbai,2025-09-16,Wallet
1940,John,Li,rider1940@example.com,9855759940,Male,61,Delhi,2024-01-23,Wallet
1941,Brianna,Mccoy,rider1941@example.com,9842906969,Male,48,Delhi,2024-10-01,Card
1942,Thomas,Rhodes,rider1942@example.com,9045289860,Male,28,Mumbai,2025-05-29,UPI
1943,Robert,Terry,rider1943@example.com,9610656733,Female,21,Hyderabad,2025-05-27,UPI
1944,Christopher,Brewer,rider1944@example.com,9745701652,Female,35,Hyderabad,2025-10-16,Cash
1945,Carol,Green,rider1945@example.com,9761368149,Female,21,Chennai,2025-03-08,Wallet
1946,John,Gibson,rider1946@example.com,9802530843,Male,51,Delhi,2024-10-08,Card
1947,Amy,Becker,rider1947@example.com,9769929644,Male,46,Chennai,2025-10-26,Card
1948,Christine,King,rider1948@example.com,9477250842,Male,41,Delhi,2024-09-13,Card
1949,Angela,Guzman,rider1949@example.com,9324234800,Male,39,Mumbai,2025-08-04,UPI
1950,Marcia,Lynn,rider1950@example.com,9417241553,Male,19,Hyderabad,2025-08-29,UPI
1951,Brandon,Skinner,rider1951@example.com,9691585574,Male,61,Hyderabad,2024-09-08,Wallet
1952,Eddie,Smith,rider1952@example.com,9906279602,Male,23,Mumbai,2025-04-02,Wallet
1953,Denise,Wise,rider1953@example.com,9425703332,Female,59,Chennai,2025-03-19,Cash
1954,Benjamin,Newman,rider1954@example.com,9959452315,Female,42,Chennai,2024-12-27,Card
1955,Melissa,Rangel,rider1955@example.com,9828630402,Other,38,Bangalore,2025-03-13,Card
1956,Elizabeth,Sanders,rider1956@example.com,9966299172,Female,33,Delhi,2024-08-21,UPI
1957,Mary,Willis,rider1957@example.com,9174292204,Female,48,Chennai,2024-04-30,UPI
1958,Kenneth,Santana,rider1958@example.com,9167821539,Male,31,Mumbai,2024-12-25,Wallet
1959,Samantha,Stone,rider1959@example.com,9266937063,Female,56,Chennai,2024-12-20,UPI
1960,Brandon,Lopez,rider1960@example.com,9250313928,Female,45,Hyderabad,2025-05-02,UPI
1961,Robert,Henderson,rider1961@example.com,9048502206,Male,49,Delhi,2024-05-29,Card
1962,Gregory,Gallegos,rider1962@example.com,9190193335,Male,45,Pune,2024-01-04,UPI
1963,Emily,King,rider1963@example.com,9937971900,Female,26,Bangalore,2024-01-17,Wallet
1964,Cheryl,Turner,rider1964@example.com,9002956162,Male,62,Delhi,2024-07-19,Wallet
1965,Heather,Ponce,rider1965@example.com,9256471855,Female,39,Hyderabad,2025-03-26,Card
1966,Brooke,Barrett,rider1966@example.com,9940799230,Female,49,Hyderabad,2024-12-30,UPI
1967,Kristin,Reyes,rider1967@example.com,9453231677,Male,22,Hyderabad,2024-12-22,UPI
1968,Gregory,Parker,rider1968@example.com,9814564743,Male,40,Hyderabad,2025-07-05,Card
1969,Stanley,Jenkins,rider1969@example.com,9701945391,Male,22,Mumbai,2024-06-15,Wallet
1970,Beth,Walter,rider1970@example.com,9177666505,Male,59,Bangalore,2024-08-20,Card
1971,Sarah,Luna,rider1971@example.com,9276120928,Male,49,Pune,2024-07-04,UPI
1972,Christopher,Davis,rider1972@example.com,9157806190,Female,27,Hyderabad,2025-09-19,Wallet
1973,Kevin,Fields,rider1973@example.com,9223116787,Male,56,Hyderabad,2025-04-30,UPI
1974,Miguel,Frank,rider1974@example.com,9067635322,Male,32,Chennai,2024-03-17,Cash
1975,Nicholas,Cooper,rider1975@example.com,9371859212,Male,24,Bangalore,2025-06-25,Card
1976,Carlos,Thomas,rider1976@example.com,9684856371,Female,46,Delhi,2024-10-08,Card
1977,Ronald,Goodman,rider1977@example.com,9142943000,Male,64,Bangalore,2025-05-27,Card
1978,Andrea,Conrad,rider1978@example.com,9375398923,Male,20,Bangalore,2025-08-14,Card
1979,Kelly,Sanders,rider1979@example.com,9132465986,Female,36,Pune,2024-01-12,Wallet
1980,Dennis,Parker,rider1980@example.com,9693278417,Female,27,Bangalore,2024-05-18,Card
1981,Heather,Benitez,rider1981@example.com,9837659153,Male,45,Pune,2024-03-09,Wallet
1982,Joshua,Velasquez,rider1982@example.com,9820114065,Female,46,Hyderabad,2024-01-24,Cash
1983,Alison,Smith,rider1983@example.com,9266426735,Male,32,Hyderabad,2025-02-04,Wallet
1984,Alicia,Jones,rider1984@example.com,9127245533,Male,52,Mumbai,2025-04-15,UPI
1985,Heather,Horton,rider1985@example.com,9756569764,Male,23,Pune,2024-02-03,Wallet
1986,Cheryl,Warren,rider1986@example.com,9878496224,Male,29,Pune,2025-05-10,UPI
1987,Daniel,Pena,rider1987@example.com,9945104625,Female,64,Delhi,2024-09-26,Card
1988,Jessica,Quinn,rider1988@example.com,9069296568,Male,55,Chennai,2024-06-06,Cash
1989,Cristina,Jackson,rider1989@example.com,9512062767,Male,30,Bangalore,2024-05-26,Cash
1990,Vanessa,Brooks,rider1990@example.com,9293509793,Female,46,Delhi,2025-07-31,Cash
1991,Timothy,Padilla,rider1991@example.com,9442129146,Female,36,Pune,2024-02-08,UPI
1992,Haley,Gonzalez,rider1992@example.com,9502234778,Male,20,Delhi,2024-12-03,Wallet
1993,Sarah,White,rider1993@example.com,9045797251,Female,25,Mumbai,2024-07-13,Wallet
1994,Valerie,Fry,rider1994@example.com,9840703398,Male,25,Chennai,2025-06-29,Cash
1995,Justin,Hayes,rider1995@example.com,9214782337,Female,37,Pune,2025-05-04,UPI
1996,Chelsea,Olsen,rider1996@example.com,9209451676,Female,64,Pune,2024-08-02,UPI
1997,Leslie,Lopez,rider1997@example.com,9706363286,Female,21,Bangalore,2025-02-04,Cash
1998,Alicia,Brown,rider1998@example.com,9301122008,Male,38,Chennai,2025-03-26,Card
1999,Wanda,White,rider1999@example.com,9484264833,Male,20,Mumbai,2024-08-03,UPI
2000,Michael,Malone,rider2000@example.com,9367960828,Male,62,Hyderabad,2024-07-21,UPI
2001,David,Green,rider2001@example.com,9967136054,Male,25,Delhi,2024-04-06,Card
2002,Anna,Barrera,rider2002@example.com,9946920856,Male,40,Bangalore,2025-03-18,Cash
2003,April,Ortiz,rider2003@example.com,9490132495,Female,33,Pune,2024-05-28,UPI
2004,Crystal,Sims,rider2004@example.com,9193500115,Male,30,Hyderabad,2024-07-20,UPI
2005,Travis,Weber,rider2005@example.com,9461758080,Male,20,Mumbai,2024-02-11,Card
2006,Hector,Oneill,rider2006@example.com,9388904410,Female,26,Chennai,2025-09-26,Wallet
2007,Chelsea,Martin,rider2007@example.com,9404315668,Male,31,Delhi,2025-08-11,UPI
2008,Jeanette,Carter,rider2008@example.com,9513538148,Female,30,Bangalore,2025-09-01,UPI
2009,Tiffany,Gray,rider2009@example.com,9374755803,Male,24,Pune,2025-02-23,UPI
2010,Aaron,Hill,rider2010@example.com,9090168564,Male,32,Pune,2024-10-13,UPI
2011,Andrew,Peterson,rider2011@example.com,9717784019,Male,24,Hyderabad,2024-11-28,Card
2012,Colleen,Richards,rider2012@example.com,9027169883,Male,55,Hyderabad,2025-10-12,UPI
2013,David,Woods,rider2013@example.com,9716115866,Female,51,Delhi,2025-09-21,Card
2014,Melanie,Chambers,rider2014@example.com,9861199767,Male,58,Chennai,2025-03-25,UPI
2015,Lauren,Garcia,rider2015@example.com,9598332617,Female,39,Mumbai,2025-06-09,Cash
2016,Yolanda,Brown,rider2016@example.com,9050583534,Male,41,Chennai,2024-08-01,UPI
2017,Robert,Walton,rider2017@example.com,9581956572,Male,54,Chennai,2024-10-06,Card
2018,Matthew,Smith,rider2018@example.com,9853533998,Female,61,Chennai,2024-04-10,Wallet
2019,Ann,Aguilar,rider2019@example.com,9242662177,Male,18,Delhi,2024-09-09,Card
2020,Dana,Huerta,rider2020@example.com,9580158466,Female,27,Delhi,2025-05-19,UPI
2021,Alex,Davis,rider2021@example.com,9879303028,Female,60,Mumbai,2024-11-13,UPI
2022,James,Boyd,rider2022@example.com,9532727669,Female,33,Chennai,2025-07-22,UPI
2023,Juan,Smith,rider2023@example.com,9834515025,Female,63,Delhi,2024-07-20,Wallet
2024,Kristy,Morrison,rider2024@example.com,9285461308,Male,25,Mumbai,2025-04-18,Card
2025,Kyle,Hatfield,rider2025@example.com,9730897207,Male,42,Pune,2025-06-23,UPI
2026,William,Juarez,rider2026@example.com,9382777711,Male,29,Mumbai,2025-09-04,UPI
2027,Mario,Frederick,rider2027@example.com,9842527863,Female,42,Chennai,2025-01-11,UPI
2028,Adam,Kennedy,rider2028@example.com,9090071210,Other,34,Bangalore,2025-10-09,UPI
2029,Gina,Rogers,rider2029@example.com,9242344730,Male,43,Chennai,2025-01-08,UPI
2030,Matthew,Jordan,rider2030@example.com,9577719619,Female,63,Bangalore,2024-03-31,Cash
2031,Jennifer,Wood,rider2031@example.com,9971659656,Male,31,Mumbai,2024-06-12,UPI
2032,Christina,Wu,rider2032@example.com,9676409968,Female,58,Pune,2024-05-16,Wallet
2033,Anthony,Key,rider2033@example.com,9334400952,Male,53,Pune,2025-03-08,UPI
2034,Gregory,Montoya,rider2034@example.com,9242653793,Female,40,Delhi,2025-09-09,UPI
2035,Mark,Everett,rider2035@example.com,9221914390,Female,60,Pune,2025-07-20,Card
2036,Matthew,Ortega,rider2036@example.com,9705473601,Male,23,Hyderabad,2024-03-03,Cash
2037,Emily,Gray,rider2037@example.com,9579115010,Male,64,Mumbai,2025-04-30,Card
2038,Sabrina,Brown,rider2038@example.com,9162600802,Male,22,Delhi,2024-05-08,Card
2039,Laura,Kelly,rider2039@example.com,9658934759,Male,60,Pune,2024-06-29,Wallet
2040,Debbie,Rivera,rider2040@example.com,9783354883,Male,42,Mumbai,2025-03-27,UPI
2041,Timothy,Garcia,rider2041@example.com,9571921496,Female,35,Chennai,2025-02-07,Card
2042,Courtney,Bryant,rider2042@example.com,9791463866,Female,30,Pune,2025-08-07,Wallet
2043,Patricia,Hale,rider2043@example.com,9432031726,Female,60,Bangalore,2024-05-06,UPI
2044,Amanda,Hardy,rider2044@example.com,9652824685,Male,31,Mumbai,2025-05-24,UPI
2045,Matthew,Barron,rider2045@example.com,9492724000,Female,45,Delhi,2025-04-29,Wallet
2046,Kristen,Taylor,rider2046@example.com,9208601460,Female,35,Chennai,2025-01-09,UPI
2047,Robert,Guzman,rider2047@example.com,9519085432,Male,45,Hyderabad,2024-11-17,Wallet
2048,Julia,Melton,rider2048@example.com,9716303356,Female,44,Chennai,2025-08-04,Card
2049,Mary,Ramirez,rider2049@example.com,9369301000,Female,49,Pune,2024-08-11,Card
2050,Kevin,Lyons,rider2050@example.com,9908993187,Male,64,Bangalore,2025-10-02,Card
2051,Jessica,Briggs,rider2051@example.com,9810480283,Male,26,Chennai,2024-01-12,Cash
2052,Leslie,Richardson,rider2052@example.com,9541589290,Male,57,Hyderabad,2025-09-19,UPI
2053,Amanda,Montgomery,rider2053@example.com,9930437661,Male,49,Delhi,2025-10-05,UPI
2054,Jared,Hopkins,rider2054@example.com,9366280812,Female,37,Mumbai,2024-03-20,Cash
2055,Gina,Alvarez,rider2055@example.com,9268159474,Female,45,Bangalore,2025-10-30,Wallet
2056,Lauren,Gutierrez,rider2056@example.com,9705311058,Female,50,Hyderabad,2024-11-16,Card
2057,Pamela,Lopez,rider2057@example.com,9330967397,Male,21,Pune,2024-06-12,UPI
2058,Michael,Andersen,rider2058@example.com,9984218914,Male,63,Pune,2025-02-08,UPI
2059,Tara,Rosario,rider2059@example.com,9269376501,Female,51,Pune,2024-05-17,Card
2060,Juan,Hess,rider2060@example.com,9676718776,Female,20,Bangalore,2025-09-04,Card
2061,Anthony,Smith,rider2061@example.com,9288363688,Male,43,Chennai,2025-01-04,Wallet
2062,Tonya,Ward,rider2062@example.com,9501627629,Male,25,Bangalore,2025-06-03,Wallet
2063,Courtney,Williams,rider2063@example.com,9226667880,Female,23,Pune,2024-09-12,Cash
2064,Megan,Aguirre,rider2064@example.com,9937616522,Male,33,Hyderabad,2024-12-23,Wallet
2065,Ashley,Nguyen,rider2065@example.com,9898907499,Male,41,Mumbai,2024-08-28,Wallet
2066,Perry,Wallace,rider2066@example.com,9359812559,Female,56,Mumbai,2024-06-24,Card
2067,Brooke,Lawson,rider2067@example.com,9777265976,Male,47,Bangalore,2024-12-09,Cash
2068,Michelle,Ross,rider2068@example.com,9408385805,Male,62,Pune,2024-11-29,Cash
2069,Karen,Salazar,rider2069@example.com,9014171657,Male,30,Delhi,2024-03-07,UPI
2070,Janet,Miller,rider2070@example.com,9893912956,Male,22,Bangalore,2025-10-18,UPI
2071,Leonard,Patterson,rider2071@example.com,9518871148,Female,42,Pune,2024-11-10,UPI
2072,Anthony,Huynh,rider2072@example.com,9600500924,Male,37,Chennai,2025-07-15,UPI
2073,Robert,Galvan,rider2073@example.com,9492878757,Male,35,Mumbai,2025-09-03,Wallet
2074,Tyler,Hatfield,rider2074@example.com,9030293011,Female,64,Mumbai,2024-09-05,UPI
2075,John,Vincent,rider2075@example.com,9250186074,Female,35,Mumbai,2024-10-04,UPI
2076,Shannon,Stein,rider2076@example.com,9290695222,Female,19,Delhi,2025-01-11,Card
2077,Stephanie,Navarro,rider2077@example.com,9336931806,Male,27,Pune,2024-05-28,Wallet
2078,Javier,Carter,rider2078@example.com,9200730242,Male,62,Pune,2024-04-08,UPI
2079,Kevin,Lee,rider2079@example.com,9662497537,Other,64,Pune,2024-06-24,UPI
2080,Daniel,Thomas,rider2080@example.com,9405714469,Female,29,Pune,2025-09-17,Card
2081,Kristen,Meyer,rider2081@example.com,9567406873,Male,64,Delhi,2025-01-22,Wallet
2082,Kimberly,Armstrong,rider2082@example.com,9544534514,Male,30,Hyderabad,2024-10-06,UPI
2083,Robin,Vincent,rider2083@example.com,9668865834,Male,64,Bangalore,2024-04-12,Wallet
2084,Scott,Wagner,rider2084@example.com,9834835862,Female,28,Bangalore,2024-08-09,UPI
2085,Angel,Anderson,rider2085@example.com,9673664853,Female,36,Pune,2024-09-11,Cash
2086,Timothy,Robles,rider2086@example.com,9207758708,Male,52,Chennai,2025-07-11,UPI
2087,Vincent,Turner,rider2087@example.com,9943269834,Male,56,Mumbai,2024-11-30,Wallet
2088,James,Nunez,rider2088@example.com,9436958050,Female,43,Delhi,2025-03-14,Wallet
2089,Sandra,Dunn,rider2089@example.com,9450509284,Female,63,Chennai,2025-04-03,Card
2090,Jessica,Baxter,rider2090@example.com,9672007342,Male,31,Chennai,2024-06-21,Card
2091,Alexandra,Jackson,rider2091@example.com,9939077372,Female,62,Pune,2025-07-03,Wallet
2092,Kimberly,Griffin,rider2092@example.com,9954503801,Female,61,Delhi,2025-10-08,Cash
2093,Douglas,Wilson,rider2093@example.com,9625851502,Male,41,Bangalore,2025-03-05,Wallet
2094,Monica,Bates,rider2094@example.com,9045028143,Female,58,Mumbai,2024-11-24,Card
2095,Lynn,Allen,rider2095@example.com,9531279433,Male,18,Bangalore,2024-04-23,UPI
2096,Sharon,Lewis,rider2096@example.com,9795311123,Female,60,Chennai,2025-06-16,UPI
2097,Erica,Mullins,rider2097@example.com,9590426527,Female,39,Mumbai,2024-04-24,Card
2098,David,Keller,rider2098@example.com,9428662510,Female,40,Hyderabad,2025-04-27,Wallet
2099,Jenny,Davis,rider2099@example.com,9857383855,Female,36,Chennai,2024-11-23,UPI
2100,Stephen,Graham,rider2100@example.com,9451460919,Male,35,Bangalore,2025-09-05,Wallet
2101,Jennifer,Baldwin,rider2101@example.com,9351174555,Female,29,Bangalore,2024-12-29,Cash
2102,Alexandra,Martin,rider2102@example.com,9370627281,Female,45,Pune,2025-03-05,UPI
2103,Adam,Hickman,rider2103@example.com,9673374612,Male,45,Bangalore,2024-02-10,Card
2104,Sarah,Orr,rider2104@example.com,9157562641,Female,50,Delhi,2024-01-24,Cash
2105,Gloria,Miranda,rider2105@example.com,9260848187,Female,36,Chennai,2025-07-20,Card
2106,Brooke,Robinson,rider2106@example.com,9620990693,Male,45,Mumbai,2025-09-24,Wallet
2107,Christopher,Scott,rider2107@example.com,9196303995,Female,54,Bangalore,2025-03-23,Card
2108,Steven,Alvarez,rider2108@example.com,9167045059,Female,43,Pune,2025-05-26,UPI
2109,Brandon,Merritt,rider2109@example.com,9982267312,Male,52,Pune,2024-10-03,Cash
2110,Abigail,Martinez,rider2110@example.com,9343888048,Other,51,Bangalore,2025-07-17,Card
2111,Donna,Taylor,rider2111@example.com,9514202593,Male,52,Delhi,2024-06-04,Wallet
2112,Larry,Nichols,rider2112@example.com,9645028231,Male,57,Pune,2025-04-18,Card
2113,Becky,Swanson,rider2113@example.com,9342755767,Male,33,Mumbai,2024-01-08,Wallet
2114,Larry,Davis,rider2114@example.com,9299115490,Female,55,Chennai,2024-12-04,Cash
2115,Patricia,Holt,rider2115@example.com,9443183436,Female,30,Hyderabad,2024-09-07,Card
2116,Manuel,Wiggins,rider2116@example.com,9953102977,Male,40,Delhi,2025-02-17,Card
2117,James,Huynh,rider2117@example.com,9115062917,Male,39,Pune,2025-03-22,Cash
2118,Joshua,Miranda,rider2118@example.com,9926517328,Female,33,Chennai,2025-02-16,Card
2119,Luis,Burke,rider2119@example.com,9162910873,Male,45,Hyderabad,2024-11-19,UPI
2120,Scott,Schneider,rider2120@example.com,9922198369,Female,52,Bangalore,2024-11-22,Wallet
2121,David,Bennett,rider2121@example.com,9157376710,Female,62,Bangalore,2024-01-06,Wallet
2122,Edward,Love,rider2122@example.com,9529877074,Male,63,Mumbai,2025-01-04,Wallet
2123,Joshua,Fitzgerald,rider2123@example.com,9599153044,Female,25,Hyderabad,2024-01-09,Wallet
2124,Alexis,James,rider2124@example.com,9500202683,Male,61,Bangalore,2024-12-20,UPI
2125,Cindy,May,rider2125@example.com,9878903450,Other,39,Bangalore,2024-07-03,Card
2126,Willie,Hoffman,rider2126@example.com,9295867603,Female,38,Pune,2025-10-15,Card
2127,Jamie,Chase,rider2127@example.com,9040934675,Female,43,Mumbai,2024-01-13,Card
2128,Michael,Stokes,rider2128@example.com,9418236881,Male,57,Chennai,2025-06-28,Card
2129,Lucas,Walker,rider2129@example.com,9013827210,Female,38,Bangalore,2025-03-27,Card
2130,Donald,Wilson,rider2130@example.com,9513346018,Male,42,Delhi,2025-06-23,UPI
2131,Janet,Miller,rider2131@example.com,9422013882,Male,58,Delhi,2025-08-31,Wallet
2132,Justin,Davis,rider2132@example.com,9532083168,Male,18,Chennai,2024-03-13,UPI
2133,John,Yang,rider2133@example.com,9163603891,Female,23,Hyderabad,2024-03-06,Card
2134,Charles,Pineda,rider2134@example.com,9736907894,Female,40,Mumbai,2024-04-10,Cash
2135,Christina,Garner,rider2135@example.com,9767200052,Female,40,Pune,2024-05-09,UPI
2136,Matthew,Wilson,rider2136@example.com,9141070716,Female,60,Delhi,2024-12-18,UPI
2137,Scott,Richardson,rider2137@example.com,9348508951,Male,60,Delhi,2025-06-29,Wallet
2138,David,Castaneda,rider2138@example.com,9237085119,Female,40,Chennai,2024-06-28,Wallet
2139,Thomas,Finley,rider2139@example.com,9194454569,Male,49,Hyderabad,2024-09-23,UPI
2140,Emma,Ray,rider2140@example.com,9729655619,Female,47,Hyderabad,2024-09-07,Wallet
2141,Daniel,Smith,rider2141@example.com,9276713771,Female,30,Chennai,2024-09-29,Card
2142,Brian,Brown,rider2142@example.com,9886263956,Female,60,Delhi,2025-01-13,UPI
2143,Ronald,Nichols,rider2143@example.com,9126678305,Female,35,Mumbai,2025-10-24,Wallet
2144,Harold,Boone,rider2144@example.com,9573713887,Male,40,Delhi,2024-05-31,Card
2145,Caitlin,Whitney,rider2145@example.com,9402234614,Male,32,Hyderabad,2025-04-02,Wallet
2146,Brittany,Flores,rider2146@example.com,9466276330,Female,50,Pune,2025-07-21,Cash
2147,Mary,Diaz,rider2147@example.com,9411761421,Male,38,Delhi,2025-03-13,UPI
2148,Holly,Shelton,rider2148@example.com,9524831968,Male,56,Mumbai,2025-07-28,Card
2149,Christina,Hogan,rider2149@example.com,9636470465,Male,40,Bangalore,2025-05-23,UPI
2150,Larry,Meyer,rider2150@example.com,9689698703,Female,44,Delhi,2024-03-04,Wallet
2151,Lisa,Guzman,rider2151@example.com,9688300483,Male,62,Chennai,2024-09-11,Cash
2152,Jennifer,Walker,rider2152@example.com,9793631592,Male,61,Bangalore,2025-01-05,Card
2153,Emily,Foster,rider2153@example.com,9291270659,Female,35,Chennai,2024-02-08,UPI
2154,Amanda,Medina,rider2154@example.com,9341040629,Female,41,Chennai,2024-01-08,UPI
2155,Terri,Murray,rider2155@example.com,9118722824,Male,64,Chennai,2024-04-25,Cash
2156,Katelyn,Thomas,rider2156@example.com,9718301817,Male,57,Delhi,2024-11-30,Card
2157,Steven,Hahn,rider2157@example.com,9960757898,Male,59,Hyderabad,2024-10-17,Wallet
2158,David,Hood,rider2158@example.com,9497499799,Male,24,Bangalore,2025-06-08,UPI
2159,Lisa,Porter,rider2159@example.com,9052217114,Male,37,Mumbai,2025-01-13,Card
2160,Samantha,Bryant,rider2160@example.com,9865658189,Female,44,Hyderabad,2025-07-28,Wallet
2161,Taylor,Guzman,rider2161@example.com,9810617356,Female,23,Delhi,2024-03-05,Wallet
2162,Stanley,Thomas,rider2162@example.com,9316312975,Female,44,Chennai,2024-12-19,Cash
2163,Gabrielle,Ortega,rider2163@example.com,9572616949,Male,26,Mumbai,2024-01-30,Wallet
2164,Jennifer,Solis,rider2164@example.com,9637881193,Female,62,Bangalore,2024-05-22,Card
2165,Steven,Warner,rider2165@example.com,9899906820,Male,48,Hyderabad,2025-08-03,UPI
2166,Jesse,George,rider2166@example.com,9130716753,Female,38,Pune,2025-08-16,Wallet
2167,Jeffrey,Parker,rider2167@example.com,9216336131,Female,43,Hyderabad,2024-11-14,Wallet
2168,Michelle,Mooney,rider2168@example.com,9798549004,Male,57,Mumbai,2024-02-02,Cash
2169,Christina,Martinez,rider2169@example.com,9903729545,Female,62,Delhi,2024-02-20,Card
2170,Roberta,Shea,rider2170@example.com,9858356399,Male,30,Bangalore,2025-09-11,UPI
2171,Philip,Mccarthy,rider2171@example.com,9812743922,Female,40,Mumbai,2025-08-24,Wallet
2172,Holly,Mendoza,rider2172@example.com,9551741925,Male,37,Chennai,2025-01-12,Wallet
2173,Elizabeth,Poole,rider2173@example.com,9814762123,Male,54,Bangalore,2024-01-23,Wallet
2174,Kristina,Simpson,rider2174@example.com,9601863994,Female,45,Hyderabad,2025-09-13,Cash
2175,Nicole,Padilla,rider2175@example.com,9541384531,Male,34,Mumbai,2024-07-30,Card
2176,Shawn,Bennett,rider2176@example.com,9563093079,Female,45,Hyderabad,2025-10-05,Card
2177,Anthony,Zavala,rider2177@example.com,9685909645,Male,58,Hyderabad,2025-01-28,Card
2178,Thomas,Cook,rider2178@example.com,9987240899,Female,19,Hyderabad,2025-05-18,UPI
2179,Michael,Carey,rider2179@example.com,9217735166,Female,42,Delhi,2025-04-22,Card
2180,Steven,Clark,rider2180@example.com,9811339736,Male,58,Hyderabad,2024-09-24,Card
2181,George,Oconnor,rider2181@example.com,9707217340,Male,23,Chennai,2024-02-22,UPI
2182,Katrina,Cochran,rider2182@example.com,9242224198,Male,28,Chennai,2024-04-19,Card
2183,Cassandra,Graves,rider2183@example.com,9306323654,Male,55,Bangalore,2024-06-10,Wallet
2184,David,Williams,rider2184@example.com,9018144424,Male,23,Pune,2025-07-12,Cash
2185,Dakota,Grimes,rider2185@example.com,9842024350,Female,62,Hyderabad,2024-09-17,Card
2186,Lisa,White,rider2186@example.com,9947651186,Female,28,Hyderabad,2025-08-22,Cash
2187,Laura,Freeman,rider2187@example.com,9156409941,Female,31,Mumbai,2024-08-10,Card
2188,Mark,Myers,rider2188@example.com,9475398913,Female,19,Delhi,2025-05-20,UPI
2189,Debra,Joyce,rider2189@example.com,9705424519,Female,57,Pune,2024-04-04,Wallet
2190,Laura,Hopkins,rider2190@example.com,9082611035,Female,20,Bangalore,2025-10-23,Card
2191,Amanda,Allison,rider2191@example.com,9659429920,Male,52,Pune,2025-04-29,Card
2192,Richard,Ritter,rider2192@example.com,9237666969,Female,50,Hyderabad,2024-12-01,Cash
2193,Robert,Kelley,rider2193@example.com,9229533861,Female,41,Mumbai,2025-10-13,Card
2194,Christine,Rogers,rider2194@example.com,9941183909,Female,36,Delhi,2024-02-06,Card
2195,Amy,Gregory,rider2195@example.com,9342424066,Male,35,Bangalore,2024-10-19,Wallet
2196,Terri,Mooney,rider2196@example.com,9283463348,Male,41,Pune,2025-07-15,UPI
2197,Patrick,Todd,rider2197@example.com,9893343751,Male,62,Bangalore,2024-08-16,Cash
2198,Matthew,Myers,rider2198@example.com,9866940865,Female,52,Hyderabad,2025-05-29,UPI
2199,Lisa,Rose,rider2199@example.com,9424382692,Female,18,Bangalore,2025-09-30,UPI
2200,Brittany,Campbell,rider2200@example.com,9855074350,Male,53,Mumbai,2024-09-22,Card
2201,Kristen,Horton,rider2201@example.com,9952889594,Female,42,Bangalore,2025-06-01,UPI
2202,Ryan,Lee,rider2202@example.com,9703969645,Male,62,Chennai,2024-01-21,UPI
2203,Kristin,Chase,rider2203@example.com,9359176504,Male,60,Mumbai,2024-07-02,Cash
2204,Amy,Long,rider2204@example.com,9718830099,Male,51,Pune,2025-10-26,UPI
2205,Joel,Anderson,rider2205@example.com,9542887344,Female,42,Delhi,2024-11-24,Card
2206,Elaine,Goodwin,rider2206@example.com,9966866798,Female,33,Delhi,2024-08-26,Card
2207,Christian,Carpenter,rider2207@example.com,9994706170,Male,51,Hyderabad,2025-09-21,UPI
2208,Sarah,Trujillo,rider2208@example.com,9690149711,Female,46,Hyderabad,2024-10-16,Cash
2209,Audrey,Horn,rider2209@example.com,9038471567,Male,36,Chennai,2025-03-31,Cash
2210,Tommy,Mckinney,rider2210@example.com,9566505188,Female,40,Pune,2025-03-18,Card
2211,Brittany,Ellis,rider2211@example.com,9601674492,Female,36,Delhi,2024-02-28,UPI
2212,Steven,Martin,rider2212@example.com,9343596985,Female,42,Delhi,2025-02-18,UPI
2213,Angela,Taylor,rider2213@example.com,9045056693,Male,33,Delhi,2025-06-18,Wallet
2214,Lynn,Dominguez,rider2214@example.com,9754024286,Female,26,Delhi,2025-04-22,UPI
2215,Gregory,Carter,rider2215@example.com,9178925714,Female,18,Bangalore,2024-02-25,Cash
2216,Stephanie,Thomas,rider2216@example.com,9025038576,Male,59,Pune,2024-04-14,Card
2217,Chad,Robinson,rider2217@example.com,9264816384,Female,36,Mumbai,2025-04-21,UPI
2218,Daniel,Goodman,rider2218@example.com,9936806358,Male,50,Mumbai,2025-02-28,UPI
2219,Lisa,Moss,rider2219@example.com,9530101278,Female,51,Chennai,2025-05-10,Card
2220,Kelsey,Smith,rider2220@example.com,9969519304,Male,33,Bangalore,2024-07-31,Card
2221,Nicholas,Barber,rider2221@example.com,9852775867,Female,61,Delhi,2024-03-13,UPI
2222,Troy,Johnston,rider2222@example.com,9036562036,Female,57,Delhi,2024-01-05,UPI
2223,Donna,Gregory,rider2223@example.com,9344439468,Male,35,Hyderabad,2024-07-25,Wallet
2224,Christopher,Hinton,rider2224@example.com,9963318123,Male,51,Hyderabad,2024-08-29,Card
2225,Lisa,Hernandez,rider2225@example.com,9357617073,Male,42,Chennai,2024-06-30,UPI
2226,Paige,Clements,rider2226@example.com,9174457762,Male,62,Delhi,2024-03-30,UPI
2227,Rebecca,Simmons,rider2227@example.com,9626367850,Male,23,Chennai,2024-05-06,Wallet
2228,Daisy,Skinner,rider2228@example.com,9898977475,Female,38,Bangalore,2024-10-27,UPI
2229,Aaron,Howe,rider2229@example.com,9944348529,Male,23,Mumbai,2025-01-06,UPI
2230,Dwayne,Davis,rider2230@example.com,9537740376,Male,49,Delhi,2024-09-30,UPI
2231,Edward,Mccann,rider2231@example.com,9768740420,Female,58,Pune,2024-01-19,UPI
2232,Amanda,White,rider2232@example.com,9767514975,Male,60,Bangalore,2024-08-25,Wallet
2233,Peter,Williams,rider2233@example.com,9341157330,Female,56,Delhi,2024-03-04,Wallet
2234,Becky,Baird,rider2234@example.com,9990009406,Female,48,Pune,2025-02-04,Wallet
2235,James,Santos,rider2235@example.com,9565823445,Female,59,Hyderabad,2024-08-05,Wallet
2236,Erin,Watkins,rider2236@example.com,9385653523,Female,27,Chennai,2024-09-15,UPI
2237,Leslie,Booker,rider2237@example.com,9266000470,Female,47,Hyderabad,2024-07-14,UPI
2238,Ashley,Sims,rider2238@example.com,9911034956,Male,35,Mumbai,2024-09-17,Wallet
2239,Robin,Powell,rider2239@example.com,9119989965,Male,41,Hyderabad,2024-02-27,Wallet
2240,Kevin,Johnson,rider2240@example.com,9118158374,Male,26,Delhi,2025-08-25,Cash
2241,Sherry,Allen,rider2241@example.com,9661447761,Female,48,Pune,2025-08-28,UPI
2242,Ryan,Burns,rider2242@example.com,9868704796,Male,32,Hyderabad,2025-10-16,Wallet
2243,Toni,Watts,rider2243@example.com,9668290525,Female,21,Delhi,2025-01-18,Card
2244,Max,Blevins,rider2244@example.com,9659950891,Other,57,Mumbai,2024-04-24,Wallet
2245,Christopher,Delgado,rider2245@example.com,9423302927,Female,26,Pune,2024-09-12,Card
2246,Alan,Bennett,rider2246@example.com,9640547398,Female,62,Hyderabad,2024-04-03,Card
2247,Valerie,Holt,rider2247@example.com,9622140513,Male,26,Chennai,2024-07-21,UPI
2248,Richard,Pope,rider2248@example.com,9186604747,Female,43,Chennai,2024-11-26,Card
2249,David,Barrett,rider2249@example.com,9338914785,Female,21,Pune,2024-02-13,Cash
2250,Kelly,Strickland,rider2250@example.com,9247442035,Male,34,Chennai,2024-10-18,Card
2251,Mike,Hancock,rider2251@example.com,9944102387,Male,33,Hyderabad,2024-10-09,Card
2252,Ana,Santos,rider2252@example.com,9351866477,Female,32,Hyderabad,2024-11-20,UPI
2253,Brian,Hill,rider2253@example.com,9413135183,Female,52,Pune,2024-02-22,Wallet
2254,Jacqueline,Delgado,rider2254@example.com,9025853465,Female,22,Hyderabad,2024-06-18,UPI
2255,Lori,Richardson,rider2255@example.com,9815398852,Female,22,Delhi,2024-06-14,Cash
2256,Michael,Wilson,rider2256@example.com,9178955990,Female,37,Mumbai,2025-02-22,Card
2257,Michelle,Miller,rider2257@example.com,9984128655,Male,32,Chennai,2025-02-01,Cash
2258,Michelle,Burns,rider2258@example.com,9816759238,Male,35,Delhi,2024-05-11,UPI
2259,Joe,Barnett,rider2259@example.com,9319348918,Male,64,Pune,2024-03-13,Wallet
2260,Jacqueline,Hicks,rider2260@example.com,9003814634,Male,19,Chennai,2024-07-23,UPI
2261,Phillip,Johnson,rider2261@example.com,9292421959,Female,46,Delhi,2025-09-26,Wallet
2262,Louis,Berry,rider2262@example.com,9730912185,Female,30,Hyderabad,2024-08-10,Wallet
2263,Patrick,Armstrong,rider2263@example.com,9273411461,Female,21,Pune,2025-02-19,UPI
2264,Patrick,Hill,rider2264@example.com,9331555301,Male,59,Pune,2025-06-22,UPI
2265,Amy,Mcgee,rider2265@example.com,9530304407,Female,62,Chennai,2024-08-09,Cash
2266,Elaine,Bauer,rider2266@example.com,9781109659,Female,27,Hyderabad,2024-08-12,Card
2267,Thomas,White,rider2267@example.com,9845576634,Female,48,Chennai,2025-06-29,Wallet
2268,Jacob,Washington,rider2268@example.com,9541829912,Female,58,Bangalore,2025-07-29,Wallet
2269,Patrick,Newman,rider2269@example.com,9699452064,Male,25,Delhi,2025-10-13,UPI
2270,Sandra,Hamilton,rider2270@example.com,9191061669,Male,20,Bangalore,2024-04-01,Wallet
2271,Mary,Duncan,rider2271@example.com,9100822421,Male,63,Delhi,2024-08-03,Card
2272,Eric,Garcia,rider2272@example.com,9682682217,Male,26,Mumbai,2025-09-25,UPI
2273,Whitney,Brown,rider2273@example.com,9562699620,Male,47,Pune,2024-05-15,UPI
2274,Elizabeth,Stout,rider2274@example.com,9834791005,Female,28,Chennai,2024-07-29,Card
2275,Dennis,Pope,rider2275@example.com,9932572287,Female,52,Mumbai,2025-10-07,UPI
2276,Charles,Lopez,rider2276@example.com,9032200748,Female,54,Mumbai,2025-10-10,Cash
2277,Alfred,Hess,rider2277@example.com,9597243871,Female,59,Pune,2024-07-14,Cash
2278,Jennifer,Smith,rider2278@example.com,9295145205,Male,30,Pune,2025-04-10,UPI
2279,Tommy,Hawkins,rider2279@example.com,9802860604,Female,53,Delhi,2024-11-24,Wallet
2280,Samuel,Herrera,rider2280@example.com,9802240654,Male,30,Bangalore,2025-01-20,Card
2281,Veronica,Burnett,rider2281@example.com,9747695090,Male,29,Hyderabad,2024-06-11,Cash
2282,Christopher,Freeman,rider2282@example.com,9418985664,Male,54,Delhi,2024-09-09,UPI
2283,Dawn,Stone,rider2283@example.com,9301655623,Male,27,Hyderabad,2025-06-30,Card
2284,Robert,Richards,rider2284@example.com,9887888765,Male,26,Mumbai,2024-09-20,Wallet
2285,Stephen,Reeves,rider2285@example.com,9699313606,Male,24,Hyderabad,2024-03-18,UPI
2286,Kristina,Tyler,rider2286@example.com,9229011386,Male,19,Bangalore,2025-01-12,Cash
2287,Cassandra,Martinez,rider2287@example.com,9047947199,Female,40,Delhi,2025-01-31,UPI
2288,Ronald,Mullins,rider2288@example.com,9038035148,Male,56,Pune,2024-12-31,UPI
2289,Hector,Sheppard,rider2289@example.com,9953829441,Male,57,Bangalore,2025-04-01,Wallet
2290,William,Merritt,rider2290@example.com,9914790534,Male,56,Bangalore,2025-01-03,Cash
2291,Andrea,White,rider2291@example.com,9728395167,Female,38,Delhi,2025-09-29,Card
2292,Shannon,George,rider2292@example.com,9309532670,Male,40,Pune,2024-11-05,Wallet
2293,Michael,White,rider2293@example.com,9848868656,Male,46,Bangalore,2025-04-19,UPI
2294,Jacob,Peters,rider2294@example.com,9292582282,Male,31,Pune,2024-10-20,Cash
2295,Cassandra,Mcbride,rider2295@example.com,9801832353,Male,43,Chennai,2024-07-14,Cash
2296,Becky,Martinez,rider2296@example.com,9068856846,Male,22,Chennai,2025-04-08,Cash
2297,Melanie,Anderson,rider2297@example.com,9767809645,Male,48,Chennai,2025-07-02,Wallet
2298,Joel,Harris,rider2298@example.com,9837449597,Male,42,Hyderabad,2025-06-16,Card
2299,Walter,Martin,rider2299@example.com,9521353175,Male,48,Bangalore,2024-10-01,UPI
2300,Robert,Hart,rider2300@example.com,9559289748,Male,37,Delhi,2024-11-30,Card
2301,Amy,York,rider2301@example.com,9741148626,Female,61,Delhi,2025-02-28,UPI
2302,Michael,Johnson,rider2302@example.com,9751199764,Female,34,Hyderabad,2024-06-11,Wallet
2303,Tiffany,Whitney,rider2303@example.com,9534965515,Male,62,Delhi,2025-03-16,Wallet
2304,Ashley,Hunter,rider2304@example.com,9641967896,Male,19,Chennai,2025-04-23,Card
2305,Janet,Cox,rider2305@example.com,9300935820,Female,42,Bangalore,2025-06-12,UPI
2306,Daniel,Stephens,rider2306@example.com,9163015972,Male,30,Delhi,2024-02-20,Card
2307,Timothy,Henderson,rider2307@example.com,9242284834,Male,56,Delhi,2025-10-24,Card
2308,Hannah,Landry,rider2308@example.com,9927668098,Female,45,Mumbai,2024-11-17,Wallet
2309,Douglas,Smith,rider2309@example.com,9460180403,Male,59,Mumbai,2024-09-25,UPI
2310,Jessica,Turner,rider2310@example.com,9348015373,Male,23,Mumbai,2024-12-05,Card
2311,Tonya,Shah,rider2311@example.com,9586671554,Male,20,Bangalore,2025-09-07,Card
2312,Tonya,Stone,rider2312@example.com,9460539260,Female,52,Chennai,2025-04-08,UPI
2313,Kimberly,Patton,rider2313@example.com,9967462720,Male,35,Pune,2024-12-30,UPI
2314,Steven,Hopkins,rider2314@example.com,9536499119,Female,28,Chennai,2025-06-13,Card
2315,Christian,Wallace,rider2315@example.com,9285672850,Other,37,Chennai,2024-08-29,Wallet
2316,Pamela,Ray,rider2316@example.com,9215538307,Male,22,Bangalore,2025-08-22,Cash
2317,Christopher,Neal,rider2317@example.com,9755821262,Male,36,Bangalore,2024-12-25,Wallet
2318,Thomas,Mills,rider2318@example.com,9643956784,Male,39,Mumbai,2025-03-03,UPI
2319,Judith,Andersen,rider2319@example.com,9460789075,Male,36,Delhi,2024-02-27,Card
2320,Susan,Bell,rider2320@example.com,9199198177,Male,64,Hyderabad,2025-05-29,UPI
2321,Christian,Medina,rider2321@example.com,9551294414,Female,33,Hyderabad,2025-03-16,Wallet
2322,Cynthia,Clark,rider2322@example.com,9925316498,Female,41,Pune,2024-08-26,Wallet
2323,Lauren,Garcia,rider2323@example.com,9283859747,Female,58,Delhi,2025-03-09,UPI
2324,Larry,Weiss,rider2324@example.com,9765659070,Male,21,Pune,2024-01-31,UPI
2325,Brian,Young,rider2325@example.com,9554943436,Female,32,Mumbai,2025-10-20,Card
2326,Matthew,Lopez,rider2326@example.com,9877156922,Female,42,Pune,2025-03-29,Card
2327,Kimberly,Evans,rider2327@example.com,9094907634,Female,61,Delhi,2024-09-24,Card
2328,Taylor,Wall,rider2328@example.com,9153597710,Male,52,Delhi,2025-05-18,UPI
2329,William,Bernard,rider2329@example.com,9011547734,Female,31,Hyderabad,2025-10-08,UPI
2330,Taylor,Guzman,rider2330@example.com,9943148722,Male,36,Mumbai,2024-10-15,Wallet
2331,Jessica,Robinson,rider2331@example.com,9557856413,Male,55,Bangalore,2024-01-09,Card
2332,Robert,Howard,rider2332@example.com,9547416855,Male,53,Pune,2024-06-22,UPI
2333,Susan,Anderson,rider2333@example.com,9739523285,Female,24,Hyderabad,2024-12-08,UPI
2334,Lauren,Dean,rider2334@example.com,9558095794,Female,47,Pune,2024-12-13,UPI
2335,Keith,Jones,rider2335@example.com,9758166028,Male,36,Pune,2025-01-23,Cash
2336,Austin,Scott,rider2336@example.com,9413623347,Male,42,Bangalore,2025-01-20,Card
2337,Sandra,James,rider2337@example.com,9040714697,Male,33,Mumbai,2024-10-25,Wallet
2338,Kara,Mckee,rider2338@example.com,9147973418,Male,64,Delhi,2024-09-19,UPI
2339,Jessica,Ross,rider2339@example.com,9559508374,Male,57,Chennai,2025-05-31,Card
2340,Anne,Miller,rider2340@example.com,9560170396,Male,25,Pune,2025-01-29,Wallet
2341,Bryan,King,rider2341@example.com,9101759001,Female,35,Chennai,2024-12-01,Card
2342,Thomas,Coleman,rider2342@example.com,9706794907,Male,45,Mumbai,2024-08-19,UPI
2343,Gary,Neal,rider2343@example.com,9869285516,Male,33,Chennai,2024-01-18,Wallet
2344,Brett,Herrera,rider2344@example.com,9215938967,Male,36,Pune,2024-03-11,Card
2345,Veronica,Jones,rider2345@example.com,9635367355,Female,59,Bangalore,2024-10-05,Wallet
2346,Lisa,Oconnor,rider2346@example.com,9896070722,Female,34,Chennai,2025-10-05,Cash
2347,Claudia,Cowan,rider2347@example.com,9883413351,Female,62,Mumbai,2024-03-19,Card
2348,Justin,Terry,rider2348@example.com,9390143097,Male,30,Mumbai,2025-09-21,UPI
2349,Christopher,Lee,rider2349@example.com,9427493663,Female,24,Bangalore,2024-04-05,Card
2350,William,Watson,rider2350@example.com,9579671480,Male,44,Chennai,2024-07-28,Cash
2351,Melissa,Sandoval,rider2351@example.com,9300735658,Female,27,Chennai,2024-11-01,Card
2352,Joshua,Hoover,rider2352@example.com,9260825263,Female,51,Delhi,2024-05-19,Card
2353,David,Jacobs,rider2353@example.com,9794128866,Female,53,Hyderabad,2024-11-19,Card
2354,Juan,Barnes,rider2354@example.com,9911223214,Female,42,Mumbai,2024-11-15,Card
2355,Michaela,Hernandez,rider2355@example.com,9252611978,Female,23,Delhi,2024-10-20,Wallet
2356,Alexis,Riddle,rider2356@example.com,9925946574,Male,41,Mumbai,2025-04-11,Card
2357,Daniel,Hamilton,rider2357@example.com,9465325544,Female,35,Delhi,2024-08-02,UPI
2358,Greg,Johnson,rider2358@example.com,9118185136,Male,40,Hyderabad,2024-07-20,Card
2359,Brittany,Munoz,rider2359@example.com,9738052038,Female,23,Delhi,2025-06-26,Card
2360,Edward,Jones,rider2360@example.com,9819376841,Male,46,Mumbai,2024-03-18,Cash
2361,Sean,Martinez,rider2361@example.com,9847146220,Male,42,Chennai,2025-07-22,UPI
2362,Lindsey,Rodriguez,rider2362@example.com,9148333540,Male,34,Mumbai,2025-03-09,Wallet
2363,Jose,Kelley,rider2363@example.com,9112728360,Male,63,Pune,2025-03-29,UPI
2364,Jaclyn,Jones,rider2364@example.com,9308764770,Male,41,Bangalore,2024-04-20,Card
2365,Todd,Bowman,rider2365@example.com,9906761837,Female,28,Bangalore,2025-10-20,UPI
2366,Lauren,Cox,rider2366@example.com,9629507671,Male,43,Pune,2024-06-12,Card
2367,Michelle,Cook,rider2367@example.com,9621720488,Male,51,Bangalore,2024-04-27,Card
2368,Matthew,Nelson,rider2368@example.com,9868041869,Female,45,Bangalore,2024-04-17,Wallet
2369,Christopher,Melton,rider2369@example.com,9303264564,Male,20,Hyderabad,2025-01-09,Cash
2370,Dustin,Perez,rider2370@example.com,9967419916,Female,28,Chennai,2025-10-03,UPI
2371,Sarah,Smith,rider2371@example.com,9053906490,Female,55,Chennai,2024-06-04,Card
2372,Eric,Bennett,rider2372@example.com,9970342519,Female,31,Mumbai,2024-09-28,UPI
2373,Tyler,Novak,rider2373@example.com,9701815891,Female,43,Pune,2024-05-04,Wallet
2374,Victoria,Gray,rider2374@example.com,9368296707,Male,38,Delhi,2025-03-04,Wallet
2375,Kaylee,Garcia,rider2375@example.com,9421531936,Female,56,Mumbai,2024-10-16,Card
2376,John,Frost,rider2376@example.com,9252602216,Male,47,Mumbai,2024-01-21,Card
2377,Scott,Thompson,rider2377@example.com,9908875480,Male,25,Mumbai,2025-02-15,UPI
2378,Dana,Chandler,rider2378@example.com,9293358384,Female,37,Mumbai,2024-05-12,Cash
2379,Jason,Parker,rider2379@example.com,9391065735,Male,49,Chennai,2025-01-31,UPI
2380,Jessica,Nicholson,rider2380@example.com,9174546935,Female,39,Delhi,2024-09-17,UPI
2381,Michael,Burns,rider2381@example.com,9102140128,Female,24,Mumbai,2025-04-16,Card
2382,Dawn,Rice,rider2382@example.com,9331955897,Female,26,Chennai,2024-05-18,Wallet
2383,Karla,Graves,rider2383@example.com,9990359717,Female,62,Mumbai,2025-05-18,UPI
2384,Darren,Grimes,rider2384@example.com,9717030568,Male,18,Bangalore,2025-06-25,Card
2385,Gary,Arnold,rider2385@example.com,9709412460,Male,46,Mumbai,2024-02-12,Card
2386,Raymond,Lawson,rider2386@example.com,9516483895,Female,25,Pune,2024-03-09,Wallet
2387,Kevin,Mosley,rider2387@example.com,9337684187,Male,21,Pune,2025-08-06,Cash
2388,Julie,Jackson,rider2388@example.com,9677600643,Female,52,Mumbai,2024-05-05,UPI
2389,Karen,Potts,rider2389@example.com,9459731730,Female,20,Hyderabad,2024-08-06,Card
2390,Amanda,Price,rider2390@example.com,9332496757,Female,62,Bangalore,2024-11-02,UPI
2391,Noah,Reed,rider2391@example.com,9451048480,Male,57,Delhi,2024-06-25,Card
2392,Janice,Figueroa,rider2392@example.com,9947318156,Male,24,Mumbai,2025-07-31,Wallet
2393,Thomas,Faulkner,rider2393@example.com,9054270799,Male,44,Delhi,2024-12-19,Wallet
2394,Dustin,Schmidt,rider2394@example.com,9594761110,Male,18,Bangalore,2025-03-03,Card
2395,Monica,Wheeler,rider2395@example.com,9797647545,Female,44,Mumbai,2025-02-03,Card
2396,Alexander,Atkinson,rider2396@example.com,9657289722,Male,33,Hyderabad,2025-02-13,UPI
2397,Sara,Woods,rider2397@example.com,9693485403,Male,55,Chennai,2025-01-28,UPI
2398,Shane,Anderson,rider2398@example.com,9909846856,Male,24,Hyderabad,2024-08-21,Card
2399,Erika,Smith,rider2399@example.com,9066992613,Female,61,Hyderabad,2025-07-19,Cash
2400,Suzanne,Palmer,rider2400@example.com,9826870977,Female,40,Chennai,2025-02-17,Cash
2401,Felicia,Moore,rider2401@example.com,9779570399,Male,58,Chennai,2025-06-28,Card
2402,Blake,Martinez,rider2402@example.com,9626377927,Male,28,Pune,2025-04-17,UPI
2403,Samantha,Gray,rider2403@example.com,9110735128,Male,59,Chennai,2024-07-18,UPI
2404,Dana,Moss,rider2404@example.com,9962206824,Male,50,Mumbai,2025-02-15,Cash
2405,Stephanie,Brown,rider2405@example.com,9323330239,Female,53,Delhi,2024-02-27,UPI
2406,Ryan,Swanson,rider2406@example.com,9934460606,Female,54,Pune,2024-03-31,Card
2407,Samantha,Villegas,rider2407@example.com,9943069523,Male,58,Pune,2024-03-20,UPI
2408,Michele,Zimmerman,rider2408@example.com,9578652941,Male,34,Delhi,2024-07-23,Cash
2409,Matthew,Wright,rider2409@example.com,9285370064,Other,52,Pune,2024-05-03,Cash
2410,Joseph,Franklin,rider2410@example.com,9488548753,Male,22,Chennai,2025-04-09,Wallet
2411,Corey,Mann,rider2411@example.com,9119804255,Female,49,Hyderabad,2024-12-08,Card
2412,Destiny,White,rider2412@example.com,9428053764,Male,20,Bangalore,2024-10-07,UPI
2413,Peter,Andersen,rider2413@example.com,9255078688,Male,64,Chennai,2024-04-03,UPI
2414,Kendra,Lindsey,rider2414@example.com,9786020392,Male,52,Hyderabad,2024-09-14,Card
2415,Kaitlyn,Shaw,rider2415@example.com,9213170195,Male,31,Hyderabad,2024-05-05,UPI
2416,Jessica,Hill,rider2416@example.com,9866399287,Female,48,Pune,2025-03-01,Cash
2417,Brianna,Patterson,rider2417@example.com,9987287314,Male,48,Mumbai,2025-04-09,UPI
2418,James,David,rider2418@example.com,9249562917,Male,34,Mumbai,2025-03-08,Card
2419,Matthew,Keith,rider2419@example.com,9964416033,Male,41,Pune,2025-10-30,Card
2420,Hannah,Cervantes,rider2420@example.com,9288807005,Male,40,Pune,2025-01-06,Cash
2421,Hector,Torres,rider2421@example.com,9102874512,Male,35,Delhi,2024-11-24,Wallet
2422,Amy,Hodge,rider2422@example.com,9022017545,Male,31,Delhi,2024-04-04,Wallet
2423,Emily,Meza,rider2423@example.com,9416487921,Female,32,Bangalore,2024-07-30,Cash
2424,Marie,Russell,rider2424@example.com,9046627501,Male,32,Bangalore,2024-10-29,Card
2425,Alexander,Edwards,rider2425@example.com,9526974420,Male,23,Bangalore,2024-02-06,Cash
2426,Connor,Davis,rider2426@example.com,9360785483,Female,44,Bangalore,2024-08-28,UPI
2427,Dalton,Miller,rider2427@example.com,9309587238,Male,32,Hyderabad,2024-01-08,UPI
2428,Sean,Blair,rider2428@example.com,9368060145,Female,53,Hyderabad,2024-04-02,Card
2429,Jeffrey,Duffy,rider2429@example.com,9792326714,Male,25,Delhi,2025-06-29,Card
2430,Justin,Martin,rider2430@example.com,9858197015,Female,32,Mumbai,2025-10-06,UPI
2431,James,Brown,rider2431@example.com,9019679720,Female,20,Pune,2024-12-04,Card
2432,Andrew,Paul,rider2432@example.com,9925192018,Female,64,Mumbai,2024-11-27,Card
2433,Christopher,Spencer,rider2433@example.com,9285233297,Other,30,Chennai,2025-04-03,Card
2434,Sheena,Vasquez,rider2434@example.com,9049379582,Male,58,Hyderabad,2024-10-05,Cash
2435,Diane,Baxter,rider2435@example.com,9915855116,Female,51,Bangalore,2025-07-16,Wallet
2436,Mary,Hayden,rider2436@example.com,9397149207,Male,41,Bangalore,2024-11-23,Wallet
2437,Stephanie,Coleman,rider2437@example.com,9574142487,Male,57,Chennai,2024-02-26,Card
2438,Danielle,Romero,rider2438@example.com,9396262591,Male,49,Mumbai,2024-01-22,UPI
2439,Jean,Cross,rider2439@example.com,9883124977,Female,49,Bangalore,2025-05-24,Card
2440,David,Castillo,rider2440@example.com,9367724434,Male,47,Mumbai,2024-07-15,UPI
2441,Melissa,Robertson,rider2441@example.com,9354978729,Female,30,Pune,2024-07-03,Wallet
2442,David,Cuevas,rider2442@example.com,9657156438,Female,18,Chennai,2024-12-26,Wallet
2443,Diana,Barron,rider2443@example.com,9029903480,Female,51,Mumbai,2024-04-23,Card
2444,Rachel,Wolfe,rider2444@example.com,9424796000,Female,32,Pune,2024-11-02,Card
2445,Ashlee,Sullivan,rider2445@example.com,9940916573,Male,61,Mumbai,2025-05-12,Wallet
2446,Tammy,Jensen,rider2446@example.com,9762426622,Male,31,Mumbai,2025-05-27,Wallet
2447,Paula,Bartlett,rider2447@example.com,9549203693,Male,46,Bangalore,2025-01-03,Card
2448,Heather,Reese,rider2448@example.com,9091401527,Male,51,Delhi,2024-03-17,UPI
2449,Jon,Klein,rider2449@example.com,9311722641,Male,35,Hyderabad,2024-03-18,UPI
2450,Steven,Park,rider2450@example.com,9475690018,Male,24,Mumbai,2025-06-02,Wallet
2451,Sharon,Brady,rider2451@example.com,9429335984,Male,46,Mumbai,2025-07-04,UPI
2452,Danielle,Sanchez,rider2452@example.com,9742298359,Female,48,Mumbai,2024-09-03,Card
2453,Sandra,Stevenson,rider2453@example.com,9667715390,Female,42,Delhi,2025-07-04,Card
2454,Joshua,Tapia,rider2454@example.com,9226247365,Male,55,Pune,2024-01-29,Card
2455,Ronald,Morrow,rider2455@example.com,9003299090,Female,31,Chennai,2025-04-26,Wallet
2456,Rebecca,Beard,rider2456@example.com,9064761442,Male,25,Bangalore,2024-12-31,Card
2457,Kayla,Rice,rider2457@example.com,9787355404,Male,44,Delhi,2025-10-24,UPI
2458,Marcus,Lynch,rider2458@example.com,9231697920,Female,19,Pune,2024-03-10,Card
2459,Fernando,Lawson,rider2459@example.com,9675493934,Male,34,Mumbai,2025-07-09,Cash
2460,Charles,Oconnell,rider2460@example.com,9396904539,Male,54,Pune,2025-05-17,UPI
2461,Kimberly,Craig,rider2461@example.com,9252878357,Other,31,Delhi,2024-07-18,Card
2462,Patrick,Macias,rider2462@example.com,9338133073,Female,42,Delhi,2025-10-30,Card
2463,Marvin,Mills,rider2463@example.com,9453302364,Female,47,Delhi,2024-10-28,Wallet
2464,Brian,Walker,rider2464@example.com,9122474098,Female,46,Chennai,2024-08-21,Card
2465,Stephanie,Jones,rider2465@example.com,9537203350,Female,37,Hyderabad,2025-06-30,Card
2466,Joseph,Franco,rider2466@example.com,9516023251,Male,38,Bangalore,2024-10-21,Card
2467,Scott,Palmer,rider2467@example.com,9071555870,Male,39,Chennai,2025-10-26,Wallet
2468,Travis,Farley,rider2468@example.com,9940422456,Male,52,Chennai,2025-06-03,UPI
2469,Sarah,Henderson,rider2469@example.com,9411992551,Male,54,Hyderabad,2024-06-08,UPI
2470,Chelsey,Gray,rider2470@example.com,9253807819,Female,33,Chennai,2025-06-26,Card
2471,Gregory,Brooks,rider2471@example.com,9135053494,Male,60,Delhi,2025-01-28,Cash
2472,Travis,Wilson,rider2472@example.com,9197157557,Female,34,Delhi,2024-08-23,Wallet
2473,Douglas,Sloan,rider2473@example.com,9166328246,Female,33,Pune,2025-04-20,UPI
2474,Kayla,Wright,rider2474@example.com,9306162185,Female,19,Mumbai,2025-02-27,Card
2475,Jeffery,Ryan,rider2475@example.com,9635200761,Female,21,Chennai,2024-04-21,Cash
2476,Dawn,Miranda,rider2476@example.com,9504205986,Female,38,Mumbai,2024-04-04,UPI
2477,Rita,Wilson,rider2477@example.com,9856977143,Male,56,Bangalore,2024-05-19,UPI
2478,Jennifer,Evans,rider2478@example.com,9360809010,Female,51,Delhi,2024-05-19,Card
2479,Dakota,Carter,rider2479@example.com,9146103927,Male,47,Pune,2024-02-10,Card
2480,Charles,Lewis,rider2480@example.com,9888818930,Female,23,Bangalore,2024-08-23,Card
2481,Ashley,Rojas,rider2481@example.com,9461638816,Male,34,Pune,2024-07-07,Card
2482,John,Carroll,rider2482@example.com,9878518569,Female,56,Hyderabad,2024-12-26,Wallet
2483,Sean,Robinson,rider2483@example.com,9050965688,Female,42,Delhi,2024-08-05,UPI
2484,Peggy,Torres,rider2484@example.com,9267280072,Male,22,Bangalore,2025-04-16,Wallet
2485,Eduardo,Fitzpatrick,rider2485@example.com,9720814723,Male,22,Hyderabad,2024-07-13,Card
2486,Danielle,Day,rider2486@example.com,9735640783,Other,37,Bangalore,2024-06-28,Card
2487,Sarah,Petersen,rider2487@example.com,9083069789,Male,33,Pune,2025-07-28,Card
2488,Elizabeth,Johnson,rider2488@example.com,9995145498,Female,58,Hyderabad,2025-10-21,Card
2489,Joseph,Ford,rider2489@example.com,9367146749,Female,54,Hyderabad,2025-03-30,UPI
2490,Isabel,Williamson,rider2490@example.com,9066886751,Male,57,Delhi,2024-03-05,Card
2491,Rebecca,Freeman,rider2491@example.com,9857116456,Male,26,Mumbai,2025-10-06,Card
2492,Autumn,Kelly,rider2492@example.com,9059563431,Male,22,Pune,2025-06-09,Cash
2493,Zachary,Gilbert,rider2493@example.com,9807392002,Female,59,Pune,2025-09-06,Cash
2494,Shelby,Murphy,rider2494@example.com,9585653377,Male,19,Hyderabad,2025-10-25,Wallet
2495,Tracy,Gomez,rider2495@example.com,9730316787,Male,26,Hyderabad,2025-08-03,UPI
2496,Ryan,Smith,rider2496@example.com,9192615487,Male,60,Delhi,2024-03-26,Card
2497,Megan,Zamora,rider2497@example.com,9201240254,Female,53,Mumbai,2025-08-02,UPI
2498,Kimberly,Lopez,rider2498@example.com,9550054908,Female,39,Pune,2024-06-16,Cash
2499,Kristen,Gomez,rider2499@example.com,9099839767,Other,39,Chennai,2025-04-21,Cash
2500,Amber,Garcia,rider2500@example.com,9388724616,Male,39,Chennai,2025-07-08,UPI
2501,Aaron,Vasquez,rider2501@example.com,9303438300,Female,51,Mumbai,2025-05-24,Card
2502,Stephanie,Miller,rider2502@example.com,9091435294,Female,46,Bangalore,2025-03-28,Wallet
2503,Lisa,Robertson,rider2503@example.com,9930741799,Female,55,Delhi,2024-11-23,Card
2504,Timothy,Hernandez,rider2504@example.com,9654662897,Female,63,Mumbai,2025-01-21,Wallet
2505,Ashley,Martinez,rider2505@example.com,9351896225,Male,50,Chennai,2024-06-29,UPI
2506,Savannah,Freeman,rider2506@example.com,9275600223,Male,35,Hyderabad,2024-10-04,UPI
2507,Michael,Moore,rider2507@example.com,9023405677,Female,24,Chennai,2024-10-29,UPI
2508,Evelyn,Douglas,rider2508@example.com,9125158904,Male,18,Hyderabad,2025-02-28,Wallet
2509,Richard,Perez,rider2509@example.com,9182805166,Female,50,Delhi,2025-08-11,Card
2510,Cynthia,Foster,rider2510@example.com,9608123927,Female,18,Hyderabad,2024-03-04,UPI
2511,Susan,Evans,rider2511@example.com,9884479098,Male,41,Mumbai,2024-12-11,UPI
2512,Christopher,Patterson,rider2512@example.com,9636152769,Female,21,Hyderabad,2024-07-05,Card
2513,Amanda,White,rider2513@example.com,9584442022,Male,21,Bangalore,2025-09-18,Cash
2514,Susan,Cain,rider2514@example.com,9482488631,Male,35,Mumbai,2024-09-04,UPI
2515,Christopher,Rodriguez,rider2515@example.com,9373714503,Female,44,Delhi,2025-09-27,Wallet
2516,Steve,Gonzales,rider2516@example.com,9118026691,Female,60,Mumbai,2024-08-07,Cash
2517,Katie,Franco,rider2517@example.com,9419396061,Male,49,Bangalore,2024-01-03,UPI
2518,Deborah,Martin,rider2518@example.com,9047189119,Male,50,Delhi,2025-06-02,Card
2519,Gregory,Gomez,rider2519@example.com,9925692476,Female,45,Chennai,2025-05-05,Card
2520,Benjamin,Hamilton,rider2520@example.com,9883410341,Female,59,Bangalore,2025-05-04,UPI
2521,Patrick,Howard,rider2521@example.com,9413181181,Female,58,Delhi,2024-11-03,Cash
2522,James,Harrell,rider2522@example.com,9405132517,Male,53,Hyderabad,2025-03-20,UPI
2523,Heather,Gonzalez,rider2523@example.com,9904470856,Male,23,Mumbai,2024-08-28,Card
2524,Peggy,Lopez,rider2524@example.com,9094067148,Male,33,Delhi,2024-02-13,Card
2525,Crystal,Williams,rider2525@example.com,9783103145,Female,51,Mumbai,2024-12-23,Card
2526,Michael,Foster,rider2526@example.com,9645722757,Male,40,Hyderabad,2024-05-26,UPI
2527,Christopher,Manning,rider2527@example.com,9940740337,Male,59,Delhi,2024-10-15,Cash
2528,Cynthia,Santana,rider2528@example.com,9449998709,Female,41,Chennai,2024-05-22,Cash
2529,Jill,Martin,rider2529@example.com,9339136941,Male,30,Bangalore,2024-06-29,Card
2530,Donald,Gonzalez,rider2530@example.com,9264106032,Other,35,Delhi,2025-07-08,Card
2531,James,Mendoza,rider2531@example.com,9675318057,Female,30,Hyderabad,2024-08-14,Cash
2532,Jennifer,Ortega,rider2532@example.com,9631010896,Female,54,Delhi,2025-01-22,Card
2533,Brittany,Baker,rider2533@example.com,9546125360,Male,60,Mumbai,2025-01-14,Wallet
2534,Tracy,Fisher,rider2534@example.com,9640047486,Male,56,Pune,2024-11-21,Wallet
2535,Bryan,Pierce,rider2535@example.com,9794869894,Female,59,Delhi,2024-08-18,UPI
2536,Amber,Marsh,rider2536@example.com,9848170361,Female,34,Chennai,2025-04-01,UPI
2537,Kyle,Klein,rider2537@example.com,9007701773,Female,32,Delhi,2024-02-03,Cash
2538,Amanda,Nguyen,rider2538@example.com,9759493307,Male,35,Bangalore,2024-03-08,Card
2539,Mary,Duran,rider2539@example.com,9811171960,Female,40,Delhi,2025-06-08,UPI
2540,Shannon,Macias,rider2540@example.com,9049021444,Female,47,Pune,2024-11-04,UPI
2541,Wendy,Shaw,rider2541@example.com,9155967433,Female,51,Mumbai,2024-03-24,Card
2542,Benjamin,Mclean,rider2542@example.com,9384965523,Female,21,Delhi,2025-07-27,UPI
2543,Brian,Cameron,rider2543@example.com,9917033530,Female,20,Chennai,2024-10-22,Card
2544,Kristin,Price,rider2544@example.com,9049992665,Female,24,Hyderabad,2024-01-02,Card
2545,Brad,Rodriguez,rider2545@example.com,9361977317,Male,35,Delhi,2025-10-02,Card
2546,David,Rodriguez,rider2546@example.com,9394624872,Male,59,Delhi,2024-05-16,UPI
2547,Lindsay,Smith,rider2547@example.com,9385865392,Male,24,Bangalore,2025-04-05,Wallet
2548,Elizabeth,Moore,rider2548@example.com,9768714134,Male,57,Chennai,2024-03-30,UPI
2549,Stephen,Porter,rider2549@example.com,9931796706,Male,23,Pune,2025-03-11,Card
2550,Erika,Saunders,rider2550@example.com,9055817357,Male,39,Hyderabad,2024-04-17,Wallet
2551,Morgan,Young,rider2551@example.com,9921162506,Male,18,Mumbai,2025-09-16,Cash
2552,Edward,Gregory,rider2552@example.com,9989354646,Male,21,Delhi,2024-07-03,UPI
2553,Beth,Peterson,rider2553@example.com,9398970145,Female,63,Pune,2025-03-14,Card
2554,Sandy,Bray,rider2554@example.com,9570393427,Female,60,Hyderabad,2024-06-17,Card
2555,Benjamin,Mclaughlin,rider2555@example.com,9186692552,Male,46,Mumbai,2024-09-06,Card
2556,Donald,Hamilton,rider2556@example.com,9905092600,Female,38,Pune,2025-08-27,UPI
2557,Desiree,Roberts,rider2557@example.com,9011015616,Female,43,Chennai,2024-04-21,Wallet
2558,Thomas,Tucker,rider2558@example.com,9197384498,Male,31,Chennai,2024-09-22,Cash
2559,Samantha,Hodges,rider2559@example.com,9121300882,Male,26,Hyderabad,2024-07-24,Cash
2560,Brandon,Wright,rider2560@example.com,9384699086,Male,64,Mumbai,2025-04-13,UPI
2561,Jacqueline,Hernandez,rider2561@example.com,9723310448,Female,29,Chennai,2024-06-06,UPI
2562,David,Dixon,rider2562@example.com,9177365561,Female,59,Hyderabad,2025-03-14,UPI
2563,Gerald,Wright,rider2563@example.com,9922188220,Male,23,Chennai,2025-04-16,Card
2564,Brendan,Wang,rider2564@example.com,9631864176,Male,37,Chennai,2024-01-02,Card
2565,Kyle,Lin,rider2565@example.com,9130236416,Male,41,Pune,2024-11-15,UPI
2566,Laura,Gamble,rider2566@example.com,9936835991,Male,44,Pune,2024-03-30,Cash
2567,Stephen,Wright,rider2567@example.com,9676403239,Male,55,Chennai,2024-06-01,Card
2568,George,Hoover,rider2568@example.com,9193252826,Male,25,Bangalore,2025-03-31,Wallet
2569,Brittany,Gonzalez,rider2569@example.com,9712693794,Female,18,Pune,2024-01-08,UPI
2570,Lisa,Mccarthy,rider2570@example.com,9999522529,Female,41,Mumbai,2025-04-10,Cash
2571,Daniel,Patrick,rider2571@example.com,9644484368,Male,64,Hyderabad,2025-06-30,Wallet
2572,Tyler,Haynes,rider2572@example.com,9681114330,Female,24,Hyderabad,2025-10-23,UPI
2573,Lauren,Shaw,rider2573@example.com,9640980587,Male,36,Mumbai,2024-10-10,Cash
2574,Jeffrey,White,rider2574@example.com,9715559062,Male,39,Mumbai,2024-03-30,Card
2575,Linda,Riddle,rider2575@example.com,9787902591,Male,52,Mumbai,2024-02-18,UPI
2576,Ronald,Garza,rider2576@example.com,9204637216,Female,47,Mumbai,2024-09-13,UPI
2577,Lisa,Walters,rider2577@example.com,9266032358,Female,46,Delhi,2025-05-04,UPI
2578,Tina,Perez,rider2578@example.com,9418029559,Female,39,Hyderabad,2024-03-10,UPI
2579,Erika,Anderson,rider2579@example.com,9997737939,Male,28,Delhi,2024-07-29,Card
2580,Mark,Johnson,rider2580@example.com,9579551924,Female,37,Chennai,2025-08-12,UPI
2581,Theresa,Mooney,rider2581@example.com,9741117367,Male,46,Chennai,2024-04-02,Card
2582,Barbara,Hickman,rider2582@example.com,9038625676,Female,58,Hyderabad,2025-06-01,UPI
2583,Derrick,Simmons,rider2583@example.com,9112584233,Male,59,Chennai,2025-05-19,UPI
2584,Mary,Jensen,rider2584@example.com,9008056308,Male,51,Mumbai,2024-03-30,Wallet
2585,Laura,Davis,rider2585@example.com,9292482873,Female,18,Delhi,2025-10-26,UPI
2586,Kathryn,Williams,rider2586@example.com,9210788312,Female,48,Mumbai,2024-04-06,UPI
2587,Brittany,Russell,rider2587@example.com,9736548522,Male,47,Chennai,2024-12-21,Card
2588,Matthew,Torres,rider2588@example.com,9072019708,Female,35,Pune,2024-01-07,UPI
2589,David,Schultz,rider2589@example.com,9428741627,Male,34,Delhi,2025-03-11,Card
2590,Donald,Hall,rider2590@example.com,9963651295,Female,55,Mumbai,2024-10-21,Wallet
2591,Robert,Rogers,rider2591@example.com,9551005108,Female,31,Hyderabad,2025-04-28,Card
2592,Heather,Mendoza,rider2592@example.com,9194842262,Female,40,Mumbai,2025-02-24,Cash
2593,Angela,Hicks,rider2593@example.com,9300360722,Female,42,Pune,2024-04-12,UPI
2594,Samuel,Schneider,rider2594@example.com,9350283034,Female,32,Chennai,2024-10-03,UPI
2595,Sara,Torres,rider2595@example.com,9243753916,Male,63,Delhi,2025-04-04,Cash
2596,Billy,Adams,rider2596@example.com,9928091663,Female,39,Hyderabad,2025-07-29,Wallet
2597,Craig,Ramirez,rider2597@example.com,9166968740,Male,20,Delhi,2024-02-28,Wallet
2598,Melanie,Bell,rider2598@example.com,9330454410,Male,36,Hyderabad,2024-03-09,UPI
2599,Cheyenne,Barnes,rider2599@example.com,9616649700,Male,61,Delhi,2025-05-18,Wallet
2600,Kimberly,Flores,rider2600@example.com,9844580151,Male,51,Chennai,2025-01-29,UPI
2601,Alexis,Williams,rider2601@example.com,9764296280,Female,52,Hyderabad,2024-09-14,UPI
2602,Tony,Williams,rider2602@example.com,9924115050,Male,18,Bangalore,2025-10-06,Cash
2603,Adam,Williams,rider2603@example.com,9969961315,Female,38,Delhi,2024-07-30,UPI
2604,Harry,Garner,rider2604@example.com,9255232280,Male,46,Delhi,2024-04-04,UPI
2605,Christopher,Lewis,rider2605@example.com,9588377435,Male,23,Mumbai,2024-07-05,UPI
2606,Denise,Kennedy,rider2606@example.com,9404762539,Male,54,Hyderabad,2024-02-27,Card
2607,Olivia,Kerr,rider2607@example.com,9501115255,Male,18,Pune,2025-01-05,Cash
2608,Robert,Garcia,rider2608@example.com,9862778882,Male,18,Bangalore,2025-02-05,UPI
2609,Lindsay,Lopez,rider2609@example.com,9603174890,Female,44,Chennai,2025-02-10,Cash
2610,Kendra,Vaughan,rider2610@example.com,9304588097,Male,38,Mumbai,2025-06-05,Wallet
2611,Heather,Cox,rider2611@example.com,9186142293,Female,33,Bangalore,2025-04-07,Card
2612,Jamie,Torres,rider2612@example.com,9554592055,Male,61,Hyderabad,2025-07-21,Card
2613,Danielle,Davis,rider2613@example.com,9967577991,Male,57,Bangalore,2025-03-16,Cash
2614,Alexandra,Smith,rider2614@example.com,9137983045,Female,43,Delhi,2024-07-21,Wallet
2615,Robert,Arnold,rider2615@example.com,9762745116,Male,33,Delhi,2024-12-12,Cash
2616,Sharon,Atkins,rider2616@example.com,9089589701,Male,45,Mumbai,2024-12-07,Wallet
2617,Cheryl,Rivera,rider2617@example.com,9522133689,Male,18,Hyderabad,2025-05-15,Wallet
2618,Benjamin,Figueroa,rider2618@example.com,9600834761,Male,53,Hyderabad,2024-07-17,UPI
2619,Hector,Ward,rider2619@example.com,9289899307,Female,27,Bangalore,2024-02-07,Wallet
2620,Vincent,Maxwell,rider2620@example.com,9461139979,Male,60,Mumbai,2025-08-23,Cash
2621,Stephanie,Rice,rider2621@example.com,9927156033,Female,34,Hyderabad,2025-09-30,Cash
2622,Courtney,Watson,rider2622@example.com,9878852858,Female,40,Pune,2024-11-27,Card
2623,Kimberly,Santos,rider2623@example.com,9986818439,Male,24,Pune,2024-03-17,Wallet
2624,Michael,Clark,rider2624@example.com,9763090073,Female,61,Delhi,2024-11-30,Wallet
2625,Adam,Cruz,rider2625@example.com,9794999445,Male,24,Bangalore,2025-02-01,Wallet
2626,Joe,Eaton,rider2626@example.com,9744410769,Female,61,Chennai,2024-12-19,Cash
2627,David,Anderson,rider2627@example.com,9262654347,Male,32,Delhi,2025-10-16,UPI
2628,Alyssa,Newton,rider2628@example.com,9591604359,Female,51,Mumbai,2025-10-22,Card
2629,Cody,Martinez,rider2629@example.com,9839859079,Male,63,Hyderabad,2025-09-16,UPI
2630,Michael,Willis,rider2630@example.com,9965857837,Male,62,Delhi,2024-03-30,Card
2631,Kathleen,Barr,rider2631@example.com,9568167843,Female,21,Chennai,2025-07-30,UPI
2632,Amber,Pena,rider2632@example.com,9407307177,Female,31,Chennai,2025-01-15,Wallet
2633,Jeffrey,Lee,rider2633@example.com,9613500788,Male,31,Pune,2024-09-02,Cash
2634,Kaylee,Bush,rider2634@example.com,9369223385,Male,33,Mumbai,2025-04-02,Card
2635,Donna,Schaefer,rider2635@example.com,9403369995,Female,24,Delhi,2025-05-25,Card
2636,Joshua,Jones,rider2636@example.com,9285023126,Female,49,Bangalore,2025-09-30,Card
2637,James,Payne,rider2637@example.com,9532735514,Female,36,Delhi,2025-05-30,Card
2638,Laura,Cooper,rider2638@example.com,9972490322,Female,19,Pune,2024-01-13,UPI
2639,Gina,Swanson,rider2639@example.com,9347714695,Female,27,Chennai,2024-02-16,Cash
2640,Tanya,Mayo,rider2640@example.com,9093555570,Female,34,Mumbai,2024-06-25,UPI
2641,Thomas,Harris,rider2641@example.com,9200617413,Male,54,Mumbai,2024-01-28,Card
2642,Gregory,Le,rider2642@example.com,9644594761,Male,29,Bangalore,2024-02-11,UPI
2643,Elizabeth,Williams,rider2643@example.com,9218939127,Female,23,Mumbai,2025-06-12,Wallet
2644,Bradley,Lee,rider2644@example.com,9065076122,Female,39,Pune,2024-12-05,Card
2645,Deanna,Pierce,rider2645@example.com,9283056446,Male,49,Pune,2025-02-24,Cash
2646,Justin,King,rider2646@example.com,9853045555,Male,58,Pune,2024-12-01,Card
2647,Ryan,Wiley,rider2647@example.com,9950263560,Female,37,Mumbai,2024-10-05,Card
2648,Matthew,Castaneda,rider2648@example.com,9777894332,Male,18,Mumbai,2025-04-14,Wallet
2649,Linda,Meadows,rider2649@example.com,9763990460,Male,64,Pune,2024-02-26,UPI
2650,Katherine,Hester,rider2650@example.com,9082369626,Male,23,Mumbai,2024-12-25,UPI
2651,Bradley,Jacobson,rider2651@example.com,9902220975,Male,36,Mumbai,2025-02-16,Wallet
2652,Joy,West,rider2652@example.com,9506179067,Male,35,Chennai,2024-07-05,UPI
2653,Sara,Love,rider2653@example.com,9015120039,Male,23,Delhi,2024-07-27,UPI
2654,Gregory,Bartlett,rider2654@example.com,9344907697,Male,62,Hyderabad,2024-12-08,UPI
2655,Kristen,Jones,rider2655@example.com,9216218333,Female,50,Mumbai,2024-05-16,Wallet
2656,Todd,Barnes,rider2656@example.com,9919296921,Male,40,Hyderabad,2025-06-24,Card
2657,Darren,Velazquez,rider2657@example.com,9053071226,Female,40,Hyderabad,2024-12-25,Card
2658,Patty,Gordon,rider2658@example.com,9008228377,Female,43,Chennai,2024-09-19,Wallet
2659,Jennifer,Johnson,rider2659@example.com,9427054985,Male,30,Mumbai,2025-02-28,Cash
2660,Brittany,Greene,rider2660@example.com,9788728206,Female,24,Pune,2025-07-12,Card
2661,Mark,Horton,rider2661@example.com,9322801269,Male,32,Hyderabad,2025-03-31,Wallet
2662,James,Anderson,rider2662@example.com,9804466589,Female,61,Mumbai,2024-02-15,Card
2663,Erica,Williams,rider2663@example.com,9524760960,Male,44,Bangalore,2025-04-12,UPI
2664,Mark,Knight,rider2664@example.com,9647245257,Female,43,Pune,2025-05-03,Card
2665,Kimberly,Bauer,rider2665@example.com,9378747788,Female,50,Bangalore,2025-07-20,Wallet
2666,Mark,Benson,rider2666@example.com,9407094657,Male,32,Bangalore,2024-02-09,UPI
2667,Corey,Yang,rider2667@example.com,9770612988,Male,53,Hyderabad,2024-02-28,Card
2668,Joan,Sanders,rider2668@example.com,9972842680,Female,62,Bangalore,2024-10-18,Wallet
2669,Molly,Cohen,rider2669@example.com,9928261641,Female,44,Chennai,2024-10-30,UPI
2670,Nicholas,Berg,rider2670@example.com,9700537186,Male,22,Chennai,2025-02-11,Card
2671,Jeffrey,Mata,rider2671@example.com,9056688031,Female,19,Hyderabad,2024-07-26,Card
2672,Thomas,Martin,rider2672@example.com,9664795127,Male,50,Mumbai,2025-05-11,Cash
2673,Todd,Christensen,rider2673@example.com,9983124285,Female,33,Delhi,2025-05-10,Wallet
2674,Pamela,Cruz,rider2674@example.com,9354160199,Male,40,Mumbai,2024-03-21,Wallet
2675,Dustin,Chan,rider2675@example.com,9198480870,Female,55,Mumbai,2025-04-18,Card
2676,Sarah,Morales,rider2676@example.com,9170867152,Male,33,Mumbai,2025-04-14,Wallet
2677,Spencer,Nelson,rider2677@example.com,9077107404,Male,31,Mumbai,2024-04-20,Card
2678,Paul,White,rider2678@example.com,9336895796,Male,46,Pune,2025-09-29,UPI
2679,Derek,Moore,rider2679@example.com,9724610511,Male,43,Delhi,2024-12-16,Cash
2680,Jennifer,Robinson,rider2680@example.com,9090070178,Male,52,Pune,2025-06-08,UPI
2681,Crystal,Horton,rider2681@example.com,9502050254,Male,32,Bangalore,2025-04-27,Cash
2682,Theresa,Suarez,rider2682@example.com,9972392010,Female,20,Mumbai,2024-04-22,UPI
2683,James,Gibbs,rider2683@example.com,9297599747,Male,40,Chennai,2024-03-26,Wallet
2684,David,Gibson,rider2684@example.com,9539659744,Male,46,Hyderabad,2025-06-06,Wallet
2685,Heather,Zimmerman,rider2685@example.com,9252694204,Male,51,Hyderabad,2024-06-29,Cash
2686,Brian,Warren,rider2686@example.com,9164153740,Male,50,Pune,2025-08-16,UPI
2687,Derek,Turner,rider2687@example.com,9513379376,Male,58,Pune,2025-05-31,Cash
2688,Melissa,Robinson,rider2688@example.com,9699768160,Male,58,Chennai,2024-01-21,Wallet
2689,Stephen,Erickson,rider2689@example.com,9855717490,Male,40,Mumbai,2025-06-24,Wallet
2690,George,Arnold,rider2690@example.com,9584968814,Male,24,Delhi,2024-07-01,UPI
2691,Matthew,Jackson,rider2691@example.com,9499080358,Female,20,Bangalore,2024-02-13,UPI
2692,Olivia,Williams,rider2692@example.com,9624057445,Female,49,Hyderabad,2025-04-21,Cash
2693,Cassandra,Allen,rider2693@example.com,9099986324,Male,48,Bangalore,2025-01-21,UPI
2694,Kristine,Williams,rider2694@example.com,9535279111,Male,35,Delhi,2024-02-22,Wallet
2695,Dana,Hernandez,rider2695@example.com,9108518466,Female,60,Pune,2024-11-01,UPI
2696,Cheryl,Stephenson,rider2696@example.com,9898593213,Male,24,Hyderabad,2024-08-29,UPI
2697,George,Ho,rider2697@example.com,9596183073,Female,58,Bangalore,2024-11-30,Wallet
2698,Tara,Nelson,rider2698@example.com,9480022642,Male,18,Pune,2025-01-14,Cash
2699,Melissa,Gibbs,rider2699@example.com,9597205548,Female,31,Delhi,2024-09-03,UPI
2700,Christopher,Day,rider2700@example.com,9298781921,Female,49,Bangalore,2024-06-20,Wallet
2701,Melody,Wright,rider2701@example.com,9474984746,Female,23,Mumbai,2024-03-10,UPI
2702,Tracy,Colon,rider2702@example.com,9042937178,Female,56,Pune,2025-01-19,Card
2703,Wendy,Nichols,rider2703@example.com,9472146172,Male,27,Delhi,2025-04-28,Card
2704,Brittany,Smith,rider2704@example.com,9758045292,Male,24,Bangalore,2024-06-02,Card
2705,Mary,Bailey,rider2705@example.com,9676988979,Female,43,Mumbai,2024-12-06,Wallet
2706,Joshua,Jacobs,rider2706@example.com,9887754458,Female,51,Mumbai,2024-01-31,UPI
2707,Jessica,Wood,rider2707@example.com,9474134019,Male,47,Delhi,2025-07-31,Card
2708,Jill,Miller,rider2708@example.com,9293605962,Male,53,Chennai,2024-06-13,UPI
2709,John,Thornton,rider2709@example.com,9751934638,Male,38,Hyderabad,2024-11-12,UPI
2710,Mark,Dunn,rider2710@example.com,9901248447,Male,34,Delhi,2024-09-13,UPI
2711,Bethany,Bowen,rider2711@example.com,9936561156,Female,50,Mumbai,2024-04-11,Cash
2712,Patricia,Ortiz,rider2712@example.com,9862230706,Male,27,Mumbai,2025-09-15,UPI
2713,Brittany,Carr,rider2713@example.com,9594805316,Male,64,Delhi,2025-07-27,Card
2714,Edward,Nguyen,rider2714@example.com,9022743303,Male,59,Chennai,2025-01-05,UPI
2715,Ashley,Brown,rider2715@example.com,9727186244,Male,29,Hyderabad,2025-09-03,Card
2716,Adam,Cabrera,rider2716@example.com,9756311213,Male,33,Bangalore,2025-05-10,Wallet
2717,Tina,Holloway,rider2717@example.com,9807828780,Female,58,Delhi,2024-10-08,UPI
2718,Billy,Robinson,rider2718@example.com,9661545985,Female,49,Hyderabad,2024-08-03,Card
2719,Thomas,Sanford,rider2719@example.com,9866356541,Female,32,Hyderabad,2024-10-06,Card
2720,Kayla,Thompson,rider2720@example.com,9802882521,Male,44,Pune,2025-04-27,UPI
2721,Arthur,Bonilla,rider2721@example.com,9288669059,Female,45,Mumbai,2024-07-01,Wallet
2722,Amanda,Medina,rider2722@example.com,9469984288,Female,34,Bangalore,2024-02-23,Wallet
2723,Timothy,Irwin,rider2723@example.com,9284705203,Female,63,Delhi,2024-09-07,Card
2724,Lauren,Osborne,rider2724@example.com,9132988712,Male,19,Mumbai,2024-12-02,Card
2725,Lori,Deleon,rider2725@example.com,9320366864,Male,53,Pune,2025-08-26,Cash
2726,Shaun,Rodriguez,rider2726@example.com,9277862685,Male,24,Pune,2024-04-30,Card
2727,John,Reese,rider2727@example.com,9272876032,Male,30,Mumbai,2025-06-22,UPI
2728,Angela,Reyes,rider2728@example.com,9087783471,Male,32,Chennai,2025-10-18,Card
2729,Alexander,Valdez,rider2729@example.com,9062833455,Male,42,Hyderabad,2025-09-30,Cash
2730,Jessica,Berg,rider2730@example.com,9735623277,Male,40,Delhi,2024-02-17,Card
2731,Stephanie,Walters,rider2731@example.com,9004535859,Female,39,Delhi,2024-11-07,Card
2732,David,Pierce,rider2732@example.com,9730273228,Male,43,Delhi,2024-07-08,UPI
2733,Kenneth,Montoya,rider2733@example.com,9570424025,Male,50,Mumbai,2025-07-19,Wallet
2734,Deborah,Walker,rider2734@example.com,9554689397,Female,28,Chennai,2024-08-07,Card
2735,Christopher,Adams,rider2735@example.com,9704116788,Female,27,Bangalore,2025-01-05,Card
2736,Timothy,Perkins,rider2736@example.com,9159646738,Female,42,Pune,2024-01-07,Card
2737,Kevin,Morton,rider2737@example.com,9656904484,Other,54,Mumbai,2024-05-15,UPI
2738,Jacqueline,Mullins,rider2738@example.com,9673322912,Female,60,Bangalore,2025-01-12,Wallet
2739,Michaela,Moore,rider2739@example.com,9489558770,Female,55,Pune,2024-07-23,Card
2740,Julie,Hall,rider2740@example.com,9062394599,Male,58,Pune,2025-02-20,Wallet
2741,Andrew,Barber,rider2741@example.com,9426407608,Male,62,Chennai,2024-11-06,UPI
2742,Shawn,Richardson,rider2742@example.com,9953012033,Male,41,Hyderabad,2025-01-31,UPI
2743,Kelsey,Barrera,rider2743@example.com,9980138716,Male,57,Delhi,2024-11-26,UPI
2744,Morgan,Davis,rider2744@example.com,9283356890,Male,63,Bangalore,2025-06-01,Cash
2745,Richard,White,rider2745@example.com,9581080153,Female,50,Mumbai,2024-05-11,Card
2746,Kristy,Lopez,rider2746@example.com,9374356702,Female,34,Bangalore,2025-08-25,Card
2747,Mitchell,Huffman,rider2747@example.com,9772871565,Female,41,Hyderabad,2025-05-24,UPI
2748,Steven,Lopez,rider2748@example.com,9969579457,Male,54,Delhi,2024-06-13,UPI
2749,Cynthia,Henry,rider2749@example.com,9595995505,Female,19,Bangalore,2024-01-06,Wallet
2750,Michelle,Blair,rider2750@example.com,9536291714,Female,49,Hyderabad,2024-10-01,Cash
2751,Chad,Holland,rider2751@example.com,9854183952,Male,41,Mumbai,2024-06-05,Cash
2752,Patricia,Smith,rider2752@example.com,9525207882,Female,26,Chennai,2024-08-20,Cash
2753,Mason,Martin,rider2753@example.com,9165119214,Male,21,Pune,2025-07-15,Card
2754,Antonio,Thompson,rider2754@example.com,9574452030,Male,34,Mumbai,2025-08-09,Wallet
2755,Ronald,Long,rider2755@example.com,9276947308,Female,34,Delhi,2025-09-28,Card
2756,Joseph,Franklin,rider2756@example.com,9824035321,Male,47,Pune,2024-01-02,Card
2757,Sophia,Jones,rider2757@example.com,9244029363,Male,57,Mumbai,2025-03-16,UPI
2758,Amy,Jones,rider2758@example.com,9409412180,Female,28,Mumbai,2025-07-22,Card
2759,Laura,Sanchez,rider2759@example.com,9525795990,Female,38,Mumbai,2025-05-01,Card
2760,Kristin,Stout,rider2760@example.com,9047941232,Male,38,Mumbai,2024-03-11,Card
2761,Christopher,Waller,rider2761@example.com,9546018911,Male,35,Pune,2024-12-20,UPI
2762,Nicole,Garcia,rider2762@example.com,9343485713,Male,46,Delhi,2024-06-09,UPI
2763,Jill,Rose,rider2763@example.com,9399627686,Female,41,Hyderabad,2024-11-25,Card
2764,Brian,Acosta,rider2764@example.com,9127342112,Male,27,Bangalore,2024-02-11,Wallet
2765,Sierra,Morton,rider2765@example.com,9029138130,Male,62,Chennai,2025-10-28,Card
2766,Emily,Morrison,rider2766@example.com,9149480298,Female,34,Bangalore,2025-04-21,Wallet
2767,Pamela,Gray,rider2767@example.com,9908881966,Female,35,Bangalore,2024-03-04,UPI
2768,Daniel,Smith,rider2768@example.com,9452319199,Male,59,Chennai,2025-09-08,UPI
2769,Michael,Serrano,rider2769@example.com,9082133568,Male,37,Pune,2025-08-23,Wallet
2770,Christine,Hines,rider2770@example.com,9317236670,Female,54,Delhi,2024-12-14,UPI
2771,Michael,Newman,rider2771@example.com,9417103891,Male,62,Chennai,2025-04-14,UPI
2772,Gregory,Williams,rider2772@example.com,9918740501,Male,35,Delhi,2024-09-06,UPI
2773,Angelica,Wright,rider2773@example.com,9332034495,Female,34,Pune,2025-10-14,Wallet
2774,Carl,Miller,rider2774@example.com,9607148765,Male,26,Bangalore,2024-02-27,Cash
2775,Jenna,Thomas,rider2775@example.com,9077525723,Female,31,Delhi,2024-03-05,Cash
2776,Jamie,Burton,rider2776@example.com,9163160378,Male,46,Pune,2024-03-31,Card
2777,Tina,Smith,rider2777@example.com,9110570399,Male,48,Pune,2025-07-02,Card
2778,John,Burch,rider2778@example.com,9630667005,Male,21,Hyderabad,2024-02-20,UPI
2779,Daniel,Rosario,rider2779@example.com,9994696693,Male,35,Chennai,2025-01-15,Wallet
2780,Timothy,Rodriguez,rider2780@example.com,9233700715,Male,37,Hyderabad,2024-10-18,UPI
2781,Sheila,Fitzgerald,rider2781@example.com,9800971408,Male,64,Bangalore,2025-10-07,Card
2782,Betty,Morgan,rider2782@example.com,9633234306,Female,60,Chennai,2024-06-08,Card
2783,Susan,Zimmerman,rider2783@example.com,9587448883,Other,61,Bangalore,2024-06-24,UPI
2784,Jason,Harris,rider2784@example.com,9923759097,Female,26,Hyderabad,2024-07-30,Cash
2785,Julie,Castillo,rider2785@example.com,9228582585,Female,30,Pune,2025-06-19,Card
2786,Jeremiah,Hart,rider2786@example.com,9455139196,Male,32,Bangalore,2025-04-14,UPI
2787,Michael,Wallace,rider2787@example.com,9034823678,Female,44,Chennai,2025-05-07,UPI
2788,Joseph,Martin,rider2788@example.com,9838736932,Male,32,Chennai,2024-08-01,Cash
2789,Erin,Rivera,rider2789@example.com,9380043647,Female,45,Bangalore,2024-07-01,UPI
2790,Joshua,Moore,rider2790@example.com,9584664867,Other,54,Chennai,2024-02-20,UPI
2791,Bryan,Brown,rider2791@example.com,9416371206,Female,36,Pune,2024-05-16,UPI
2792,Michael,Holt,rider2792@example.com,9317552977,Other,43,Pune,2025-06-05,UPI
2793,Todd,Burton,rider2793@example.com,9601458408,Female,43,Chennai,2025-01-26,Card
2794,Alisha,Martinez,rider2794@example.com,9114415728,Male,42,Bangalore,2024-04-14,Wallet
2795,David,Bryan,rider2795@example.com,9143611686,Male,43,Hyderabad,2024-04-20,Card
2796,Jennifer,Garcia,rider2796@example.com,9114603611,Female,43,Chennai,2024-11-08,Card
2797,Erika,Phillips,rider2797@example.com,9892605554,Male,63,Chennai,2024-09-29,UPI
2798,Amanda,Hunt,rider2798@example.com,9654268368,Female,45,Chennai,2024-12-24,Wallet
2799,Kelly,Copeland,rider2799@example.com,9437714034,Other,35,Chennai,2025-10-07,UPI
2800,Christine,Thomas,rider2800@example.com,9454595660,Male,49,Bangalore,2024-05-19,UPI
2801,Lauren,Barr,rider2801@example.com,9030119622,Female,20,Hyderabad,2024-07-25,UPI
2802,Sierra,Johnson,rider2802@example.com,9723869742,Female,19,Hyderabad,2024-06-27,UPI
2803,Lisa,Simmons,rider2803@example.com,9173683850,Female,50,Delhi,2024-03-22,Wallet
2804,Shelley,Hernandez,rider2804@example.com,9957093409,Female,59,Chennai,2024-04-16,Cash
2805,Cameron,Rios,rider2805@example.com,9916508113,Female,36,Chennai,2025-04-04,Card
2806,Patricia,Perez,rider2806@example.com,9640348484,Female,34,Delhi,2025-07-07,Cash
2807,Stephen,Koch,rider2807@example.com,9377006279,Female,61,Hyderabad,2025-04-11,Cash
2808,Christopher,Cruz,rider2808@example.com,9595142954,Male,50,Mumbai,2024-01-28,Wallet
2809,Rachael,Henson,rider2809@example.com,9496695421,Male,29,Pune,2025-07-13,UPI
2810,Keith,Carson,rider2810@example.com,9756275280,Female,20,Mumbai,2024-08-07,UPI
2811,Sue,Rodriguez,rider2811@example.com,9016173447,Male,60,Hyderabad,2024-03-02,UPI
2812,Daniel,Jackson,rider2812@example.com,9945923516,Female,43,Chennai,2024-06-15,Wallet
2813,Joshua,Rodriguez,rider2813@example.com,9383264897,Female,52,Mumbai,2024-08-26,Cash
2814,Heidi,Garcia,rider2814@example.com,9100170781,Male,25,Bangalore,2024-12-09,Card
2815,Tyler,Sosa,rider2815@example.com,9294576130,Female,53,Bangalore,2025-03-29,Card
2816,Nancy,Howard,rider2816@example.com,9494841423,Female,24,Delhi,2024-06-23,UPI
2817,Abigail,Gilbert,rider2817@example.com,9552833728,Male,63,Hyderabad,2025-10-24,Card
2818,Courtney,Wilson,rider2818@example.com,9756798130,Male,63,Hyderabad,2024-01-22,UPI
2819,Kelly,Mclean,rider2819@example.com,9265647711,Male,53,Mumbai,2024-09-28,Wallet
2820,Tara,Gillespie,rider2820@example.com,9588218708,Male,33,Chennai,2024-10-30,Card
2821,Amber,Huang,rider2821@example.com,9941079116,Female,41,Hyderabad,2025-05-15,Card
2822,David,Munoz,rider2822@example.com,9114644611,Male,18,Mumbai,2024-06-16,Wallet
2823,Michael,Thompson,rider2823@example.com,9983097542,Female,42,Mumbai,2024-11-05,Cash
2824,Scott,Moreno,rider2824@example.com,9473885237,Male,27,Pune,2025-06-22,UPI
2825,Deanna,Greene,rider2825@example.com,9748770078,Male,33,Pune,2024-04-04,UPI
2826,Kelly,Shelton,rider2826@example.com,9812532512,Female,33,Hyderabad,2024-01-09,Wallet
2827,Bryan,Hernandez,rider2827@example.com,9180822679,Female,25,Mumbai,2025-07-09,UPI
2828,Monica,Contreras,rider2828@example.com,9909666028,Male,46,Delhi,2025-10-19,Wallet
2829,Jesse,Turner,rider2829@example.com,9653839571,Male,56,Delhi,2024-03-29,UPI
2830,Stacey,Roth,rider2830@example.com,9646821003,Male,45,Pune,2025-07-05,Card
2831,Deanna,Bailey,rider2831@example.com,9709070378,Male,23,Hyderabad,2024-09-06,UPI
2832,Robert,Garcia,rider2832@example.com,9088669320,Female,33,Chennai,2025-02-26,Cash
2833,Matthew,Hendricks,rider2833@example.com,9709834849,Male,37,Delhi,2025-03-07,Card
2834,Debbie,Stanley,rider2834@example.com,9267487629,Male,33,Delhi,2025-01-24,Card
2835,Mark,Cantu,rider2835@example.com,9650744565,Male,24,Pune,2024-06-22,Wallet
2836,Brittney,Cochran,rider2836@example.com,9726765419,Female,58,Pune,2025-06-27,Card
2837,Heidi,Dawson,rider2837@example.com,9828179477,Other,31,Hyderabad,2024-01-16,Card
2838,Meagan,Jones,rider2838@example.com,9950034522,Male,60,Pune,2024-02-14,UPI
2839,Sean,Smith,rider2839@example.com,9026269303,Female,43,Bangalore,2025-08-26,UPI
2840,Kevin,Fitzpatrick,rider2840@example.com,9264525733,Male,43,Mumbai,2024-10-24,UPI
2841,David,Hernandez,rider2841@example.com,9090740635,Male,31,Delhi,2024-03-28,UPI
2842,Kristina,Rios,rider2842@example.com,9168522476,Female,24,Bangalore,2025-08-28,UPI
2843,George,Flores,rider2843@example.com,9751258379,Female,50,Chennai,2025-07-09,Wallet
2844,Jordan,Myers,rider2844@example.com,9900536693,Female,43,Bangalore,2024-08-10,Card
2845,Todd,Griffith,rider2845@example.com,9327633422,Female,62,Hyderabad,2024-01-30,UPI
2846,Tara,Floyd,rider2846@example.com,9856283723,Male,37,Chennai,2024-11-04,UPI
2847,Kayla,Mendoza,rider2847@example.com,9722593103,Female,20,Chennai,2024-04-23,Cash
2848,Brandon,Jones,rider2848@example.com,9370089423,Male,21,Pune,2025-01-19,Wallet
2849,Michael,Lane,rider2849@example.com,9403704333,Female,43,Bangalore,2025-07-03,Cash
2850,Stephen,Moyer,rider2850@example.com,9318838456,Male,28,Hyderabad,2024-09-21,UPI
2851,Garrett,Ramirez,rider2851@example.com,9125780473,Female,19,Delhi,2024-01-21,Cash
2852,Sandra,Davis,rider2852@example.com,9719851769,Male,31,Pune,2025-04-02,UPI
2853,Jennifer,Cooley,rider2853@example.com,9680645544,Male,61,Bangalore,2024-04-26,UPI
2854,Justin,White,rider2854@example.com,9215783792,Female,47,Delhi,2024-05-24,Wallet
2855,Teresa,Cruz,rider2855@example.com,9640532739,Male,29,Bangalore,2024-05-06,Wallet
2856,Mary,Flores,rider2856@example.com,9688593428,Male,43,Pune,2024-07-06,Cash
2857,Heather,Coleman,rider2857@example.com,9839039799,Male,61,Delhi,2025-08-14,Card
2858,Elizabeth,Steele,rider2858@example.com,9783315032,Male,50,Pune,2024-01-25,Card
2859,Eric,Gutierrez,rider2859@example.com,9198596551,Male,30,Bangalore,2025-02-18,UPI
2860,John,Leon,rider2860@example.com,9025066686,Male,31,Chennai,2024-06-14,Wallet
2861,Blake,Cook,rider2861@example.com,9067347671,Female,41,Mumbai,2024-07-17,Card
2862,Leslie,Pham,rider2862@example.com,9499863289,Male,51,Chennai,2024-10-03,Card
2863,David,Valdez,rider2863@example.com,9591038524,Female,61,Pune,2025-01-03,UPI
2864,Jorge,Sanchez,rider2864@example.com,9276221559,Female,43,Pune,2024-02-11,Cash
2865,Jack,Barnes,rider2865@example.com,9637439639,Male,38,Pune,2024-07-06,UPI
2866,Anna,Crawford,rider2866@example.com,9949594038,Female,45,Delhi,2024-04-02,Cash
2867,Austin,Ferguson,rider2867@example.com,9955465653,Male,53,Hyderabad,2024-05-14,Wallet
2868,Logan,Patel,rider2868@example.com,9170873002,Female,57,Pune,2025-08-14,Card
2869,Maurice,Underwood,rider2869@example.com,9102736632,Male,19,Chennai,2024-12-18,Wallet
2870,Nathan,Cruz,rider2870@example.com,9567322348,Male,59,Mumbai,2025-02-26,Wallet
2871,Amber,Carpenter,rider2871@example.com,9749391660,Female,26,Pune,2025-06-20,Card
2872,Francisco,Fisher,rider2872@example.com,9191090488,Female,40,Pune,2025-06-15,Wallet
2873,Kevin,Lane,rider2873@example.com,9660732644,Female,32,Pune,2025-10-23,Wallet
2874,Samantha,Steele,rider2874@example.com,9789378595,Male,30,Delhi,2025-06-07,UPI
2875,Richard,Goodman,rider2875@example.com,9417609093,Female,40,Pune,2024-08-28,UPI
2876,Victor,Warner,rider2876@example.com,9716458104,Male,34,Chennai,2024-12-30,Cash
2877,Dustin,Young,rider2877@example.com,9573466944,Male,19,Bangalore,2024-11-20,Wallet
2878,Stephen,Smith,rider2878@example.com,9733878052,Male,37,Hyderabad,2025-09-02,UPI
2879,Luke,Mcknight,rider2879@example.com,9890566518,Female,37,Pune,2024-12-02,UPI
2880,Adam,Smith,rider2880@example.com,9378477198,Male,63,Delhi,2024-09-17,UPI
2881,Joanna,Grant,rider2881@example.com,9883743450,Male,20,Chennai,2024-05-01,Cash
2882,Theresa,Rosario,rider2882@example.com,9968593806,Female,29,Pune,2024-08-02,UPI
2883,Mark,Mccall,rider2883@example.com,9250230899,Male,57,Delhi,2024-05-27,Wallet
2884,Janice,Brown,rider2884@example.com,9646924343,Male,19,Bangalore,2025-08-22,Card
2885,Thomas,Bailey,rider2885@example.com,9548695212,Male,53,Mumbai,2025-06-05,UPI
2886,Keith,Allison,rider2886@example.com,9156038710,Female,31,Pune,2024-02-10,UPI
2887,Sherry,Delacruz,rider2887@example.com,9880354694,Male,33,Chennai,2025-10-25,Card
2888,Tina,Fuentes,rider2888@example.com,9660490376,Male,36,Delhi,2024-12-20,Card
2889,Audrey,Phillips,rider2889@example.com,9474769116,Female,51,Delhi,2025-05-28,UPI
2890,Dylan,Thomas,rider2890@example.com,9122150396,Female,61,Pune,2025-10-30,Card
2891,Annette,Castaneda,rider2891@example.com,9558681900,Male,63,Delhi,2025-10-13,Card
2892,Rebecca,Bonilla,rider2892@example.com,9415893335,Female,23,Mumbai,2024-03-08,Cash
2893,Scott,Durham,rider2893@example.com,9286601385,Female,30,Delhi,2025-03-15,Card
2894,Hannah,Sanchez,rider2894@example.com,9500295738,Female,53,Hyderabad,2024-06-28,UPI
2895,Jessica,Carey,rider2895@example.com,9010124571,Male,39,Hyderabad,2025-06-30,Wallet
2896,Rachel,Brown,rider2896@example.com,9815806194,Female,35,Delhi,2025-09-05,Wallet
2897,Donald,Taylor,rider2897@example.com,9999136505,Female,29,Pune,2024-02-08,UPI
2898,Andrea,Hayden,rider2898@example.com,9519193968,Male,47,Hyderabad,2025-10-28,Wallet
2899,Kyle,Padilla,rider2899@example.com,9718671708,Male,57,Chennai,2024-05-27,Cash
2900,Richard,Bennett,rider2900@example.com,9049293285,Male,24,Hyderabad,2025-07-20,UPI
2901,Mary,Johnson,rider2901@example.com,9071961293,Male,49,Delhi,2025-06-17,Cash
2902,Sean,Hanna,rider2902@example.com,9321349522,Female,36,Pune,2024-08-26,Cash
2903,Christopher,Watson,rider2903@example.com,9094003717,Male,23,Bangalore,2025-07-15,UPI
2904,Brian,Miles,rider2904@example.com,9758856274,Male,37,Pune,2025-07-19,UPI
2905,Danielle,Bates,rider2905@example.com,9806611262,Female,44,Pune,2024-04-28,UPI
2906,Brandy,Jones,rider2906@example.com,9030695165,Male,60,Pune,2025-01-31,UPI
2907,Jeffrey,Monroe,rider2907@example.com,9712118601,Female,54,Chennai,2025-06-23,UPI
2908,Shari,Harrell,rider2908@example.com,9811239933,Male,24,Mumbai,2025-04-12,UPI
2909,Joshua,Johnson,rider2909@example.com,9025598792,Male,22,Delhi,2025-09-03,UPI
2910,Andrew,Diaz,rider2910@example.com,9062314596,Male,28,Mumbai,2024-01-20,Card
2911,Amanda,Miller,rider2911@example.com,9889109619,Male,32,Bangalore,2025-04-13,Cash
2912,Sean,Jones,rider2912@example.com,9680450521,Male,20,Mumbai,2025-09-25,UPI
2913,Emily,Carroll,rider2913@example.com,9120360816,Female,22,Delhi,2025-01-12,Wallet
2914,Christopher,Cervantes,rider2914@example.com,9418044608,Female,40,Delhi,2025-01-12,Card
2915,William,Hernandez,rider2915@example.com,9197140834,Male,54,Bangalore,2024-05-06,Cash
2916,James,White,rider2916@example.com,9695449506,Female,26,Delhi,2025-10-22,Cash
2917,Louis,Manning,rider2917@example.com,9095806274,Female,32,Bangalore,2025-08-12,Wallet
2918,Cassie,Adkins,rider2918@example.com,9566983985,Female,20,Bangalore,2024-11-25,UPI
2919,Sherry,Hale,rider2919@example.com,9907429414,Male,46,Delhi,2024-07-26,UPI
2920,Rebekah,Evans,rider2920@example.com,9290495776,Male,23,Hyderabad,2024-11-24,UPI
2921,Michael,Jenkins,rider2921@example.com,9253847669,Male,34,Bangalore,2024-03-02,UPI
2922,Earl,Rogers,rider2922@example.com,9195301647,Female,43,Delhi,2024-06-05,Wallet
2923,Melissa,Harrington,rider2923@example.com,9286174685,Female,38,Hyderabad,2024-05-27,Cash
2924,Mike,Dominguez,rider2924@example.com,9902629761,Male,25,Bangalore,2024-12-18,Cash
2925,Nathan,Mitchell,rider2925@example.com,9166286603,Male,38,Hyderabad,2024-01-02,Wallet
2926,Justin,Moore,rider2926@example.com,9498246896,Female,28,Chennai,2025-09-06,Card
2927,Michael,Ibarra,rider2927@example.com,9701656277,Female,55,Pune,2024-05-15,Wallet
2928,Tiffany,Johnson,rider2928@example.com,9402157231,Other,25,Chennai,2024-03-29,UPI
2929,Nancy,Potter,rider2929@example.com,9252423525,Female,59,Hyderabad,2025-04-24,Cash
2930,Christopher,Gordon,rider2930@example.com,9600858949,Male,41,Bangalore,2025-09-06,UPI
2931,Jessica,Smith,rider2931@example.com,9617215052,Female,52,Delhi,2025-07-18,Wallet
2932,Sean,Wall,rider2932@example.com,9053531318,Female,31,Mumbai,2024-08-05,Card
2933,Victoria,Frazier,rider2933@example.com,9456059934,Male,31,Delhi,2024-01-16,Wallet
2934,Linda,Liu,rider2934@example.com,9232210912,Female,27,Mumbai,2025-01-27,UPI
2935,Keith,Spencer,rider2935@example.com,9944314140,Female,29,Mumbai,2025-09-05,Cash
2936,Linda,Gallegos,rider2936@example.com,9878343779,Male,55,Bangalore,2025-06-02,Card
2937,Tara,Ellison,rider2937@example.com,9824021168,Female,61,Hyderabad,2025-07-20,Wallet
2938,Rodney,Shaw,rider2938@example.com,9231379981,Female,63,Delhi,2025-07-29,UPI
2939,Peggy,Fletcher,rider2939@example.com,9810096242,Female,51,Hyderabad,2025-10-04,Wallet
2940,Donald,Henderson,rider2940@example.com,9657896355,Male,58,Chennai,2024-09-07,UPI
2941,Brenda,Moore,rider2941@example.com,9877452634,Male,27,Bangalore,2025-09-22,UPI
2942,Christopher,Dudley,rider2942@example.com,9888237254,Female,34,Bangalore,2024-09-22,Card
2943,Jared,Boyd,rider2943@example.com,9422535117,Male,34,Chennai,2024-03-09,UPI
2944,Thomas,Spence,rider2944@example.com,9882805034,Female,20,Delhi,2024-07-21,Cash
2945,Mikayla,Martinez,rider2945@example.com,9553882872,Female,48,Pune,2024-04-02,Card
2946,Valerie,Lewis,rider2946@example.com,9047676660,Male,18,Chennai,2024-04-16,UPI
2947,Carl,Montgomery,rider2947@example.com,9828874587,Male,29,Delhi,2025-09-26,UPI
2948,Susan,Robinson,rider2948@example.com,9120753136,Male,56,Mumbai,2025-06-13,Card
2949,Katelyn,White,rider2949@example.com,9859315262,Male,21,Bangalore,2025-10-04,UPI
2950,Christopher,Reese,rider2950@example.com,9107414430,Female,59,Delhi,2025-03-10,UPI
2951,Robert,Hansen,rider2951@example.com,9106144529,Female,30,Hyderabad,2024-04-27,UPI
2952,Robin,Skinner,rider2952@example.com,9964574433,Female,51,Hyderabad,2025-10-10,Cash
2953,Robert,Velasquez,rider2953@example.com,9199711533,Female,59,Bangalore,2025-04-09,UPI
2954,Angela,Mcdonald,rider2954@example.com,9349729697,Male,38,Chennai,2025-09-13,Cash
2955,Jennifer,Edwards,rider2955@example.com,9010034344,Female,39,Pune,2025-06-10,Card
2956,Karina,May,rider2956@example.com,9997585861,Female,21,Chennai,2024-05-30,UPI
2957,Derrick,Wilcox,rider2957@example.com,9888178602,Female,35,Delhi,2025-01-29,UPI
2958,Jacob,Martin,rider2958@example.com,9159927943,Female,22,Chennai,2024-04-28,Wallet
2959,Patrick,Pratt,rider2959@example.com,9763827490,Male,36,Bangalore,2024-07-24,Wallet
2960,Angela,Lucas,rider2960@example.com,9331222395,Female,19,Delhi,2025-04-05,Card
2961,Bobby,Lee,rider2961@example.com,9480704731,Male,29,Mumbai,2024-03-27,Wallet
2962,Margaret,Rodriguez,rider2962@example.com,9483687477,Male,34,Chennai,2025-05-02,Cash
2963,Mary,Miller,rider2963@example.com,9740703666,Male,27,Chennai,2025-09-26,Wallet
2964,Kevin,Morrison,rider2964@example.com,9560076228,Female,51,Pune,2025-09-26,Cash
2965,Anita,Bradford,rider2965@example.com,9212821938,Female,23,Delhi,2024-09-19,UPI
2966,Steven,Johnson,rider2966@example.com,9682784726,Female,25,Hyderabad,2025-10-27,Wallet
2967,Anthony,Campbell,rider2967@example.com,9439330459,Female,28,Chennai,2025-10-07,UPI
2968,Aaron,Weaver,rider2968@example.com,9692066604,Female,29,Bangalore,2024-01-23,UPI
2969,Jose,Jones,rider2969@example.com,9853123443,Female,26,Chennai,2025-02-07,Wallet
2970,Stephanie,Harper,rider2970@example.com,9584981184,Male,19,Pune,2025-09-08,Card
2971,Mary,Avila,rider2971@example.com,9651242106,Male,25,Mumbai,2025-10-09,Card
2972,Thomas,Parker,rider2972@example.com,9378170483,Male,28,Pune,2024-05-28,UPI
2973,Desiree,Arnold,rider2973@example.com,9648116595,Female,53,Chennai,2025-01-13,Card
2974,Patricia,Little,rider2974@example.com,9585942193,Female,27,Hyderabad,2025-09-18,Wallet
2975,Robert,Johnson,rider2975@example.com,9793136365,Male,38,Chennai,2024-04-04,Card
2976,Travis,Adams,rider2976@example.com,9972767687,Male,37,Delhi,2025-05-13,Card
2977,Gwendolyn,Davila,rider2977@example.com,9775935861,Female,25,Chennai,2024-06-08,Wallet
2978,John,Cunningham,rider2978@example.com,9341749195,Male,53,Hyderabad,2025-10-19,UPI
2979,David,Elliott,rider2979@example.com,9380884267,Female,46,Delhi,2024-04-23,Wallet
2980,Joshua,Tyler,rider2980@example.com,9233990761,Female,59,Bangalore,2025-08-15,UPI
2981,Virginia,Williams,rider2981@example.com,9500111391,Male,29,Delhi,2024-03-01,UPI
2982,Carl,Edwards,rider2982@example.com,9548044236,Male,31,Pune,2025-04-19,Card
2983,Julie,Harding,rider2983@example.com,9479214990,Female,38,Mumbai,2025-03-03,Cash
2984,Bianca,Smith,rider2984@example.com,9108616479,Female,39,Pune,2025-08-16,UPI
2985,Ariana,Kelly,rider2985@example.com,9049915738,Female,38,Delhi,2024-10-26,UPI
2986,Miranda,Campbell,rider2986@example.com,9067996736,Female,61,Bangalore,2024-06-27,Wallet
2987,Courtney,Sanders,rider2987@example.com,9720961023,Male,47,Chennai,2024-06-16,UPI
2988,Thomas,Lee,rider2988@example.com,9726432058,Male,56,Delhi,2024-02-16,Card
2989,Heather,Walton,rider2989@example.com,9699724597,Female,37,Pune,2024-06-21,Card
2990,David,Swanson,rider2990@example.com,9155793277,Female,41,Delhi,2024-03-14,Wallet
2991,William,Dickson,rider2991@example.com,9011549177,Male,40,Delhi,2024-01-02,Wallet
2992,Barbara,Park,rider2992@example.com,9326096856,Female,24,Delhi,2024-09-15,Card
2993,Megan,Davis,rider2993@example.com,9888861085,Female,26,Bangalore,2025-05-05,Cash
2994,Francisco,Russell,rider2994@example.com,9973586794,Male,18,Hyderabad,2025-10-10,Card
2995,Brian,Figueroa,rider2995@example.com,9336447026,Male,43,Hyderabad,2025-08-14,Wallet
2996,Luis,Garcia,rider2996@example.com,9327676596,Female,55,Delhi,2024-11-26,UPI
2997,Natalie,Aguirre,rider2997@example.com,9458766949,Male,55,Bangalore,2024-09-10,UPI
2998,Derek,Hernandez,rider2998@example.com,9471553474,Male,61,Bangalore,2024-12-31,UPI
2999,Frank,Matthews,rider2999@example.com,9502405377,Male,39,Delhi,2024-03-09,Wallet
3000,Joseph,Reyes,rider3000@example.com,9290848965,Female,61,Pune,2024-11-17,Wallet
